[2026-02-02 21:59:13] debug: 	z2m: Removing old log directory '/config/zigbee2mqtt/log/2025-10-21.22-45-39'
[2026-02-02 21:59:13] info: 	z2m: Logging to console, file (filename: log.log)
[2026-02-02 21:59:14] debug: 	z2m: Loaded state from file /config/zigbee2mqtt/state.json
[2026-02-02 21:59:14] info: 	z2m: Starting Zigbee2MQTT version 2.7.2 (commit #unknown)
[2026-02-02 21:59:14] info: 	z2m: Starting zigbee-herdsman (8.0.1)
[2026-02-02 21:59:14] debug: 	z2m: Using zigbee-herdsman with settings: '"{\"network\":{\"panID\":36961,\"extendedPanID\":[110,244,2,96,197,124,20,80],\"channelList\":[11],\"networkKey\":\"HIDDEN\"},\"databasePath\":\"/config/zigbee2mqtt/database.db\",\"databaseBackupPath\":\"/config/zigbee2mqtt/database.db.backup\",\"backupPath\":\"/config/zigbee2mqtt/coordinator_backup.json\",\"serialPort\":{\"path\":\"/dev/serial/by-id/usb-ITead_Sonoff_Zigbee_3.0_USB_Dongle_Plus_4a3cf6fa99dbed11a440e62d62c613ac-if00-port0\",\"adapter\":\"ember\"},\"adapter\":{\"disableLED\":false}}"'
[2026-02-02 21:59:14] debug: 	zh:adapter:discovery: Connected devices: [{"path":"/dev/ttyS0"},{"path":"/dev/ttyS1"},{"path":"/dev/ttyS2"},{"path":"/dev/ttyS3"},{"path":"/dev/ttyS4"},{"path":"/dev/ttyS5"},{"path":"/dev/ttyS6"},{"path":"/dev/ttyS7"},{"path":"/dev/ttyUSB0","manufacturer":"ITead","serialNumber":"4a3cf6fa99dbed11a440e62d62c613ac","pnpId":"usb-ITead_Sonoff_Zigbee_3.0_USB_Dongle_Plus_4a3cf6fa99dbed11a440e62d62c613ac-if00-port0","vendorId":"10c4","productId":"ea60"}]
[2026-02-02 21:59:14] debug: 	zh:adapter:discovery: Unable to match USB adapter: ember | /dev/serial/by-id/usb-ITead_Sonoff_Zigbee_3.0_USB_Dongle_Plus_4a3cf6fa99dbed11a440e62d62c613ac-if00-port0
[2026-02-02 21:59:15] info: 	zh:ember: Using default stack config.
[2026-02-02 21:59:15] debug: 	zh:controller: Starting with options '{"network":{"networkKeyDistribute":false,"networkKey":"HIDDEN","panID":36961,"extendedPanID":[110,244,2,96,197,124,20,80],"channelList":[11]},"serialPort":{"path":"/dev/serial/by-id/usb-ITead_Sonoff_Zigbee_3.0_USB_Dongle_Plus_4a3cf6fa99dbed11a440e62d62c613ac-if00-port0","adapter":"ember"},"adapter":{"disableLED":false},"databasePath":"/config/zigbee2mqtt/database.db","databaseBackupPath":"/config/zigbee2mqtt/database.db.backup","backupPath":"/config/zigbee2mqtt/coordinator_backup.json"}'
[2026-02-02 21:59:15] info: 	zh:ember: ======== Ember Adapter Starting ========
[2026-02-02 21:59:15] info: 	zh:ember:ezsp: ======== EZSP starting ========
[2026-02-02 21:59:15] info: 	zh:ember:uart:ash: ======== ASH Adapter reset ========
[2026-02-02 21:59:15] info: 	zh:ember:uart:ash: RTS/CTS config is off, enabling software flow control.
[2026-02-02 21:59:15] debug: 	zh:ember:uart:ash: Opening serial port with {"path":"/dev/serial/by-id/usb-ITead_Sonoff_Zigbee_3.0_USB_Dongle_Plus_4a3cf6fa99dbed11a440e62d62c613ac-if00-port0","baudRate":115200,"rtscts":false,"autoOpen":false,"parity":"none","stopBits":1,"xon":true,"xoff":true}
[2026-02-02 21:59:15] info: 	zh:ember:uart:ash: Serial port opened
[2026-02-02 21:59:15] info: 	zh:ember:uart:ash: ======== ASH starting ========
[2026-02-02 21:59:15] debug: 	zh:ember:uart:ash: ---> [FRAME type=RST]
[2026-02-02 21:59:15] debug: 	zh:ember:uart:ash: Waiting for RSTACK... 0/5000
[2026-02-02 21:59:15] debug: 	zh:ember:uart:ash: Waiting for RSTACK... 100/5000
[2026-02-02 21:59:15] debug: 	zh:ember:uart:ash: Waiting for RSTACK... 200/5000
[2026-02-02 21:59:15] debug: 	zh:ember:uart:ash: Waiting for RSTACK... 300/5000
[2026-02-02 21:59:15] debug: 	zh:ember:uart:ash: Waiting for RSTACK... 400/5000
[2026-02-02 21:59:15] debug: 	zh:ember:uart:ash: Waiting for RSTACK... 500/5000
[2026-02-02 21:59:15] debug: 	zh:ember:uart:ash: Waiting for RSTACK... 600/5000
[2026-02-02 21:59:15] debug: 	zh:ember:uart:ash: Waiting for RSTACK... 700/5000
[2026-02-02 21:59:16] debug: 	zh:ember:uart:ash: Waiting for RSTACK... 800/5000
[2026-02-02 21:59:16] debug: 	zh:ember:uart:ash: Waiting for RSTACK... 900/5000
[2026-02-02 21:59:16] debug: 	zh:ember:uart:ash: Waiting for RSTACK... 1000/5000
[2026-02-02 21:59:16] debug: 	zh:ember:uart:ash: <--- [FRAME type=RSTACK]
[2026-02-02 21:59:16] info: 	zh:ember:uart:ash: ======== ASH connected ========
[2026-02-02 21:59:16] debug: 	zh:ember:uart:ash: ---> [FRAME type=ACK frmRx=0](ackRx=0)
[2026-02-02 21:59:16] info: 	zh:ember:uart:ash: ======== ASH started ========
[2026-02-02 21:59:16] info: 	zh:ember:ezsp: ======== EZSP started ========
[2026-02-02 21:59:16] debug: 	zh:ember:ezsp: ===> [FRAME: ID=0:"VERSION" Seq=0 Len=4]
[2026-02-02 21:59:16] debug: 	zh:ember:uart:ash: ---> [FRAME type=DATA frmTx=0 frmRx=0](ackRx=0)
[2026-02-02 21:59:16] debug: 	zh:ember:uart:ash: <--- [FRAME type=DATA]
[2026-02-02 21:59:16] debug: 	zh:ember:uart:ash: <--- [FRAME type=DATA ackNum=1](ackRx=0 frmTx=1)
[2026-02-02 21:59:16] debug: 	zh:ember:uart:ash: <--- [FRAME type=DATA ackNum=1 frmNum=0](frmRx=0) Added to rxQueue
[2026-02-02 21:59:16] debug: 	zh:ember:uart:ash: ---> [FRAME type=ACK frmRx=1](ackRx=1)
[2026-02-02 21:59:16] debug: 	zh:ember:ezsp: <=== [FRAME: ID=0:"VERSION" Seq=0 Len=7]
[2026-02-02 21:59:16] debug: 	zh:ember:ezsp: ===> [FRAME: ID=0:"VERSION" Seq=1 Len=6]
[2026-02-02 21:59:16] debug: 	zh:ember:uart:ash: ---> [FRAME type=DATA frmTx=1 frmRx=1](ackRx=1)
[2026-02-02 21:59:16] debug: 	zh:ember:uart:ash: <--- [FRAME type=DATA]
[2026-02-02 21:59:16] debug: 	zh:ember:uart:ash: <--- [FRAME type=DATA ackNum=2](ackRx=1 frmTx=2)
[2026-02-02 21:59:16] debug: 	zh:ember:uart:ash: <--- [FRAME type=DATA ackNum=2 frmNum=1](frmRx=1) Added to rxQueue
[2026-02-02 21:59:16] debug: 	zh:ember:uart:ash: ---> [FRAME type=ACK frmRx=2](ackRx=2)
[2026-02-02 21:59:16] debug: 	zh:ember:ezsp: <=== [FRAME: ID=0:"VERSION" Seq=1 Len=9]
[2026-02-02 21:59:16] info: 	zh:ember: Adapter EZSP protocol version (13) lower than Host. Switched.
[2026-02-02 21:59:16] debug: 	zh:ember: Adapter info: EZSPVersion=13 StackType=2 StackVersion=29760
[2026-02-02 21:59:16] debug: 	zh:ember:ezsp: ===> [FRAME: ID=170:"GET_VALUE" Seq=2 Len=6]
[2026-02-02 21:59:16] debug: 	zh:ember:uart:ash: ---> [FRAME type=DATA frmTx=2 frmRx=2](ackRx=2)
[2026-02-02 21:59:16] debug: 	zh:ember:uart:ash: <--- [FRAME type=DATA]
[2026-02-02 21:59:16] debug: 	zh:ember:uart:ash: <--- [FRAME type=DATA ackNum=3](ackRx=2 frmTx=3)
[2026-02-02 21:59:16] debug: 	zh:ember:uart:ash: <--- [FRAME type=DATA ackNum=3 frmNum=2](frmRx=2) Added to rxQueue
[2026-02-02 21:59:16] debug: 	zh:ember:uart:ash: ---> [FRAME type=ACK frmRx=3](ackRx=3)
[2026-02-02 21:59:16] debug: 	zh:ember:ezsp: <=== [FRAME: ID=170:"GET_VALUE" Seq=2 Len=14]
[2026-02-02 21:59:16] info: 	zh:ember: Adapter version info: {"ezsp":13,"revision":"7.4.4 [GA]","build":0,"major":7,"minor":4,"patch":4,"special":0,"type":170}
[2026-02-02 21:59:16] debug: 	zh:ember:ezsp: ===> [FRAME: ID=83:"SET_CONFIGURATION_VALUE" Seq=3 Len=8]
[2026-02-02 21:59:16] debug: 	zh:ember:uart:ash: ---> [FRAME type=DATA frmTx=3 frmRx=3](ackRx=3)
[2026-02-02 21:59:16] debug: 	zh:ember:uart:ash: <--- [FRAME type=DATA]
[2026-02-02 21:59:16] debug: 	zh:ember:uart:ash: <--- [FRAME type=DATA ackNum=4](ackRx=3 frmTx=4)
[2026-02-02 21:59:16] debug: 	zh:ember:uart:ash: <--- [FRAME type=DATA ackNum=4 frmNum=3](frmRx=3) Added to rxQueue
[2026-02-02 21:59:16] debug: 	zh:ember:uart:ash: ---> [FRAME type=ACK frmRx=4](ackRx=4)
[2026-02-02 21:59:16] debug: 	zh:ember:ezsp: <=== [FRAME: ID=83:"SET_CONFIGURATION_VALUE" Seq=3 Len=6]
[2026-02-02 21:59:16] debug: 	zh:ember: [EzspConfigId] SET 'TRUST_CENTER_ADDRESS_CACHE_SIZE' TO '2' with status=OK.
[2026-02-02 21:59:16] debug: 	zh:ember:ezsp: ===> [FRAME: ID=83:"SET_CONFIGURATION_VALUE" Seq=4 Len=8]
[2026-02-02 21:59:16] debug: 	zh:ember:uart:ash: ---> [FRAME type=DATA frmTx=4 frmRx=4](ackRx=4)
[2026-02-02 21:59:16] debug: 	zh:ember:uart:ash: <--- [FRAME type=DATA]
[2026-02-02 21:59:16] debug: 	zh:ember:uart:ash: <--- [FRAME type=DATA ackNum=5](ackRx=4 frmTx=5)
[2026-02-02 21:59:16] debug: 	zh:ember:uart:ash: <--- [FRAME type=DATA ackNum=5 frmNum=4](frmRx=4) Added to rxQueue
[2026-02-02 21:59:16] debug: 	zh:ember:uart:ash: ---> [FRAME type=ACK frmRx=5](ackRx=5)
[2026-02-02 21:59:16] debug: 	zh:ember:ezsp: <=== [FRAME: ID=83:"SET_CONFIGURATION_VALUE" Seq=4 Len=6]
[2026-02-02 21:59:16] debug: 	zh:ember: [EzspConfigId] SET 'INDIRECT_TRANSMISSION_TIMEOUT' TO '7680' with status=OK.
[2026-02-02 21:59:16] debug: 	zh:ember:ezsp: ===> [FRAME: ID=83:"SET_CONFIGURATION_VALUE" Seq=5 Len=8]
[2026-02-02 21:59:16] debug: 	zh:ember:uart:ash: ---> [FRAME type=DATA frmTx=5 frmRx=5](ackRx=5)
[2026-02-02 21:59:16] debug: 	zh:ember:uart:ash: <--- [FRAME type=DATA]
[2026-02-02 21:59:16] debug: 	zh:ember:uart:ash: <--- [FRAME type=DATA ackNum=6](ackRx=5 frmTx=6)
[2026-02-02 21:59:16] debug: 	zh:ember:uart:ash: <--- [FRAME type=DATA ackNum=6 frmNum=5](frmRx=5) Added to rxQueue
[2026-02-02 21:59:16] debug: 	zh:ember:uart:ash: ---> [FRAME type=ACK frmRx=6](ackRx=6)
[2026-02-02 21:59:16] debug: 	zh:ember:ezsp: <=== [FRAME: ID=83:"SET_CONFIGURATION_VALUE" Seq=5 Len=6]
[2026-02-02 21:59:16] debug: 	zh:ember: [EzspConfigId] SET 'MAX_HOPS' TO '30' with status=OK.
[2026-02-02 21:59:16] debug: 	zh:ember:ezsp: ===> [FRAME: ID=83:"SET_CONFIGURATION_VALUE" Seq=6 Len=8]
[2026-02-02 21:59:16] debug: 	zh:ember:uart:ash: ---> [FRAME type=DATA frmTx=6 frmRx=6](ackRx=6)
[2026-02-02 21:59:16] debug: 	zh:ember:uart:ash: <--- [FRAME type=DATA]
[2026-02-02 21:59:16] debug: 	zh:ember:uart:ash: <--- [FRAME type=DATA ackNum=7](ackRx=6 frmTx=7)
[2026-02-02 21:59:16] debug: 	zh:ember:uart:ash: <--- [FRAME type=DATA ackNum=7 frmNum=6](frmRx=6) Added to rxQueue
[2026-02-02 21:59:16] debug: 	zh:ember:uart:ash: ---> [FRAME type=ACK frmRx=7](ackRx=7)
[2026-02-02 21:59:16] debug: 	zh:ember:ezsp: <=== [FRAME: ID=83:"SET_CONFIGURATION_VALUE" Seq=6 Len=6]
[2026-02-02 21:59:16] debug: 	zh:ember: [EzspConfigId] SET 'SUPPORTED_NETWORKS' TO '1' with status=OK.
[2026-02-02 21:59:16] debug: 	zh:ember:ezsp: ===> [FRAME: ID=85:"SET_POLICY" Seq=7 Len=7]
[2026-02-02 21:59:16] debug: 	zh:ember:uart:ash: ---> [FRAME type=DATA frmTx=7 frmRx=7](ackRx=7)
[2026-02-02 21:59:16] debug: 	zh:ember:uart:ash: <--- [FRAME type=DATA]
[2026-02-02 21:59:16] debug: 	zh:ember:uart:ash: <--- [FRAME type=DATA ackNum=0](ackRx=7 frmTx=0)
[2026-02-02 21:59:16] debug: 	zh:ember:uart:ash: <--- [FRAME type=DATA ackNum=0 frmNum=7](frmRx=7) Added to rxQueue
[2026-02-02 21:59:16] debug: 	zh:ember:uart:ash: ---> [FRAME type=ACK frmRx=0](ackRx=0)
[2026-02-02 21:59:16] debug: 	zh:ember:ezsp: <=== [FRAME: ID=85:"SET_POLICY" Seq=7 Len=6]
[2026-02-02 21:59:16] debug: 	zh:ember: [EzspPolicyId] SET 'BINDING_MODIFICATION_POLICY' TO '18' with status=OK.
[2026-02-02 21:59:16] debug: 	zh:ember:ezsp: ===> [FRAME: ID=85:"SET_POLICY" Seq=8 Len=7]
[2026-02-02 21:59:16] debug: 	zh:ember:uart:ash: ---> [FRAME type=DATA frmTx=0 frmRx=0](ackRx=0)
[2026-02-02 21:59:16] debug: 	zh:ember:uart:ash: <--- [FRAME type=DATA]
[2026-02-02 21:59:16] debug: 	zh:ember:uart:ash: <--- [FRAME type=DATA ackNum=1](ackRx=0 frmTx=1)
[2026-02-02 21:59:16] debug: 	zh:ember:uart:ash: <--- [FRAME type=DATA ackNum=1 frmNum=0](frmRx=0) Added to rxQueue
[2026-02-02 21:59:16] debug: 	zh:ember:uart:ash: ---> [FRAME type=ACK frmRx=1](ackRx=1)
[2026-02-02 21:59:16] debug: 	zh:ember:ezsp: <=== [FRAME: ID=85:"SET_POLICY" Seq=8 Len=6]
[2026-02-02 21:59:16] debug: 	zh:ember: [EzspPolicyId] SET 'MESSAGE_CONTENTS_IN_CALLBACK_POLICY' TO '64' with status=OK.
[2026-02-02 21:59:16] debug: 	zh:ember:ezsp: ===> [FRAME: ID=171:"SET_VALUE" Seq=9 Len=9]
[2026-02-02 21:59:16] debug: 	zh:ember:uart:ash: ---> [FRAME type=DATA frmTx=1 frmRx=1](ackRx=1)
[2026-02-02 21:59:16] debug: 	zh:ember:uart:ash: <--- [FRAME type=DATA]
[2026-02-02 21:59:16] debug: 	zh:ember:uart:ash: <--- [FRAME type=DATA ackNum=2](ackRx=1 frmTx=2)
[2026-02-02 21:59:16] debug: 	zh:ember:uart:ash: <--- [FRAME type=DATA ackNum=2 frmNum=1](frmRx=1) Added to rxQueue
[2026-02-02 21:59:16] debug: 	zh:ember:uart:ash: ---> [FRAME type=ACK frmRx=2](ackRx=2)
[2026-02-02 21:59:16] debug: 	zh:ember:ezsp: <=== [FRAME: ID=171:"SET_VALUE" Seq=9 Len=6]
[2026-02-02 21:59:16] debug: 	zh:ember: [EzspValueId] SET 'TRANSIENT_DEVICE_TIMEOUT' TO '16,39' with status=OK.
[2026-02-02 21:59:16] debug: 	zh:ember:ezsp: ===> [FRAME: ID=21:"SET_MANUFACTURER_CODE" Seq=10 Len=7]
[2026-02-02 21:59:16] debug: 	zh:ember:uart:ash: ---> [FRAME type=DATA frmTx=2 frmRx=2](ackRx=2)
[2026-02-02 21:59:16] debug: 	zh:ember:uart:ash: <--- [FRAME type=DATA]
[2026-02-02 21:59:16] debug: 	zh:ember:uart:ash: <--- [FRAME type=DATA ackNum=3](ackRx=2 frmTx=3)
[2026-02-02 21:59:16] debug: 	zh:ember:uart:ash: <--- [FRAME type=DATA ackNum=3 frmNum=2](frmRx=2) Added to rxQueue
[2026-02-02 21:59:16] debug: 	zh:ember:uart:ash: ---> [FRAME type=ACK frmRx=3](ackRx=3)
[2026-02-02 21:59:16] debug: 	zh:ember:ezsp: <=== [FRAME: ID=21:"SET_MANUFACTURER_CODE" Seq=10 Len=5]
[2026-02-02 21:59:16] debug: 	zh:ember:ezsp: ===> [FRAME: ID=83:"SET_CONFIGURATION_VALUE" Seq=11 Len=8]
[2026-02-02 21:59:16] debug: 	zh:ember:uart:ash: ---> [FRAME type=DATA frmTx=3 frmRx=3](ackRx=3)
[2026-02-02 21:59:16] debug: 	zh:ember:uart:ash: <--- [FRAME type=DATA]
[2026-02-02 21:59:16] debug: 	zh:ember:uart:ash: <--- [FRAME type=DATA ackNum=4](ackRx=3 frmTx=4)
[2026-02-02 21:59:16] debug: 	zh:ember:uart:ash: <--- [FRAME type=DATA ackNum=4 frmNum=3](frmRx=3) Added to rxQueue
[2026-02-02 21:59:16] debug: 	zh:ember:uart:ash: ---> [FRAME type=ACK frmRx=4](ackRx=4)
[2026-02-02 21:59:16] debug: 	zh:ember:ezsp: <=== [FRAME: ID=83:"SET_CONFIGURATION_VALUE" Seq=11 Len=6]
[2026-02-02 21:59:16] debug: 	zh:ember: [EzspConfigId] SET 'STACK_PROFILE' TO '2' with status=OK.
[2026-02-02 21:59:16] debug: 	zh:ember:ezsp: ===> [FRAME: ID=83:"SET_CONFIGURATION_VALUE" Seq=12 Len=8]
[2026-02-02 21:59:16] debug: 	zh:ember:uart:ash: ---> [FRAME type=DATA frmTx=4 frmRx=4](ackRx=4)
[2026-02-02 21:59:16] debug: 	zh:ember:uart:ash: <--- [FRAME type=DATA]
[2026-02-02 21:59:16] debug: 	zh:ember:uart:ash: <--- [FRAME type=DATA ackNum=5](ackRx=4 frmTx=5)
[2026-02-02 21:59:16] debug: 	zh:ember:uart:ash: <--- [FRAME type=DATA ackNum=5 frmNum=4](frmRx=4) Added to rxQueue
[2026-02-02 21:59:16] debug: 	zh:ember:uart:ash: ---> [FRAME type=ACK frmRx=5](ackRx=5)
[2026-02-02 21:59:16] debug: 	zh:ember:ezsp: <=== [FRAME: ID=83:"SET_CONFIGURATION_VALUE" Seq=12 Len=6]
[2026-02-02 21:59:16] debug: 	zh:ember: [EzspConfigId] SET 'SECURITY_LEVEL' TO '5' with status=OK.
[2026-02-02 21:59:16] debug: 	zh:ember:ezsp: ===> [FRAME: ID=83:"SET_CONFIGURATION_VALUE" Seq=13 Len=8]
[2026-02-02 21:59:16] debug: 	zh:ember:uart:ash: ---> [FRAME type=DATA frmTx=5 frmRx=5](ackRx=5)
[2026-02-02 21:59:16] debug: 	zh:ember:uart:ash: <--- [FRAME type=DATA]
[2026-02-02 21:59:16] debug: 	zh:ember:uart:ash: <--- [FRAME type=DATA ackNum=6](ackRx=5 frmTx=6)
[2026-02-02 21:59:16] debug: 	zh:ember:uart:ash: <--- [FRAME type=DATA ackNum=6 frmNum=5](frmRx=5) Added to rxQueue
[2026-02-02 21:59:16] debug: 	zh:ember:uart:ash: ---> [FRAME type=ACK frmRx=6](ackRx=6)
[2026-02-02 21:59:16] debug: 	zh:ember:ezsp: <=== [FRAME: ID=83:"SET_CONFIGURATION_VALUE" Seq=13 Len=6]
[2026-02-02 21:59:16] debug: 	zh:ember: [EzspConfigId] SET 'MAX_END_DEVICE_CHILDREN' TO '32' with status=OK.
[2026-02-02 21:59:16] debug: 	zh:ember:ezsp: ===> [FRAME: ID=83:"SET_CONFIGURATION_VALUE" Seq=14 Len=8]
[2026-02-02 21:59:16] debug: 	zh:ember:uart:ash: ---> [FRAME type=DATA frmTx=6 frmRx=6](ackRx=6)
[2026-02-02 21:59:16] debug: 	zh:ember:uart:ash: <--- [FRAME type=DATA]
[2026-02-02 21:59:16] debug: 	zh:ember:uart:ash: <--- [FRAME type=DATA ackNum=7](ackRx=6 frmTx=7)
[2026-02-02 21:59:16] debug: 	zh:ember:uart:ash: <--- [FRAME type=DATA ackNum=7 frmNum=6](frmRx=6) Added to rxQueue
[2026-02-02 21:59:16] debug: 	zh:ember:uart:ash: ---> [FRAME type=ACK frmRx=7](ackRx=7)
[2026-02-02 21:59:16] debug: 	zh:ember:ezsp: <=== [FRAME: ID=83:"SET_CONFIGURATION_VALUE" Seq=14 Len=6]
[2026-02-02 21:59:16] debug: 	zh:ember: [EzspConfigId] SET 'END_DEVICE_POLL_TIMEOUT' TO '8' with status=OK.
[2026-02-02 21:59:16] debug: 	zh:ember:ezsp: ===> [FRAME: ID=83:"SET_CONFIGURATION_VALUE" Seq=15 Len=8]
[2026-02-02 21:59:16] debug: 	zh:ember:uart:ash: ---> [FRAME type=DATA frmTx=7 frmRx=7](ackRx=7)
[2026-02-02 21:59:16] debug: 	zh:ember:uart:ash: <--- [FRAME type=DATA]
[2026-02-02 21:59:16] debug: 	zh:ember:uart:ash: <--- [FRAME type=DATA ackNum=0](ackRx=7 frmTx=0)
[2026-02-02 21:59:16] debug: 	zh:ember:uart:ash: <--- [FRAME type=DATA ackNum=0 frmNum=7](frmRx=7) Added to rxQueue
[2026-02-02 21:59:16] debug: 	zh:ember:uart:ash: ---> [FRAME type=ACK frmRx=0](ackRx=0)
[2026-02-02 21:59:16] debug: 	zh:ember:ezsp: <=== [FRAME: ID=83:"SET_CONFIGURATION_VALUE" Seq=15 Len=6]
[2026-02-02 21:59:16] debug: 	zh:ember: [EzspConfigId] SET 'TRANSIENT_KEY_TIMEOUT_S' TO '300' with status=OK.
[2026-02-02 21:59:16] debug: 	zh:ember:ezsp: ===> [FRAME: ID=171:"SET_VALUE" Seq=16 Len=8]
[2026-02-02 21:59:16] debug: 	zh:ember:uart:ash: ---> [FRAME type=DATA frmTx=0 frmRx=0](ackRx=0)
[2026-02-02 21:59:16] debug: 	zh:ember:uart:ash: <--- [FRAME type=DATA]
[2026-02-02 21:59:16] debug: 	zh:ember:uart:ash: <--- [FRAME type=DATA ackNum=1](ackRx=0 frmTx=1)
[2026-02-02 21:59:16] debug: 	zh:ember:uart:ash: <--- [FRAME type=DATA ackNum=1 frmNum=0](frmRx=0) Added to rxQueue
[2026-02-02 21:59:16] debug: 	zh:ember:uart:ash: ---> [FRAME type=ACK frmRx=1](ackRx=1)
[2026-02-02 21:59:16] debug: 	zh:ember:ezsp: <=== [FRAME: ID=171:"SET_VALUE" Seq=16 Len=6]
[2026-02-02 21:59:16] debug: 	zh:ember: [EzspValueId] SET 'CCA_THRESHOLD' TO '0' with status=OK.
[2026-02-02 21:59:16] debug: 	zh:ember:ezsp: ===> [FRAME: ID=3:"GET_EXTENDED_VALUE" Seq=17 Len=10]
[2026-02-02 21:59:16] debug: 	zh:ember:uart:ash: ---> [FRAME type=DATA frmTx=1 frmRx=1](ackRx=1)
[2026-02-02 21:59:16] debug: 	zh:ember:uart:ash: <--- [FRAME type=DATA]
[2026-02-02 21:59:16] debug: 	zh:ember:uart:ash: <--- [FRAME type=DATA ackNum=2](ackRx=1 frmTx=2)
[2026-02-02 21:59:16] debug: 	zh:ember:uart:ash: <--- [FRAME type=DATA ackNum=2 frmNum=1](frmRx=1) Added to rxQueue
[2026-02-02 21:59:16] debug: 	zh:ember:uart:ash: ---> [FRAME type=ACK frmRx=2](ackRx=2)
[2026-02-02 21:59:16] debug: 	zh:ember:ezsp: <=== [FRAME: ID=3:"GET_EXTENDED_VALUE" Seq=17 Len=9]
[2026-02-02 21:59:16] debug: 	zh:ember:ezsp: ===> [FRAME: ID=2:"ADD_ENDPOINT" Seq=18 Len=63]
[2026-02-02 21:59:16] debug: 	zh:ember:uart:ash: ---> [FRAME type=DATA frmTx=2 frmRx=2](ackRx=2)
[2026-02-02 21:59:16] debug: 	zh:ember:uart:ash: <--- [FRAME type=DATA]
[2026-02-02 21:59:16] debug: 	zh:ember:uart:ash: <--- [FRAME type=DATA ackNum=3](ackRx=2 frmTx=3)
[2026-02-02 21:59:16] debug: 	zh:ember:uart:ash: <--- [FRAME type=DATA ackNum=3 frmNum=2](frmRx=2) Added to rxQueue
[2026-02-02 21:59:16] debug: 	zh:ember:uart:ash: ---> [FRAME type=ACK frmRx=3](ackRx=3)
[2026-02-02 21:59:16] debug: 	zh:ember:ezsp: <=== [FRAME: ID=2:"ADD_ENDPOINT" Seq=18 Len=6]
[2026-02-02 21:59:16] debug: 	zh:ember: Registered endpoint '1'.
[2026-02-02 21:59:16] debug: 	zh:ember:ezsp: ===> [FRAME: ID=100:"SET_MULTICAST_TABLE_ENTRY" Seq=19 Len=10]
[2026-02-02 21:59:16] debug: 	zh:ember:uart:ash: ---> [FRAME type=DATA frmTx=3 frmRx=3](ackRx=3)
[2026-02-02 21:59:16] debug: 	zh:ember:uart:ash: <--- [FRAME type=DATA]
[2026-02-02 21:59:16] debug: 	zh:ember:uart:ash: <--- [FRAME type=DATA ackNum=4](ackRx=3 frmTx=4)
[2026-02-02 21:59:16] debug: 	zh:ember:uart:ash: <--- [FRAME type=DATA ackNum=4 frmNum=3](frmRx=3) Added to rxQueue
[2026-02-02 21:59:16] debug: 	zh:ember:uart:ash: ---> [FRAME type=ACK frmRx=4](ackRx=4)
[2026-02-02 21:59:16] debug: 	zh:ember:ezsp: <=== [FRAME: ID=100:"SET_MULTICAST_TABLE_ENTRY" Seq=19 Len=6]
[2026-02-02 21:59:16] debug: 	zh:ember: Registered multicast table entry (0): {"multicastId":0,"endpoint":1,"networkIndex":0}.
[2026-02-02 21:59:16] debug: 	zh:ember:ezsp: ===> [FRAME: ID=100:"SET_MULTICAST_TABLE_ENTRY" Seq=20 Len=10]
[2026-02-02 21:59:16] debug: 	zh:ember:uart:ash: ---> [FRAME type=DATA frmTx=4 frmRx=4](ackRx=4)
[2026-02-02 21:59:16] debug: 	zh:ember:uart:ash: <--- [FRAME type=DATA]
[2026-02-02 21:59:16] debug: 	zh:ember:uart:ash: <--- [FRAME type=DATA ackNum=5](ackRx=4 frmTx=5)
[2026-02-02 21:59:16] debug: 	zh:ember:uart:ash: <--- [FRAME type=DATA ackNum=5 frmNum=4](frmRx=4) Added to rxQueue
[2026-02-02 21:59:16] debug: 	zh:ember:uart:ash: ---> [FRAME type=ACK frmRx=5](ackRx=5)
[2026-02-02 21:59:16] debug: 	zh:ember:ezsp: <=== [FRAME: ID=100:"SET_MULTICAST_TABLE_ENTRY" Seq=20 Len=6]
[2026-02-02 21:59:16] debug: 	zh:ember: Registered multicast table entry (1): {"multicastId":901,"endpoint":1,"networkIndex":0}.
[2026-02-02 21:59:16] debug: 	zh:ember:ezsp: ===> [FRAME: ID=3:"GET_EXTENDED_VALUE" Seq=21 Len=10]
[2026-02-02 21:59:16] debug: 	zh:ember:uart:ash: ---> [FRAME type=DATA frmTx=5 frmRx=5](ackRx=5)
[2026-02-02 21:59:17] debug: 	zh:ember:uart:ash: <--- [FRAME type=DATA]
[2026-02-02 21:59:17] debug: 	zh:ember:uart:ash: <--- [FRAME type=DATA ackNum=6](ackRx=5 frmTx=6)
[2026-02-02 21:59:17] debug: 	zh:ember:uart:ash: <--- [FRAME type=DATA ackNum=6 frmNum=5](frmRx=5) Added to rxQueue
[2026-02-02 21:59:17] debug: 	zh:ember:uart:ash: ---> [FRAME type=ACK frmRx=6](ackRx=6)
[2026-02-02 21:59:17] debug: 	zh:ember:ezsp: <=== [FRAME: ID=3:"GET_EXTENDED_VALUE" Seq=21 Len=9]
[2026-02-02 21:59:17] debug: 	zh:ember:ezsp: ===> [FRAME: ID=2:"ADD_ENDPOINT" Seq=22 Len=17]
[2026-02-02 21:59:17] debug: 	zh:ember:uart:ash: ---> [FRAME type=DATA frmTx=6 frmRx=6](ackRx=6)
[2026-02-02 21:59:17] debug: 	zh:ember:uart:ash: <--- [FRAME type=DATA]
[2026-02-02 21:59:17] debug: 	zh:ember:uart:ash: <--- [FRAME type=DATA ackNum=7](ackRx=6 frmTx=7)
[2026-02-02 21:59:17] debug: 	zh:ember:uart:ash: <--- [FRAME type=DATA ackNum=7 frmNum=6](frmRx=6) Added to rxQueue
[2026-02-02 21:59:17] debug: 	zh:ember:uart:ash: ---> [FRAME type=ACK frmRx=7](ackRx=7)
[2026-02-02 21:59:17] debug: 	zh:ember:ezsp: <=== [FRAME: ID=2:"ADD_ENDPOINT" Seq=22 Len=6]
[2026-02-02 21:59:17] debug: 	zh:ember: Registered endpoint '242'.
[2026-02-02 21:59:17] debug: 	zh:ember:ezsp: ===> [FRAME: ID=100:"SET_MULTICAST_TABLE_ENTRY" Seq=23 Len=10]
[2026-02-02 21:59:17] debug: 	zh:ember:uart:ash: ---> [FRAME type=DATA frmTx=7 frmRx=7](ackRx=7)
[2026-02-02 21:59:17] debug: 	zh:ember:uart:ash: <--- [FRAME type=DATA]
[2026-02-02 21:59:17] debug: 	zh:ember:uart:ash: <--- [FRAME type=DATA ackNum=0](ackRx=7 frmTx=0)
[2026-02-02 21:59:17] debug: 	zh:ember:uart:ash: <--- [FRAME type=DATA ackNum=0 frmNum=7](frmRx=7) Added to rxQueue
[2026-02-02 21:59:17] debug: 	zh:ember:uart:ash: ---> [FRAME type=ACK frmRx=0](ackRx=0)
[2026-02-02 21:59:17] debug: 	zh:ember:ezsp: <=== [FRAME: ID=100:"SET_MULTICAST_TABLE_ENTRY" Seq=23 Len=6]
[2026-02-02 21:59:17] debug: 	zh:ember: Registered multicast table entry (2): {"multicastId":2948,"endpoint":242,"networkIndex":0}.
[2026-02-02 21:59:17] debug: 	zh:ember:ezsp: ===> [FRAME: ID=85:"SET_POLICY" Seq=24 Len=7]
[2026-02-02 21:59:17] debug: 	zh:ember:uart:ash: ---> [FRAME type=DATA frmTx=0 frmRx=0](ackRx=0)
[2026-02-02 21:59:17] debug: 	zh:ember:uart:ash: <--- [FRAME type=DATA]
[2026-02-02 21:59:17] debug: 	zh:ember:uart:ash: <--- [FRAME type=DATA ackNum=1](ackRx=0 frmTx=1)
[2026-02-02 21:59:17] debug: 	zh:ember:uart:ash: <--- [FRAME type=DATA ackNum=1 frmNum=0](frmRx=0) Added to rxQueue
[2026-02-02 21:59:17] debug: 	zh:ember:uart:ash: ---> [FRAME type=ACK frmRx=1](ackRx=1)
[2026-02-02 21:59:17] debug: 	zh:ember:ezsp: <=== [FRAME: ID=85:"SET_POLICY" Seq=24 Len=6]
[2026-02-02 21:59:17] debug: 	zh:ember: [EzspPolicyId] SET 'TC_KEY_REQUEST_POLICY' TO '81' with status=OK.
[2026-02-02 21:59:17] debug: 	zh:ember:ezsp: ===> [FRAME: ID=85:"SET_POLICY" Seq=25 Len=7]
[2026-02-02 21:59:17] debug: 	zh:ember:uart:ash: ---> [FRAME type=DATA frmTx=1 frmRx=1](ackRx=1)
[2026-02-02 21:59:17] debug: 	zh:ember:uart:ash: <--- [FRAME type=DATA]
[2026-02-02 21:59:17] debug: 	zh:ember:uart:ash: <--- [FRAME type=DATA ackNum=2](ackRx=1 frmTx=2)
[2026-02-02 21:59:17] debug: 	zh:ember:uart:ash: <--- [FRAME type=DATA ackNum=2 frmNum=1](frmRx=1) Added to rxQueue
[2026-02-02 21:59:17] debug: 	zh:ember:uart:ash: ---> [FRAME type=ACK frmRx=2](ackRx=2)
[2026-02-02 21:59:17] debug: 	zh:ember:ezsp: <=== [FRAME: ID=85:"SET_POLICY" Seq=25 Len=6]
[2026-02-02 21:59:17] debug: 	zh:ember: [EzspPolicyId] SET 'APP_KEY_REQUEST_POLICY' TO '96' with status=OK.
[2026-02-02 21:59:17] debug: 	zh:ember:ezsp: ===> [FRAME: ID=85:"SET_POLICY" Seq=26 Len=7]
[2026-02-02 21:59:17] debug: 	zh:ember:uart:ash: ---> [FRAME type=DATA frmTx=2 frmRx=2](ackRx=2)
[2026-02-02 21:59:17] debug: 	zh:ember:uart:ash: <--- [FRAME type=DATA]
[2026-02-02 21:59:17] debug: 	zh:ember:uart:ash: <--- [FRAME type=DATA ackNum=3](ackRx=2 frmTx=3)
[2026-02-02 21:59:17] debug: 	zh:ember:uart:ash: <--- [FRAME type=DATA ackNum=3 frmNum=2](frmRx=2) Added to rxQueue
[2026-02-02 21:59:17] debug: 	zh:ember:uart:ash: ---> [FRAME type=ACK frmRx=3](ackRx=3)
[2026-02-02 21:59:17] debug: 	zh:ember:ezsp: <=== [FRAME: ID=85:"SET_POLICY" Seq=26 Len=6]
[2026-02-02 21:59:17] debug: 	zh:ember: [EzspPolicyId] SET 'TRUST_CENTER_POLICY' TO '3' with status=OK.
[2026-02-02 21:59:17] debug: 	zh:ember:ezsp: ===> [FRAME: ID=23:"NETWORK_INIT" Seq=27 Len=7]
[2026-02-02 21:59:17] debug: 	zh:ember:uart:ash: ---> [FRAME type=DATA frmTx=3 frmRx=3](ackRx=3)
[2026-02-02 21:59:17] debug: 	zh:ember:uart:ash: <--- [FRAME type=DATA]
[2026-02-02 21:59:17] debug: 	zh:ember:uart:ash: <--- [FRAME type=DATA ackNum=4](ackRx=3 frmTx=4)
[2026-02-02 21:59:17] debug: 	zh:ember:uart:ash: <--- [FRAME type=DATA ackNum=4 frmNum=3](frmRx=3) Added to rxQueue
[2026-02-02 21:59:17] debug: 	zh:ember:uart:ash: ---> [FRAME type=ACK frmRx=4](ackRx=4)
[2026-02-02 21:59:17] debug: 	zh:ember:uart:ash: <--- [FRAME type=DATA]
[2026-02-02 21:59:17] debug: 	zh:ember:uart:ash: <--- [FRAME type=DATA ackNum=4](ackRx=4 frmTx=4)
[2026-02-02 21:59:17] debug: 	zh:ember:uart:ash: <--- [FRAME type=DATA ackNum=4 frmNum=4](frmRx=4) Added to rxQueue
[2026-02-02 21:59:17] debug: 	zh:ember:uart:ash: ---> [FRAME type=ACK frmRx=5](ackRx=4)
[2026-02-02 21:59:17] debug: 	zh:ember:ezsp: <=== [FRAME: ID=23:"NETWORK_INIT" Seq=27 Len=6]
[2026-02-02 21:59:17] debug: 	zh:ember: [INIT TC] Network init status=OK.
[2026-02-02 21:59:17] debug: 	zh:ember:ezsp: <=== [CBFRAME: ID=25:"STACK_STATUS_HANDLER" Seq=27 Len=6]
[2026-02-02 21:59:17] debug: 	zh:ember:ezsp: ezspStackStatusHandler: status=NETWORK_UP
[2026-02-02 21:59:17] info: 	zh:ember: [STACK STATUS] Network up.
[2026-02-02 21:59:17] debug: 	zh:ember:ezsp: ===> [FRAME: ID=40:"GET_NETWORK_PARAMETERS" Seq=28 Len=5]
[2026-02-02 21:59:17] debug: 	zh:ember:uart:ash: ---> [FRAME type=DATA frmTx=4 frmRx=5](ackRx=4)
[2026-02-02 21:59:17] debug: 	zh:ember:uart:ash: <--- [FRAME type=DATA]
[2026-02-02 21:59:17] debug: 	zh:ember:uart:ash: <--- [FRAME type=DATA ackNum=5](ackRx=4 frmTx=5)
[2026-02-02 21:59:17] debug: 	zh:ember:uart:ash: <--- [FRAME type=DATA ackNum=5 frmNum=5](frmRx=5) Added to rxQueue
[2026-02-02 21:59:17] debug: 	zh:ember:uart:ash: ---> [FRAME type=ACK frmRx=6](ackRx=5)
[2026-02-02 21:59:17] debug: 	zh:ember:ezsp: <=== [FRAME: ID=40:"GET_NETWORK_PARAMETERS" Seq=28 Len=27]
[2026-02-02 21:59:17] debug: 	zh:ember: [INIT TC] Current adapter network: nodeType=COORDINATOR params={"extendedPanId":[110,244,2,96,197,124,20,80],"panId":36961,"radioTxPower":5,"radioChannel":11,"joinMethod":0,"nwkManagerId":0,"nwkUpdateId":0,"channels":134215680}
[2026-02-02 21:59:17] debug: 	zh:ember:ezsp: ===> [FRAME: ID=276:"EXPORT_KEY" Seq=29 Len=23]
[2026-02-02 21:59:17] debug: 	zh:ember:uart:ash: ---> [FRAME type=DATA frmTx=5 frmRx=6](ackRx=5)
[2026-02-02 21:59:17] debug: 	zh:ember:uart:ash: <--- [FRAME type=DATA]
[2026-02-02 21:59:17] debug: 	zh:ember:uart:ash: <--- [FRAME type=DATA ackNum=6](ackRx=5 frmTx=6)
[2026-02-02 21:59:17] debug: 	zh:ember:uart:ash: <--- [FRAME type=DATA ackNum=6 frmNum=6](frmRx=6) Added to rxQueue
[2026-02-02 21:59:17] debug: 	zh:ember:uart:ash: ---> [FRAME type=ACK frmRx=7](ackRx=6)
[2026-02-02 21:59:17] debug: 	zh:ember:ezsp: <=== [FRAME: ID=276:"EXPORT_KEY" Seq=29 Len=25]
[2026-02-02 21:59:17] info: 	zh:ember: [INIT TC] Adapter network matches config.
[2026-02-02 21:59:17] debug: 	zh:ember:ezsp: ===> [FRAME: ID=16:"SET_CONCENTRATOR" Seq=30 Len=15]
[2026-02-02 21:59:17] debug: 	zh:ember:uart:ash: ---> [FRAME type=DATA frmTx=6 frmRx=7](ackRx=6)
[2026-02-02 21:59:17] debug: 	zh:ember:uart:ash: <--- [FRAME type=DATA]
[2026-02-02 21:59:17] debug: 	zh:ember:uart:ash: <--- [FRAME type=DATA ackNum=7](ackRx=6 frmTx=7)
[2026-02-02 21:59:17] debug: 	zh:ember:uart:ash: <--- [FRAME type=DATA ackNum=7 frmNum=7](frmRx=7) Added to rxQueue
[2026-02-02 21:59:17] debug: 	zh:ember:uart:ash: ---> [FRAME type=ACK frmRx=0](ackRx=7)
[2026-02-02 21:59:17] debug: 	zh:ember:ezsp: <=== [FRAME: ID=16:"SET_CONCENTRATOR" Seq=30 Len=6]
[2026-02-02 21:59:17] debug: 	zh:ember:ezsp: ===> [FRAME: ID=90:"SET_SOURCE_ROUTE_DISCOVERY_MODE" Seq=31 Len=6]
[2026-02-02 21:59:17] debug: 	zh:ember:uart:ash: ---> [FRAME type=DATA frmTx=7 frmRx=0](ackRx=7)
[2026-02-02 21:59:17] debug: 	zh:ember:uart:ash: <--- [FRAME type=DATA]
[2026-02-02 21:59:17] debug: 	zh:ember:uart:ash: <--- [FRAME type=DATA ackNum=0](ackRx=7 frmTx=0)
[2026-02-02 21:59:17] debug: 	zh:ember:uart:ash: <--- [FRAME type=DATA ackNum=0 frmNum=0](frmRx=0) Added to rxQueue
[2026-02-02 21:59:17] debug: 	zh:ember:uart:ash: ---> [FRAME type=ACK frmRx=1](ackRx=0)
[2026-02-02 21:59:17] debug: 	zh:ember:ezsp: <=== [FRAME: ID=90:"SET_SOURCE_ROUTE_DISCOVERY_MODE" Seq=31 Len=9]
[2026-02-02 21:59:17] info: 	zh:ember: [CONCENTRATOR] Started source route discovery. 1243ms until next broadcast.
[2026-02-02 21:59:17] debug: 	zh:ember:ezsp: ===> [FRAME: ID=40:"GET_NETWORK_PARAMETERS" Seq=32 Len=5]
[2026-02-02 21:59:17] debug: 	zh:ember:uart:ash: ---> [FRAME type=DATA frmTx=0 frmRx=1](ackRx=0)
[2026-02-02 21:59:17] debug: 	zh:ember:uart:ash: <--- [FRAME type=DATA]
[2026-02-02 21:59:17] debug: 	zh:ember:uart:ash: <--- [FRAME type=DATA ackNum=1](ackRx=0 frmTx=1)
[2026-02-02 21:59:17] debug: 	zh:ember:uart:ash: <--- [FRAME type=DATA ackNum=1 frmNum=1](frmRx=1) Added to rxQueue
[2026-02-02 21:59:17] debug: 	zh:ember:uart:ash: ---> [FRAME type=ACK frmRx=2](ackRx=1)
[2026-02-02 21:59:17] debug: 	zh:ember:ezsp: <=== [FRAME: ID=40:"GET_NETWORK_PARAMETERS" Seq=32 Len=27]
[2026-02-02 21:59:17] debug: 	zh:ember:ezsp: ===> [FRAME: ID=38:"GET_EUI64" Seq=33 Len=5]
[2026-02-02 21:59:17] debug: 	zh:ember:uart:ash: ---> [FRAME type=DATA frmTx=1 frmRx=2](ackRx=1)
[2026-02-02 21:59:17] debug: 	zh:ember:uart:ash: <--- [FRAME type=DATA]
[2026-02-02 21:59:17] debug: 	zh:ember:uart:ash: <--- [FRAME type=DATA ackNum=2](ackRx=1 frmTx=2)
[2026-02-02 21:59:17] debug: 	zh:ember:uart:ash: <--- [FRAME type=DATA ackNum=2 frmNum=2](frmRx=2) Added to rxQueue
[2026-02-02 21:59:17] debug: 	zh:ember:uart:ash: ---> [FRAME type=ACK frmRx=3](ackRx=2)
[2026-02-02 21:59:17] debug: 	zh:ember:ezsp: <=== [FRAME: ID=38:"GET_EUI64" Seq=33 Len=13]
[2026-02-02 21:59:17] debug: 	zh:ember: [INIT] Network Ready! {"eui64":"0x6c5cb1fffe9940a9","parameters":{"extendedPanId":[110,244,2,96,197,124,20,80],"panId":36961,"radioTxPower":5,"radioChannel":11,"joinMethod":0,"nwkManagerId":0,"nwkUpdateId":0,"channels":134215680}}
[2026-02-02 21:59:17] debug: 	zh:controller: Started with result 'resumed'
[2026-02-02 21:59:17] debug: 	zh:controller: Injected database: true, adapter: true
[2026-02-02 21:59:17] debug: 	zh:controller:device: Request Queue (0x6c5cb1fffe9940a9): default expiration timeout set to 0
[2026-02-02 21:59:17] debug: 	zh:controller:device: Request Queue (0x30fb10fffe4c12d6): default expiration timeout set to 43200000
[2026-02-02 21:59:17] debug: 	zh:controller:device: Request Queue (0x30fb10fffe4c1e7d): default expiration timeout set to 43200000
[2026-02-02 21:59:17] debug: 	zh:controller:device: Request Queue (0x842712fffedb8ddb): default expiration timeout set to 0
[2026-02-02 21:59:17] debug: 	zh:controller:device: Request Queue (0xa4c138247a1a948b): default expiration timeout set to 0
[2026-02-02 21:59:17] debug: 	zh:controller:device: Request Queue (0xd44867fffeff5bc8): default expiration timeout set to 43200000
[2026-02-02 21:59:17] debug: 	zh:controller:device: Request Queue (0x6cfd22fffe610d7c): default expiration timeout set to 43200000
[2026-02-02 21:59:17] debug: 	zh:controller:device: Request Queue (0x8c8b48fffe18b6d8): default expiration timeout set to 43200000
[2026-02-02 21:59:17] debug: 	zhc: Getting definitions for: ikea.js,86
[2026-02-02 21:59:17] debug: 	zhc: Getting definitions for: ikea.js,86
[2026-02-02 21:59:17] debug: 	zhc: Getting definitions for: ikea.js,69
[2026-02-02 21:59:17] debug: 	zhc: Getting definitions for: zemismart.js,14,zemismart.js,13,zemismart.js,7,tuya.js,443,tuya.js,435,tuya.js,342,tuya.js,341,tuya.js,340,tuya.js,312,tuya.js,254,tuya.js,253,tuya.js,252,tuya.js,187,tuya.js,186,tuya.js,185,tuya.js,183,tuya.js,182,tuya.js,116,tuya.js,115,tuya.js,78,tuya.js,77,tuya.js,39,tuya.js,38,nous.js,7,moes.js,11,moes.js,10,moes.js,9,mercator.js,10,mercator.js,7,mercator.js,6,mercator.js,0,makegood.js,1,makegood.js,0,lidl.js,8,lidl.js,1,lidl.js,0,lellki.js,7,lellki.js,6,lellki.js,5,lellki.js,4,lellki.js,0,immax.js,0,automaton.js,0
[2026-02-02 21:59:18] debug: 	zhc: Candidates for 0xa4c138247a1a948b/TS011F: ZMO-606-20A/Zemismart,ZMO-606-P2/Zemismart,ZIGBEE-B09-UK/Zemismart,TS011F_quad_power1/Tuya,SM-PW801EZ/Coswall,TS011F_5/Tuya,TS011F_4/Tuya,TS011F_1/Tuya,TS011F_with_threshold/Tuya,ATMS1601Z/Tuya,TS011F_din_smart_relay_polling/Tuya,TS011F_din_smart_relay/Tuya,TS011F_3_gang/Tuya,TS011F_switch_5_gang/Tuya,TS011F_plug_3/Tuya,TS011F_plug_2/Tuya,TS011F_plug_1/Tuya,TS011F_2_gang_power/Tuya,TS011F_2_gang_2_usb_wall/Tuya,TS011F_wall_outlet/Tuya,TS011F_socket_module/Tuya,ZN231392/Tuya,TS011F_2_gang_wall/Tuya,A11Z/Nous,MS-104BZ/Moes,MS-104Z/Moes,ZP-LZ-FR2U/Moes,SPPUSB02/Mercator Ikuü,SPP02GIP/Mercator Ikuü,SPP02G/Mercator Ikuü,SPP04G/Mercator Ikuü,MG-GPO01/MakeGood,MG-AUZG01/MakeGood,HG06338/Lidl,HG08673/Lidl,HG06337/Lidl,WP30-EU/LELLKI,WK34-EU/LELLKI,XF-EU-S100-1-M/LELLKI,CM001/LELLKI,WP33-EU/WP34-EU/LELLKI,07752L/Immax,AUT000069/AutomatOn
[2026-02-02 21:59:18] debug: 	zhc: Getting definitions for: ikea.js,93
[2026-02-02 21:59:18] debug: 	zhc: Getting definitions for: ikea.js,97
[2026-02-02 21:59:18] debug: 	zhc: Getting definitions for: ikea.js,93
[2026-02-02 21:59:18] info: 	z2m: zigbee-herdsman started (resumed)
[2026-02-02 21:59:18] info: 	z2m: Coordinator firmware version: '{"meta":{"build":0,"ezsp":13,"major":7,"minor":4,"patch":4,"revision":"7.4.4 [GA]","special":0,"type":170},"type":"EmberZNet"}'
[2026-02-02 21:59:18] debug: 	z2m: Zigbee network parameters: {"channel":11,"extendedPanID":"0x50147cc56002f46e","nwkUpdateID":0,"panID":36961}
[2026-02-02 21:59:18] info: 	z2m: IKEA Tradfri Switch 1 (0x30fb10fffe4c12d6): E2001/E2002 - IKEA STYRBAR remote control (EndDevice)
[2026-02-02 21:59:18] info: 	z2m: IKEA Tradfri Switch 2 (0x30fb10fffe4c1e7d): E2001/E2002 - IKEA STYRBAR remote control (EndDevice)
[2026-02-02 21:59:18] info: 	z2m: IKEA Tradfri Mittled Driver (0x842712fffedb8ddb): ICPSHC24-30EU-IL-1/ICPSHC24-10EU-IL-2 - IKEA TRADFRI LED driver, 30 w (Router)
[2026-02-02 21:59:18] info: 	z2m: Tuya Connected Outlet (0xa4c138247a1a948b): TS011F_plug_3 - Tuya Smart plug (with power monitoring by polling) (Router)
[2026-02-02 21:59:18] info: 	z2m: IKEA Rodret Switch 1 (0xd44867fffeff5bc8): E2201 - IKEA RODRET wireless dimmer/power switch (EndDevice)
[2026-02-02 21:59:18] info: 	z2m: IKEA Vallhorn Detector 1 (0x6cfd22fffe610d7c): E2134 - IKEA VALLHORN wireless motion sensor (EndDevice)
[2026-02-02 21:59:18] info: 	z2m: IKEA Rodret Switch 2 (0x8c8b48fffe18b6d8): E2201 - IKEA RODRET wireless dimmer/power switch (EndDevice)
[2026-02-02 21:59:18] info: 	z2m: Currently 7 devices are joined.
[2026-02-02 21:59:18] info: 	z2m: Connecting to MQTT server at mqtt://core-mosquitto:1883
[2026-02-02 21:59:18] debug: 	z2m: Using MQTT keepalive: 60
[2026-02-02 21:59:18] debug: 	z2m: Using MQTT login with username: mqtt
[2026-02-02 21:59:19] debug: 	zh:ember:uart:ash: <--- [FRAME type=DATA]
[2026-02-02 21:59:19] debug: 	zh:ember:uart:ash: <--- [FRAME type=DATA ackNum=2](ackRx=2 frmTx=2)
[2026-02-02 21:59:19] debug: 	zh:ember:uart:ash: <--- [FRAME type=DATA ackNum=2 frmNum=3](frmRx=3) Added to rxQueue
[2026-02-02 21:59:19] debug: 	zh:ember:uart:ash: ---> [FRAME type=ACK frmRx=4](ackRx=2)
[2026-02-02 21:59:19] debug: 	zh:ember:uart:ash: <--- [FRAME type=DATA]
[2026-02-02 21:59:19] debug: 	zh:ember:uart:ash: <--- [FRAME type=DATA ackNum=2](ackRx=2 frmTx=2)
[2026-02-02 21:59:19] debug: 	zh:ember:uart:ash: ---> [FRAME type=ACK frmRx=4](ackRx=2)
[2026-02-02 21:59:19] debug: 	zh:ember:uart:ash: <--- [FRAME type=DATA]
[2026-02-02 21:59:19] debug: 	zh:ember:uart:ash: <--- [FRAME type=DATA ackNum=2](ackRx=2 frmTx=2)
[2026-02-02 21:59:19] debug: 	zh:ember:uart:ash: <--- [FRAME type=DATA ackNum=2 frmNum=4](frmRx=4) Added to rxQueue
[2026-02-02 21:59:19] debug: 	zh:ember:uart:ash: ---> [FRAME type=ACK frmRx=5](ackRx=2)
[2026-02-02 21:59:19] debug: 	zh:ember:uart:ash: <--- [FRAME type=DATA]
[2026-02-02 21:59:19] debug: 	zh:ember:uart:ash: <--- [FRAME type=DATA ackNum=2](ackRx=2 frmTx=2)
[2026-02-02 21:59:19] debug: 	zh:ember:uart:ash: ---> [FRAME type=ACK frmRx=5](ackRx=2)
[2026-02-02 21:59:19] debug: 	zh:ember:uart:ash: <--- [FRAME type=DATA]
[2026-02-02 21:59:19] debug: 	zh:ember:uart:ash: <--- [FRAME type=DATA ackNum=2](ackRx=2 frmTx=2)
[2026-02-02 21:59:19] debug: 	zh:ember:uart:ash: ---> [FRAME type=ACK frmRx=5](ackRx=2)
[2026-02-02 21:59:19] debug: 	zh:ember:ezsp: <=== [CBFRAME: ID=63:"MESSAGE_SENT_HANDLER" Seq=33 Len=22]
[2026-02-02 21:59:19] debug: 	zh:ember:ezsp: ezspMessageSentHandler: status=OK type=BROADCAST indexOrDestination=65533 apsFrame={"profileId":0,"clusterId":0,"sourceEndpoint":0,"destinationEndpoint":0,"options":1024,"groupId":0,"sequence":87} messageTag=255
[2026-02-02 21:59:19] debug: 	zh:ember:ezsp: <=== [CBFRAME: ID=89:"INCOMING_ROUTE_RECORD_HANDLER" Seq=33 Len=22]
[2026-02-02 21:59:19] debug: 	zh:ember:ezsp: ezspIncomingRouteRecordHandler: source=10078 sourceEui=0x30fb10fffe4c12d6 lastHopLqi=148 lastHopRssi=-63 relayCount=2 relayList=40200,7447
[2026-02-02 21:59:19] debug: 	zh:ember:uart:ash: <--- [FRAME type=DATA]
[2026-02-02 21:59:19] debug: 	zh:ember:uart:ash: <--- [FRAME type=DATA ackNum=2](ackRx=2 frmTx=2)
[2026-02-02 21:59:19] debug: 	zh:ember:uart:ash: <--- [FRAME type=DATA ackNum=2 frmNum=5](frmRx=5) Added to rxQueue
[2026-02-02 21:59:19] debug: 	zh:ember:uart:ash: ---> [FRAME type=ACK frmRx=6](ackRx=2)
[2026-02-02 21:59:19] debug: 	zh:ember:ezsp: <=== [CBFRAME: ID=63:"MESSAGE_SENT_HANDLER" Seq=33 Len=22]
[2026-02-02 21:59:19] debug: 	zh:ember:ezsp: ezspMessageSentHandler: status=OK type=BROADCAST indexOrDestination=65533 apsFrame={"profileId":0,"clusterId":0,"sourceEndpoint":0,"destinationEndpoint":0,"options":1024,"groupId":0,"sequence":100} messageTag=255
[2026-02-02 21:59:19] info: 	z2m: Connected to MQTT server
[2026-02-02 21:59:19] info: 	z2m:mqtt: MQTT publish: topic 'zigbee2mqtt/bridge/state', payload '{"state":"online"}'
[2026-02-02 21:59:19] debug: 	zhc:modernextend: Polling 'measurement' for '0xa4c138247a1a948b' at an interval of 60
[2026-02-02 21:59:19] debug: 	z2m:mqtt: Received MQTT message on 'zigbee2mqtt/bridge/info' with data '{"commit":"unknown","config":{"advanced":{"cache_state":true,"cache_state_persistent":true,"cache_state_send_on_startup":true,"channel":11,"elapsed":false,"ext_pan_id":[110,244,2,96,197,124,20,80],"last_seen":"disable","log_console_json":false,"log_debug_namespace_ignore":"","log_debug_to_mqtt_frontend":false,"log_directories_to_keep":10,"log_directory":"/config/zigbee2mqtt/log/%TIMESTAMP%","log_file":"log.log","log_level":"debug","log_namespaced_levels":{},"log_output":["console","file"],"log_rotation":true,"log_symlink_current":false,"log_syslog":{},"output":"json","pan_id":36961,"timestamp_format":"YYYY-MM-DD HH:mm:ss"},"availability":{"active":{"backoff":true,"max_jitter":30000,"pause_on_backoff_gt":0,"timeout":10},"enabled":false,"passive":{"timeout":1500}},"blocklist":[],"device_options":{},"devices":{"0x30fb10fffe4c12d6":{"friendly_name":"IKEA Tradfri Switch 1","icon":"device_icons/f1504ae638f983567e4384447325f67a.png"},"0x30fb10fffe4c1e7d":{"friendly_name":"IKEA Tradfri Switch 2","icon":"device_icons/f1504ae638f983567e4384447325f67a.png"},"0x6cfd22fffe610d7c":{"friendly_name":"IKEA Vallhorn Detector 1","icon":"device_icons/27dc30501ab148ff5b7c68982359344c.png"},"0x842712fffedb8ddb":{"friendly_name":"IKEA Tradfri Mittled Driver","icon":"device_icons/411c97850db9a9d71a184c23fa36ca82.png"},"0x8c8b48fffe18b6d8":{"friendly_name":"IKEA Rodret Switch 2"},"0xa4c13800ab3b1cc6":{"friendly_name":"Paulmann Spring Bulb 29159"},"0xa4c138247a1a948b":{"friendly_name":"Tuya Connected Outlet","icon":"device_icons/08a9016bbc0657cf5f581ae9c19c31a5.png"},"0xd44867fffeff5bc8":{"friendly_name":"IKEA Rodret Switch 1","icon":"device_icons/36c972f318c6801ebb07c8b1dde874df.png"}},"frontend":{"base_url":"/","enabled":true,"package":"zigbee2mqtt-windfront","port":8099},"groups":{},"health":{"interval":10,"reset_on_check":false},"homeassistant":{"discovery_topic":"homeassistant","enabled":true,"experimental_event_entities":false,"legacy_action_sensor":false,"status_topic":"homeassistant/status"},"map_options":{"graphviz":{"colors":{"fill":{"coordinator":"#e04e5d","enddevice":"#fff8ce","router":"#4ea3e0"},"font":{"coordinator":"#ffffff","enddevice":"#000000","router":"#ffffff"},"line":{"active":"#009900","inactive":"#994444"}}}},"mqtt":{"base_topic":"zigbee2mqtt","force_disable_retain":false,"include_device_information":false,"keepalive":60,"maximum_packet_size":1048576,"reject_unauthorized":true,"server":"mqtt://core-mosquitto:1883","user":"mqtt","version":4},"ota":{"default_maximum_data_size":50,"disable_automatic_update_check":false,"image_block_response_delay":250,"update_check_interval":1440},"passlist":[],"serial":{"adapter":"ember","disable_led":false,"port":"/dev/serial/by-id/usb-ITead_Sonoff_Zigbee_3.0_USB_Dongle_Plus_4a3cf6fa99dbed11a440e62d62c613ac-if00-port0"},"version":4},"config_schema":{"definitions":{"device":{"properties":{"debounce":{"description":"Debounces messages of this device","requiresRestart":true,"title":"Debounce","type":"number"},"debounce_ignore":{"description":"Protects unique payload values of specified payload properties from overriding within debounce time","examples":["action"],"items":{"type":"string"},"title":"Ignore debounce","type":"array"},"disabled":{"description":"Disables the device (excludes device from network scans, availability and group state updates)","requiresRestart":true,"title":"Disabled","type":"boolean"},"filtered_attributes":{"description":"Filter attributes with regex from published payload.","examples":["^temperature$","^battery$","^action$"],"items":{"type":"string"},"title":"Filtered publish attributes","type":"array"},"filtered_cache":{"description":"Filter attributes with regex from being added to the cache, this prevents the attribute from being in the published payload when the value didn't change.","examples":["^input_actions$"],"items":{"type":"string"},"title":"Filtered attributes from cache","type":"array"},"filtered_optimistic":{"description":"Filter attributes with regex from optimistic publish payload when calling /set. (This has no effect if optimistic is set to false).","examples":["^color_(mode|temp)$","color"],"items":{"type":"string"},"title":"Filtered optimistic attributes","type":"array"},"friendly_name":{"description":"Used in the MQTT topic of a device. By default this is the device ID","readOnly":true,"title":"Friendly name","type":"string"},"homeassistant":{"properties":{"name":{"description":"Name of the device in Home Assistant","title":"Home Assistant name","type":["string","null"]}},"title":"Home Assistant","type":["object","null"]},"icon":{"description":"The user-defined device icon for the frontend. It can be a full URL link to an image (e.g. https://SOME.SITE/MODEL123.jpg) or a path to a local file inside the `device_icons` directory (e.g. device_icons/MODEL123.png).","title":"Icon","type":"string"},"optimistic":{"default":true,"description":"Publish optimistic state after set","title":"Optimistic","type":"boolean"},"qos":{"description":"QoS level for MQTT messages of this device","enum":[0,1,2],"title":"QoS","type":["number"]},"retain":{"description":"Retain MQTT messages of this device","title":"Retain","type":"boolean"},"retention":{"description":"Sets the MQTT Message Expiry in seconds, Make sure to set mqtt.version to 5","title":"Retention","type":"number"},"throttle":{"description":"The minimum time between payloads in seconds. Payloads received whilst the device is being throttled will be discarded","requiresRestart":true,"title":"Throttle","type":"number"}},"required":["friendly_name"],"type":"object"},"group":{"properties":{"filtered_attributes":{"items":{"type":"string"},"type":"array"},"friendly_name":{"type":"string"},"off_state":{"default":"all_members_off","description":"Control when to publish state OFF or CLOSE for a group. 'all_members_off': only publish state OFF/CLOSE when all group members are in state OFF/CLOSE,  'last_member_state': publish state OFF whenever one of its members changes to OFF","enum":["all_members_off","last_member_state"],"requiresRestart":true,"title":"Group off state","type":["string"]},"optimistic":{"type":"boolean"},"qos":{"description":"QoS level for MQTT messages of this group","enum":[0,1,2],"title":"QoS","type":["number"]},"retain":{"type":"boolean"}},"required":["friendly_name"],"type":"object"}},"properties":{"advanced":{"properties":{"adapter_concurrent":{"default":null,"description":"Adapter concurrency (e.g. 2 for CC2531 or 16 for CC26X2R1) (default: null, uses recommended value)","maximum":64,"minimum":1,"requiresRestart":true,"title":"Adapter concurrency","type":["number","null"]},"adapter_delay":{"default":null,"description":"Adapter delay","maximum":1000,"minimum":0,"requiresRestart":true,"title":"Adapter delay","type":["number","null"]},"cache_state":{"default":true,"description":"MQTT message payload will contain all attributes, not only changed ones. Has to be true when integrating via Home Assistant","title":"Cache state","type":"boolean"},"cache_state_persistent":{"default":true,"description":"Persist cached state, only used when cache_state: true","title":"Persist cache state","type":"boolean"},"cache_state_send_on_startup":{"default":true,"description":"Send cached state on startup, only used when cache_state: true","title":"Send cached state on startup","type":"boolean"},"channel":{"default":11,"description":"Zigbee channel, changing might require re-pairing some devices! (Note: use a ZLL channel: 11, 15, 20, or 25 to avoid problems)","examples":[15,20,25],"maximum":26,"minimum":11,"requiresRestart":true,"title":"Zigbee channel","type":"number"},"elapsed":{"default":false,"description":"Add an elapsed attribute to MQTT messages, contains milliseconds since the previous msg","title":"Elapsed","type":"boolean"},"ext_pan_id":{"default":[221,221,221,221,221,221,221,221],"description":"Zigbee extended pan ID, changing requires re-pairing all devices!","oneOf":[{"title":"Extended pan ID (string)","type":"string"},{"items":{"type":"number"},"title":"Extended pan ID (array)","type":"array"}],"requiresRestart":true,"title":"Ext Pan ID"},"last_seen":{"default":"disable","description":"Add a last_seen attribute to MQTT messages, contains date/time of last Zigbee message","enum":["disable","ISO_8601","ISO_8601_local","epoch"],"title":"Last seen","type":"string"},"log_console_json":{"default":false,"description":"Console json log","requiresRestart":true,"title":"Console json log","type":"boolean"},"log_debug_namespace_ignore":{"default":"","description":"Do not log these namespaces (regex-based) for debug level","examples":["^zhc:legacy:fz:(tuya|moes)","^zhc:legacy:fz:(tuya|moes)|^zh:ember:uart:|^zh:controller"],"title":"Log debug namespace ignore","type":"string"},"log_debug_to_mqtt_frontend":{"default":false,"description":"Log debug level to MQTT and frontend (may decrease overall performance)","requiresRestart":true,"title":"Log debug to MQTT and frontend","type":"boolean"},"log_directories_to_keep":{"default":10,"description":"Number of log directories to keep before deleting the oldest one","maximum":1000,"minimum":5,"title":"Number of past log folders to keep","type":"number"},"log_directory":{"description":"Location of log directory","examples":["data/log/%TIMESTAMP%"],"requiresRestart":true,"title":"Log directory","type":"string"},"log_file":{"default":"log.log","description":"Log file name, can also contain timestamp","examples":["zigbee2mqtt_%TIMESTAMP%.log"],"requiresRestart":true,"title":"Log file","type":"string"},"log_level":{"default":"info","description":"Logging level","enum":["error","warning","info","debug"],"title":"Log level","type":"string"},"log_namespaced_levels":{"additionalProperties":{"enum":["error","warning","info","debug"],"type":"string"},"default":{},"description":"Set individual log levels for certain namespaces","examples":[{"z2m:mqtt":"warning"},{"zh:ember:uart:ash":"info"}],"propertyNames":{"pattern":"^(z2m|zhc|zh)(:[a-z0-9]{1,})*$"},"title":"Log Namespaced Levels","type":"object"},"log_output":{"default":["console","file"],"description":"Output location of the log, leave empty to suppress logging","items":{"enum":["console","file","syslog"],"type":"string"},"requiresRestart":true,"title":"Log output","type":"array"},"log_rotation":{"default":true,"description":"Log rotation","requiresRestart":true,"title":"Log rotation","type":"boolean"},"log_symlink_current":{"default":false,"description":"Create symlink to current logs in the log directory","requiresRestart":true,"title":"Log symlink current","type":"boolean"},"log_syslog":{"oneOf":[{"title":"syslog (disabled)","type":"null"},{"properties":{"app_name":{"default":"Zigbee2MQTT","description":"The name of the application (Default: Zigbee2MQTT).","title":"Localhost","type":"string"},"eol":{"default":"/n","description":"The end of line character to be added to the end of the message (Default: Message without modifications).","title":"eol","type":"string"},"host":{"default":"localhost","description":"The host running syslogd, defaults to localhost.","title":"Host","type":"string"},"localhost":{"default":"localhost","description":"Host to indicate that log messages are coming from (Default: localhost).","title":"Localhost","type":"string"},"path":{"default":"/dev/log","description":"The path to the syslog dgram socket (i.e. /dev/log or /var/run/syslog for OS X).","examples":["/var/run/syslog"],"title":"Path","type":"string"},"pid":{"default":"process.pid","description":"PID of the process that log messages are coming from (Default process.pid).","title":"PID","type":"string"},"port":{"default":514,"description":"The port on the host that syslog is running on, defaults to syslogd's default port.","title":"Port","type":"number"},"protocol":{"default":"udp4","description":"The network protocol to log over (e.g. tcp4, udp4, tls4, unix, unix-connect, etc).","examples":["udp4","tls4","unix","unix-connect"],"title":"Protocol","type":"string"},"type":{"default":"5424","description":"The type of the syslog protocol to use (Default: BSD, also valid: 5424).","title":"Type","type":"string"}},"title":"syslog (enabled)","type":"object"}],"requiresRestart":true},"network_key":{"default":[1,3,5,7,9,11,13,15,0,2,4,6,8,10,12,13],"description":"Network encryption key, changing requires re-pairing all devices!","oneOf":[{"title":"Network key(string)","type":"string"},{"items":{"type":"number"},"title":"Network key(array)","type":"array"}],"requiresRestart":true,"title":"Network key"},"output":{"default":"json","description":"Examples when 'state' of a device is published json: topic: 'zigbee2mqtt/my_bulb' payload '{\"state\": \"ON\"}' attribute: topic 'zigbee2mqtt/my_bulb/state' payload 'ON' attribute_and_json: both json and attribute (see above)","enum":["attribute_and_json","attribute","json"],"title":"MQTT output type","type":"string"},"pan_id":{"default":6754,"description":"Zigbee pan ID, changing requires re-pairing all devices!","oneOf":[{"title":"Pan ID (string)","type":"string"},{"maximum":65534,"minimum":1,"title":"Pan ID (number)","type":"number"}],"requiresRestart":true,"title":"Pan ID"},"timestamp_format":{"default":"YYYY-MM-DD HH:mm:ss","description":"Log timestamp format (see https://github.com/taylorhakes/fecha?tab=readme-ov-file#formatting-tokens for all supported tokens)","examples":["YYYY-MM-DD HH:mm:ss.SSS"],"requiresRestart":true,"title":"Timestamp format","type":"string"},"transmit_power":{"description":"Transmit power of adapter, only available for Z-Stack (CC253*/CC2652/CC1352) adapters, CC2652 = 5dbm, CC1352 max is = 20dbm (5dbm default)","maximum":127,"minimum":-128,"requiresRestart":true,"title":"Transmit power","type":["number","null"]}},"title":"Advanced","type":"object"},"availability":{"description":"Checks whether devices are online/offline","properties":{"active":{"description":"Options for active devices (routers/mains powered)","properties":{"backoff":{"default":true,"description":"Enable timeout backoff on failed availability pings (x1.5, x3, x6, x12...)","title":"Backoff","type":"boolean"},"max_jitter":{"default":30000,"description":"Maximum jitter (in msec) allowed on timeout to avoid availability pings trying to trigger around the same time","minimum":1000,"title":"Max jitter","type":"number"},"pause_on_backoff_gt":{"default":0,"description":"Pause availability pings when backoff reaches over this limit until a new Zigbee message is received from the device. A value of zero disables pausing.","minimum":0,"title":"Pause on backoff greater than","type":"number"},"timeout":{"default":10,"description":"Time after which an active device will be marked as offline in minutes","minimum":1,"requiresRestart":true,"title":"Timeout","type":"number"}},"required":["timeout"],"requiresRestart":true,"title":"Active","type":"object"},"enabled":{"default":false,"description":"Enable availability checks","requiresRestart":true,"title":"Enabled","type":"boolean"},"passive":{"description":"Options for passive devices (mostly battery powered)","properties":{"timeout":{"default":1500,"description":"Time after which an passive device will be marked as offline in minutes","minimum":1,"requiresRestart":true,"title":"Timeout","type":"number"}},"required":["timeout"],"requiresRestart":true,"title":"Passive","type":"object"}},"required":[],"title":"Availability","type":"object"},"blocklist":{"description":"Block devices from the network (by ieeeAddr)","items":{"type":"string"},"requiresRestart":true,"title":"Blocklist","type":"array"},"device_options":{"title":"Options that are applied to all devices","type":"object"},"devices":{"patternProperties":{"^.*$":{"$ref":"#/definitions/device"}},"propertyNames":{"pattern":"^0x[\\d\\w]{16}$"},"type":"object"},"frontend":{"properties":{"auth_token":{"description":"Enables authentication, disabled by default","requiresRestart":true,"title":"Auth token","type":["string","null"]},"base_url":{"default":"/","description":"Base URL for the frontend. If hosted under a subpath, e.g. 'http://localhost:8080/z2m', set this to '/z2m'","pattern":"^\\/.*","requiresRestart":true,"title":"Base URL","type":"string"},"disable_ui_serving":{"description":"If true, the frontend UI is not served, only the WebSocket is maintained by Zigbee2MQTT (you are required to serve a standalone UI yourself as needed).","requiresRestart":true,"title":"Disable UI serving","type":["boolean","null"]},"enabled":{"default":false,"description":"Enable frontend","requiresRestart":true,"title":"Enabled","type":"boolean"},"host":{"description":"Frontend binding host. Binds to a unix socket when an absolute path is given instead.","examples":["127.0.0.1","::1","/run/zigbee2mqtt/zigbee2mqtt.sock"],"requiresRestart":true,"title":"Bind host","type":["string","null"]},"notification_filter":{"description":"Hide frontend notifications matching specified regex strings. Example: 'z2m: Failed to ping.*'","items":{"type":"string"},"title":"Notification Filter","type":"array"},"package":{"default":"zigbee2mqtt-windfront","description":"Package used for the frontend","enum":["zigbee2mqtt-windfront","zigbee2mqtt-frontend"],"requiresRestart":true,"title":"Package","type":"string"},"port":{"default":8080,"description":"Frontend binding port. Ignored when using a unix domain socket","requiresRestart":true,"title":"Port","type":"number"},"ssl_cert":{"description":"SSL Certificate file path for exposing HTTPS. The sibling property 'ssl_key' must be set for HTTPS to be activated.","requiresRestart":true,"title":"Certificate file path","type":["string","null"]},"ssl_key":{"description":"SSL key file path for exposing HTTPS. The sibling property 'ssl_cert' must be set for HTTPS to be activated.","requiresRestart":true,"title":"key file path","type":["string","null"]},"url":{"description":"URL on which the frontend can be reached, currently only used for the Home Assistant device configuration page","requiresRestart":true,"title":"URL","type":["string","null"]}},"required":[],"title":"Frontend","type":"object"},"groups":{"patternProperties":{"^.*$":{"$ref":"#/definitions/group"}},"propertyNames":{"pattern":"^[\\w].*$"},"type":"object"},"health":{"description":"Periodically check the health of Zigbee2MQTT","properties":{"interval":{"default":10,"description":"Interval between checks in minutes","minimum":1,"requiresRestart":true,"title":"Interval","type":"number"},"reset_on_check":{"default":false,"description":"If true, will reset stats every time the health check is executed (only applicable to stats that can be reset).","title":"Reset on check","type":"boolean"}},"required":[],"title":"Health","type":"object"},"homeassistant":{"description":"Home Assistant integration (MQTT discovery)","properties":{"discovery_topic":{"default":"homeassistant","description":"Home Assistant discovery topic","examples":["homeassistant"],"requiresRestart":true,"title":"Homeassistant discovery topic","type":"string"},"enabled":{"default":false,"description":"Enable Home Assistant integration","requiresRestart":true,"title":"Enabled","type":"boolean"},"experimental_event_entities":{"default":false,"description":"Home Assistant experimental event entities, when enabled Zigbee2MQTT will add event entities for exposed actions. The events and attributes are currently deemed experimental and subject to change.","title":"Home Assistant experimental event entities","type":"boolean"},"legacy_action_sensor":{"default":false,"description":"Home Assistant legacy actions sensor, when enabled a action sensor will be discoverd and an empty `action` will be send after every published action.","title":"Home Assistant legacy action sensors","type":"boolean"},"status_topic":{"default":"homeassistant/status","description":"Home Assistant status topic","examples":["homeassistant/status"],"requiresRestart":true,"title":"Home Assistant status topic","type":"string"}},"required":[],"title":"Home Assistant integration","type":"object"},"map_options":{"properties":{"graphviz":{"properties":{"colors":{"properties":{"fill":{"properties":{"coordinator":{"default":"#e04e5d","type":"string"},"enddevice":{"default":"#fff8ce","type":"string"},"router":{"default":"#4ea3e0","type":"string"}},"type":"object"},"font":{"properties":{"coordinator":{"default":"#ffffff","type":"string"},"enddevice":{"default":"#000000","type":"string"},"router":{"default":"#ffffff","type":"string"}},"type":"object"},"line":{"properties":{"active":{"default":"#009900","type":"string"},"inactive":{"default":"#994444","type":"string"}},"type":"object"}},"type":"object"}},"type":"object"}},"title":"Networkmap","type":"object"},"mqtt":{"properties":{"base_topic":{"default":"zigbee2mqtt","description":"MQTT base topic for Zigbee2MQTT MQTT messages","examples":["zigbee2mqtt"],"requiresRestart":true,"title":"Base topic","type":"string"},"ca":{"description":"Absolute path to SSL/TLS certificate of CA used to sign server and client certificates","examples":["/etc/ssl/mqtt-ca.crt"],"requiresRestart":true,"title":"Certificate authority","type":"string"},"cert":{"description":"Absolute path to SSL/TLS certificate for client-authentication","examples":["/etc/ssl/mqtt-client.crt"],"requiresRestart":true,"title":"SSL/TLS certificate","type":"string"},"client_id":{"description":"MQTT client ID","examples":["MY_CLIENT_ID"],"requiresRestart":true,"title":"Client ID","type":"string"},"force_disable_retain":{"default":false,"description":"Disable retain for all send messages. ONLY enable if your MQTT broker doesn't support retained message (e.g. AWS IoT core, Azure IoT Hub, Google Cloud IoT core, IBM Watson IoT Platform). Enabling will break the Home Assistant integration","requiresRestart":true,"title":"Force disable retain","type":"boolean"},"include_device_information":{"default":false,"description":"Include device information to mqtt messages","title":"Include device information","type":"boolean"},"keepalive":{"default":60,"description":"MQTT keepalive in second","requiresRestart":true,"title":"Keepalive","type":"number"},"key":{"description":"Absolute path to SSL/TLS key for client-authentication","examples":["/etc/ssl/mqtt-client.key"],"requiresRestart":true,"title":"SSL/TLS key","type":"string"},"maximum_packet_size":{"default":1048576,"description":"Specifies the maximum allowed packet length (in bytes) that the server can send to Zigbee2MQTT. NOTE: The same value exists in your MQTT broker but for the length the client can send to it instead.","maximum":268435456,"minimum":20,"requiresRestart":true,"title":"Maximum packet size","type":"number"},"password":{"description":"MQTT server authentication password","examples":["ILOVEPELMENI"],"requiresRestart":true,"title":"Password","type":"string"},"reject_unauthorized":{"default":true,"description":"Disable self-signed SSL certificate","requiresRestart":true,"title":"Reject unauthorized","type":"boolean"},"server":{"description":"MQTT server URL (use mqtts:// for SSL/TLS connection)","examples":["mqtt://localhost:1883"],"requiresRestart":true,"title":"MQTT server","type":"string"},"user":{"description":"MQTT server authentication user","examples":["johnnysilverhand"],"requiresRestart":true,"title":"User","type":"string"},"version":{"default":4,"description":"MQTT protocol version","examples":[5],"requiresRestart":true,"title":"Version","type":["number","null"]}},"required":["server"],"title":"MQTT","type":"object"},"ota":{"properties":{"default_maximum_data_size":{"default":50,"description":"The size of file chunks sent during an update (in bytes). Note: This value may get ignored for manufacturers that require specific values.","maximum":100,"minimum":10,"requiresRestart":true,"title":"Default maximum data size","type":"number"},"disable_automatic_update_check":{"default":false,"description":"Zigbee devices may request a firmware update, and do so frequently, causing Zigbee2MQTT to reach out to third party servers. If you disable these device initiated checks, you can still initiate a firmware update check manually.","title":"Disable automatic update check","type":"boolean"},"image_block_response_delay":{"default":250,"description":"Limits the rate of requests (in milliseconds) during OTA updates to reduce network congestion. You can increase this value if your network appears unstable during OTA.","minimum":50,"requiresRestart":true,"title":"Image block response delay","type":"number"},"update_check_interval":{"default":1440,"description":"Your device may request a check for a new firmware update. This value determines how frequently third party servers may actually be contacted to look for firmware updates. The value is set in minutes, and the default is 1 day.","minimum":1,"title":"Update check interval","type":"number"},"zigbee_ota_override_index_location":{"description":"Location of override OTA index file","examples":["index.json"],"requiresRestart":true,"title":"OTA index override file name","type":["string","null"]}},"title":"OTA updates","type":"object"},"passlist":{"description":"Allow only certain devices to join the network (by ieeeAddr). Note that all devices not on the passlist will be removed from the network!","items":{"type":"string"},"requiresRestart":true,"title":"Passlist","type":"array"},"serial":{"properties":{"adapter":{"description":"Adapter type, not needed unless you are experiencing problems","enum":["deconz","zstack","zigate","ezsp","ember","zboss","zoh"],"requiresRestart":true,"title":"Adapter","type":"string"},"baudrate":{"description":"Baud rate speed for the serial port. This must match what the firmware on your adapter supports (most commonly 115200).","examples":[115200,921600,460800,230400,57600,38400],"requiresRestart":true,"title":"Baudrate","type":"number"},"disable_led":{"default":false,"description":"Disable LED of the adapter if supported","requiresRestart":true,"title":"Disable led","type":"boolean"},"port":{"description":"Location of the adapter. To autodetect the port, set null","examples":["/dev/ttyACM0"],"requiresRestart":true,"title":"Port","type":["string","null"]},"rtscts":{"description":"RTS / CTS Hardware Flow Control for serial port","requiresRestart":true,"title":"RTS / CTS","type":"boolean"}},"title":"Serial","type":"object"}},"required":["mqtt"],"type":"object"},"coordinator":{"ieee_address":"0x6c5cb1fffe9940a9","meta":{"build":0,"ezsp":13,"major":7,"minor":4,"patch":4,"revision":"7.4.4 [GA]","special":0,"type":170},"type":"EmberZNet"},"log_level":"debug","mqtt":{"server":"mqtt://core-mosquitto:1883","version":4},"network":{"channel":11,"extended_pan_id":"0x50147cc56002f46e","pan_id":36961},"os":{"cpus":"Cortex-A55 (x4)","memory_mb":3923,"node_version":"v22.16.0","version":"#1 SMP PREEMPT Wed Jul  9 14:22:27 UTC 2025 - 6.12.35-haos - arm64"},"permit_join":false,"restart_required":false,"version":"2.7.2","zigbee_herdsman":{"version":"8.0.1"},"zigbee_herdsman_converters":{"version":"25.98.0"}}'
[2026-02-02 21:59:19] debug: 	z2m:mqtt: Received MQTT message on 'zigbee2mqtt/bridge/devices' with data '[{"disabled":false,"endpoints":{"1":{"bindings":[],"clusters":{"input":["genBasic","genIdentify","genOnOff","genLevelCtrl","genTime","genOta","lightingColorCtrl"],"output":["genBasic","genIdentify","genGroups","genScenes","genOnOff","genLevelCtrl","genPollCtrl","lightingColorCtrl","msIlluminanceMeasurement","msTemperatureMeasurement","msRelativeHumidity","msOccupancySensing","ssIasZone","seMetering","seMeterIdentification","haApplianceStatistics","haElectricalMeasurement","touchlink"]},"configured_reportings":[],"scenes":[]},"242":{"bindings":[],"clusters":{"input":["greenPower"],"output":["greenPower"]},"configured_reportings":[],"scenes":[]}},"friendly_name":"Coordinator","ieee_address":"0x6c5cb1fffe9940a9","interview_completed":true,"interview_state":"SUCCESSFUL","interviewing":false,"network_address":0,"supported":true,"type":"Coordinator"},{"date_code":"20240708","definition":{"description":"STYRBAR remote control","exposes":[{"access":2,"category":"config","description":"Initiate device identification. This device is asleep by default.You may need to wake it up first before sending the identify command.","label":"Identify","name":"identify","property":"identify","type":"enum","values":["identify"]},{"access":5,"category":"diagnostic","description":"Remaining battery in %","label":"Battery","name":"battery","property":"battery","type":"numeric","unit":"%","value_max":100,"value_min":0},{"access":1,"category":"diagnostic","description":"Triggered action (e.g. a button click)","label":"Action","name":"action","property":"action","type":"enum","values":["on","off","brightness_move_up","brightness_move_down","brightness_stop","arrow_left_click","arrow_left_hold","arrow_left_release","arrow_right_click","arrow_right_hold","arrow_right_release"]},{"access":1,"category":"diagnostic","description":"Link quality (signal strength)","label":"Linkquality","name":"linkquality","property":"linkquality","type":"numeric","unit":"lqi","value_max":255,"value_min":0}],"icon":"device_icons/f1504ae638f983567e4384447325f67a.png","model":"E2001/E2002","options":[{"access":2,"description":"Sets the duration of the identification procedure in seconds (i.e., how long the device would flash).The value ranges from 1 to 30 seconds (default: 3).","label":"Identify timeout","name":"identify_timeout","property":"identify_timeout","type":"numeric","value_max":30,"value_min":1},{"access":2,"description":"Simulate a brightness value. If this device provides a brightness_move_up or brightness_move_down action it is possible to specify the update interval and delta. The action_brightness_delta indicates the delta for each interval.","features":[{"access":2,"description":"Delta per interval, 20 by default","label":"Delta","name":"delta","property":"delta","type":"numeric","value_min":0},{"access":2,"description":"Interval duration","label":"Interval","name":"interval","property":"interval","type":"numeric","unit":"ms","value_min":0}],"label":"Simulated brightness","name":"simulated_brightness","property":"simulated_brightness","type":"composite"}],"source":"native","supports_ota":true,"vendor":"IKEA"},"disabled":false,"endpoints":{"1":{"bindings":[{"cluster":"genPollCtrl","target":{"endpoint":1,"ieee_address":"0x6c5cb1fffe9940a9","type":"endpoint"}},{"cluster":"genOnOff","target":{"endpoint":1,"ieee_address":"0x6c5cb1fffe9940a9","type":"endpoint"}},{"cluster":"genLevelCtrl","target":{"endpoint":1,"ieee_address":"0x6c5cb1fffe9940a9","type":"endpoint"}},{"cluster":"genScenes","target":{"endpoint":1,"ieee_address":"0x6c5cb1fffe9940a9","type":"endpoint"}},{"cluster":"genPowerCfg","target":{"endpoint":1,"ieee_address":"0x6c5cb1fffe9940a9","type":"endpoint"}}],"clusters":{"input":["genBasic","genPowerCfg","genIdentify","genPollCtrl","touchlink","manuSpecificAmazonWWAH","manuSpecificIkeaUnknown"],"output":["genIdentify","genScenes","genOnOff","genLevelCtrl","genOta","touchlink"]},"configured_reportings":[{"attribute":"batteryPercentageRemaining","cluster":"genPowerCfg","maximum_report_interval":65000,"minimum_report_interval":3600,"reportable_change":10}],"scenes":[]}},"friendly_name":"IKEA Tradfri Switch 1","ieee_address":"0x30fb10fffe4c12d6","interview_completed":true,"interview_state":"SUCCESSFUL","interviewing":false,"manufacturer":"IKEA of Sweden","model_id":"Remote Control N2","network_address":10078,"power_source":"Battery","software_build_id":"2.4.16","supported":true,"type":"EndDevice"},{"date_code":"20240708","definition":{"description":"STYRBAR remote control","exposes":[{"access":2,"category":"config","description":"Initiate device identification. This device is asleep by default.You may need to wake it up first before sending the identify command.","label":"Identify","name":"identify","property":"identify","type":"enum","values":["identify"]},{"access":5,"category":"diagnostic","description":"Remaining battery in %","label":"Battery","name":"battery","property":"battery","type":"numeric","unit":"%","value_max":100,"value_min":0},{"access":1,"category":"diagnostic","description":"Triggered action (e.g. a button click)","label":"Action","name":"action","property":"action","type":"enum","values":["on","off","brightness_move_up","brightness_move_down","brightness_stop","arrow_left_click","arrow_left_hold","arrow_left_release","arrow_right_click","arrow_right_hold","arrow_right_release"]},{"access":1,"category":"diagnostic","description":"Link quality (signal strength)","label":"Linkquality","name":"linkquality","property":"linkquality","type":"numeric","unit":"lqi","value_max":255,"value_min":0}],"icon":"device_icons/f1504ae638f983567e4384447325f67a.png","model":"E2001/E2002","options":[{"access":2,"description":"Sets the duration of the identification procedure in seconds (i.e., how long the device would flash).The value ranges from 1 to 30 seconds (default: 3).","label":"Identify timeout","name":"identify_timeout","property":"identify_timeout","type":"numeric","value_max":30,"value_min":1},{"access":2,"description":"Simulate a brightness value. If this device provides a brightness_move_up or brightness_move_down action it is possible to specify the update interval and delta. The action_brightness_delta indicates the delta for each interval.","features":[{"access":2,"description":"Delta per interval, 20 by default","label":"Delta","name":"delta","property":"delta","type":"numeric","value_min":0},{"access":2,"description":"Interval duration","label":"Interval","name":"interval","property":"interval","type":"numeric","unit":"ms","value_min":0}],"label":"Simulated brightness","name":"simulated_brightness","property":"simulated_brightness","type":"composite"}],"source":"native","supports_ota":true,"vendor":"IKEA"},"disabled":false,"endpoints":{"1":{"bindings":[{"cluster":"genPollCtrl","target":{"endpoint":1,"ieee_address":"0x6c5cb1fffe9940a9","type":"endpoint"}},{"cluster":"genOnOff","target":{"endpoint":1,"ieee_address":"0x6c5cb1fffe9940a9","type":"endpoint"}},{"cluster":"genLevelCtrl","target":{"endpoint":1,"ieee_address":"0x6c5cb1fffe9940a9","type":"endpoint"}},{"cluster":"genScenes","target":{"endpoint":1,"ieee_address":"0x6c5cb1fffe9940a9","type":"endpoint"}},{"cluster":"genPowerCfg","target":{"endpoint":1,"ieee_address":"0x6c5cb1fffe9940a9","type":"endpoint"}}],"clusters":{"input":["genBasic","genPowerCfg","genIdentify","genPollCtrl","touchlink","manuSpecificAmazonWWAH","manuSpecificIkeaUnknown"],"output":["genIdentify","genScenes","genOnOff","genLevelCtrl","genOta","touchlink"]},"configured_reportings":[{"attribute":"batteryPercentageRemaining","cluster":"genPowerCfg","maximum_report_interval":65000,"minimum_report_interval":3600,"reportable_change":10}],"scenes":[]}},"friendly_name":"IKEA Tradfri Switch 2","ieee_address":"0x30fb10fffe4c1e7d","interview_completed":true,"interview_state":"SUCCESSFUL","interviewing":false,"manufacturer":"IKEA of Sweden","model_id":"Remote Control N2","network_address":4443,"power_source":"Battery","software_build_id":"2.4.16","supported":true,"type":"EndDevice"},{"date_code":"20181203","definition":{"description":"TRADFRI LED driver, 30 w","exposes":[{"features":[{"access":7,"description":"On/off state of this light","label":"State","name":"state","property":"state","type":"binary","value_off":"OFF","value_on":"ON","value_toggle":"TOGGLE"},{"access":7,"description":"Brightness of this light","label":"Brightness","name":"brightness","property":"brightness","type":"numeric","value_max":254,"value_min":0},{"access":7,"description":"Configure genLevelCtrl","features":[{"access":7,"description":"this setting can affect the \"on_level\", \"current_level_startup\" or \"brightness\" setting","label":"Execute if off","name":"execute_if_off","property":"execute_if_off","type":"binary","value_off":false,"value_on":true},{"access":7,"description":"Defines the desired startup level for a device when it is supplied with power","label":"Current level startup","name":"current_level_startup","presets":[{"description":"Use minimum permitted value","name":"minimum","value":"minimum"},{"description":"Use previous value","name":"previous","value":"previous"}],"property":"current_level_startup","type":"numeric","value_max":254,"value_min":1}],"label":"Level config","name":"level_config","property":"level_config","type":"composite"}],"type":"light"},{"access":2,"description":"Triggers an effect on the light (e.g. make light blink for a few seconds)","label":"Effect","name":"effect","property":"effect","type":"enum","values":["blink","breathe","okay","channel_change","finish_effect","stop_effect"]},{"access":7,"category":"config","description":"Controls the behavior when the device is powered on after power loss","label":"Power-on behavior","name":"power_on_behavior","property":"power_on_behavior","type":"enum","values":["off","on","toggle","previous"]},{"access":2,"category":"config","description":"Initiate device identification","label":"Identify","name":"identify","property":"identify","type":"enum","values":["identify"]},{"access":1,"category":"diagnostic","description":"Link quality (signal strength)","label":"Linkquality","name":"linkquality","property":"linkquality","type":"numeric","unit":"lqi","value_max":255,"value_min":0}],"icon":"device_icons/411c97850db9a9d71a184c23fa36ca82.png","model":"ICPSHC24-30EU-IL-1/ICPSHC24-10EU-IL-2","options":[{"access":2,"description":"Controls the transition time (in seconds) of on/off, brightness, color temperature (if applicable) and color (if applicable) changes. Defaults to `0` (no transition).","label":"Transition","name":"transition","property":"transition","type":"numeric","value_min":0,"value_step":0.1},{"access":2,"description":"Sets the duration of the identification procedure in seconds (i.e., how long the device would flash).The value ranges from 1 to 30 seconds (default: 3).","label":"Identify timeout","name":"identify_timeout","property":"identify_timeout","type":"numeric","value_max":30,"value_min":1},{"access":2,"description":"State actions will also be published as 'action' when true (default false).","label":"State action","name":"state_action","property":"state_action","type":"binary","value_off":false,"value_on":true}],"source":"native","supports_ota":true,"vendor":"IKEA"},"disabled":false,"endpoints":{"1":{"bindings":[],"clusters":{"input":["genBasic","genIdentify","genGroups","genScenes","genOnOff","genLevelCtrl","touchlink","manuSpecificAmazonWWAH"],"output":["genOta"]},"configured_reportings":[],"scenes":[]},"242":{"bindings":[],"clusters":{"input":["greenPower"],"output":["greenPower"]},"configured_reportings":[],"scenes":[]}},"friendly_name":"IKEA Tradfri Mittled Driver","ieee_address":"0x842712fffedb8ddb","interview_completed":true,"interview_state":"SUCCESSFUL","interviewing":false,"manufacturer":"IKEA of Sweden","model_id":"TRADFRI Driver 30W","network_address":40200,"power_source":"Mains (single phase)","software_build_id":"1.0.4","supported":true,"type":"Router"},{"definition":{"description":"Smart plug (with power monitoring by polling)","exposes":[{"features":[{"access":7,"description":"On/off state of the switch","label":"State","name":"state","property":"state","type":"binary","value_off":"OFF","value_on":"ON","value_toggle":"TOGGLE"}],"type":"switch"},{"access":7,"description":"Countdown to turn device off after a certain time","label":"Countdown","name":"countdown","property":"countdown","type":"numeric","unit":"s","value_max":43200,"value_min":0,"value_step":1},{"access":7,"description":"Recover state after power outage","label":"Power outage memory","name":"power_outage_memory","property":"power_outage_memory","type":"enum","values":["on","off","restore"]},{"access":7,"category":"config","description":"LED indicator mode","label":"Indicator mode","name":"indicator_mode","property":"indicator_mode","type":"enum","values":["off","off/on","on/off","on"]},{"access":1,"description":"Instantaneous measured power","label":"Power","name":"power","property":"power","type":"numeric","unit":"W"},{"access":1,"description":"Instantaneous measured electrical current","label":"Current","name":"current","property":"current","type":"numeric","unit":"A"},{"access":1,"description":"Measured electrical potential value","label":"Voltage","name":"voltage","property":"voltage","type":"numeric","unit":"V"},{"access":1,"description":"Sum of consumed energy","label":"Energy","name":"energy","property":"energy","type":"numeric","unit":"kWh"},{"access":3,"description":"Enables/disables physical input on the device","label":"Child lock","name":"child_lock","property":"child_lock","type":"binary","value_off":"UNLOCK","value_on":"LOCK"},{"access":1,"category":"diagnostic","description":"Link quality (signal strength)","label":"Linkquality","name":"linkquality","property":"linkquality","type":"numeric","unit":"lqi","value_max":255,"value_min":0}],"icon":"device_icons/08a9016bbc0657cf5f581ae9c19c31a5.png","model":"TS011F_plug_3","options":[{"access":2,"description":"This device does not support reporting electric measurements so it is polled instead. The default poll interval is 60 seconds, set to -1 to disable.","label":"Measurement poll interval","name":"measurement_poll_interval","property":"measurement_poll_interval","type":"numeric","value_min":-1},{"access":2,"description":"Calibrates the power value (percentual offset), takes into effect on next report of device.","label":"Power calibration","name":"power_calibration","property":"power_calibration","type":"numeric","value_step":0.1},{"access":2,"description":"Number of digits after decimal point for power, takes into effect on next report of device. This option can only decrease the precision, not increase it.","label":"Power precision","name":"power_precision","property":"power_precision","type":"numeric","value_max":3,"value_min":0},{"access":2,"description":"Calibrates the current value (percentual offset), takes into effect on next report of device.","label":"Current calibration","name":"current_calibration","property":"current_calibration","type":"numeric","value_step":0.1},{"access":2,"description":"Number of digits after decimal point for current, takes into effect on next report of device. This option can only decrease the precision, not increase it.","label":"Current precision","name":"current_precision","property":"current_precision","type":"numeric","value_max":3,"value_min":0},{"access":2,"description":"Calibrates the voltage value (percentual offset), takes into effect on next report of device.","label":"Voltage calibration","name":"voltage_calibration","property":"voltage_calibration","type":"numeric","value_step":0.1},{"access":2,"description":"Number of digits after decimal point for voltage, takes into effect on next report of device. This option can only decrease the precision, not increase it.","label":"Voltage precision","name":"voltage_precision","property":"voltage_precision","type":"numeric","value_max":3,"value_min":0},{"access":2,"description":"Calibrates the energy value (percentual offset), takes into effect on next report of device.","label":"Energy calibration","name":"energy_calibration","property":"energy_calibration","type":"numeric","value_step":0.1},{"access":2,"description":"Number of digits after decimal point for energy, takes into effect on next report of device. This option can only decrease the precision, not increase it.","label":"Energy precision","name":"energy_precision","property":"energy_precision","type":"numeric","value_max":3,"value_min":0},{"access":2,"description":"State actions will also be published as 'action' when true (default false).","label":"State action","name":"state_action","property":"state_action","type":"binary","value_off":false,"value_on":true}],"source":"native","supports_ota":true,"vendor":"Tuya"},"disabled":false,"endpoints":{"1":{"bindings":[],"clusters":{"input":["genBasic","genIdentify","genGroups","genScenes","genOnOff","genTime","57344","seMetering","haElectricalMeasurement","touchlink","6280"],"output":["genOta"]},"configured_reportings":[],"scenes":[]}},"friendly_name":"Tuya Connected Outlet","ieee_address":"0xa4c138247a1a948b","interview_completed":true,"interview_state":"SUCCESSFUL","interviewing":false,"manufacturer":"_TZ3000_cehuw1lw","model_id":"TS011F","network_address":7447,"power_source":"Mains (single phase)","software_build_id":"1.0.5\u0000","supported":true,"type":"Router"},{"date_code":"20221114","definition":{"description":"RODRET wireless dimmer/power switch","exposes":[{"access":2,"category":"config","description":"Initiate device identification. This device is asleep by default.You may need to wake it up first before sending the identify command.","label":"Identify","name":"identify","property":"identify","type":"enum","values":["identify"]},{"access":5,"category":"diagnostic","description":"Remaining battery in %","label":"Battery","name":"battery","property":"battery","type":"numeric","unit":"%","value_max":100,"value_min":0},{"access":5,"category":"diagnostic","description":"Reported battery voltage in millivolts","label":"Voltage","name":"voltage","property":"voltage","type":"numeric","unit":"mV"},{"access":1,"category":"diagnostic","description":"Triggered action (e.g. a button click)","label":"Action","name":"action","property":"action","type":"enum","values":["on","off","brightness_move_up","brightness_move_down","brightness_stop"]},{"access":1,"category":"diagnostic","description":"Link quality (signal strength)","label":"Linkquality","name":"linkquality","property":"linkquality","type":"numeric","unit":"lqi","value_max":255,"value_min":0}],"icon":"device_icons/36c972f318c6801ebb07c8b1dde874df.png","model":"E2201","options":[{"access":2,"description":"Sets the duration of the identification procedure in seconds (i.e., how long the device would flash).The value ranges from 1 to 30 seconds (default: 3).","label":"Identify timeout","name":"identify_timeout","property":"identify_timeout","type":"numeric","value_max":30,"value_min":1},{"access":2,"description":"Simulate a brightness value. If this device provides a brightness_move_up or brightness_move_down action it is possible to specify the update interval and delta. The action_brightness_delta indicates the delta for each interval.","features":[{"access":2,"description":"Delta per interval, 20 by default","label":"Delta","name":"delta","property":"delta","type":"numeric","value_min":0},{"access":2,"description":"Interval duration","label":"Interval","name":"interval","property":"interval","type":"numeric","unit":"ms","value_min":0}],"label":"Simulated brightness","name":"simulated_brightness","property":"simulated_brightness","type":"composite"}],"source":"native","supports_ota":true,"vendor":"IKEA"},"disabled":false,"endpoints":{"1":{"bindings":[{"cluster":"genPollCtrl","target":{"endpoint":1,"ieee_address":"0x6c5cb1fffe9940a9","type":"endpoint"}},{"cluster":"genOnOff","target":{"endpoint":1,"ieee_address":"0x6c5cb1fffe9940a9","type":"endpoint"}},{"cluster":"genLevelCtrl","target":{"endpoint":1,"ieee_address":"0x6c5cb1fffe9940a9","type":"endpoint"}},{"cluster":"genPowerCfg","target":{"endpoint":1,"ieee_address":"0x6c5cb1fffe9940a9","type":"endpoint"}}],"clusters":{"input":["genBasic","genPowerCfg","genIdentify","genPollCtrl","touchlink","manuSpecificIkeaUnknown"],"output":["genIdentify","genGroups","genOnOff","genLevelCtrl","genOta","touchlink"]},"configured_reportings":[{"attribute":"batteryPercentageRemaining","cluster":"genPowerCfg","maximum_report_interval":65000,"minimum_report_interval":3600,"reportable_change":10}],"scenes":[]}},"friendly_name":"IKEA Rodret Switch 1","ieee_address":"0xd44867fffeff5bc8","interview_completed":true,"interview_state":"SUCCESSFUL","interviewing":false,"manufacturer":"IKEA of Sweden","model_id":"RODRET Dimmer","network_address":29245,"power_source":"Battery","software_build_id":"1.0.47","supported":true,"type":"EndDevice"},{"date_code":"20240123","definition":{"description":"VALLHORN wireless motion sensor","exposes":[{"access":5,"description":"Indicates whether the device detected occupancy","label":"Occupancy","name":"occupancy","property":"occupancy","type":"binary","value_off":false,"value_on":true},{"access":5,"description":"Measured illuminance","label":"Illuminance","name":"illuminance","property":"illuminance","type":"numeric","unit":"lx"},{"access":2,"category":"config","description":"Initiate device identification. This device is asleep by default.You may need to wake it up first before sending the identify command.","label":"Identify","name":"identify","property":"identify","type":"enum","values":["identify"]},{"access":5,"category":"diagnostic","description":"Remaining battery in %","label":"Battery","name":"battery","property":"battery","type":"numeric","unit":"%","value_max":100,"value_min":0},{"access":5,"category":"diagnostic","description":"Reported battery voltage in millivolts","label":"Voltage","name":"voltage","property":"voltage","type":"numeric","unit":"mV"},{"access":1,"category":"diagnostic","description":"Link quality (signal strength)","label":"Linkquality","name":"linkquality","property":"linkquality","type":"numeric","unit":"lqi","value_max":255,"value_min":0}],"icon":"device_icons/27dc30501ab148ff5b7c68982359344c.png","model":"E2134","options":[{"access":2,"description":"Calibrates the illuminance value (percentual offset), takes into effect on next report of device.","label":"Illuminance calibration","name":"illuminance_calibration","property":"illuminance_calibration","type":"numeric","value_step":0.1},{"access":2,"description":"Sets the duration of the identification procedure in seconds (i.e., how long the device would flash).The value ranges from 1 to 30 seconds (default: 3).","label":"Identify timeout","name":"identify_timeout","property":"identify_timeout","type":"numeric","value_max":30,"value_min":1},{"access":2,"description":"Sends a message after the last time no occupancy (occupancy: false) was detected. When setting this for example to [10, 60] a `{\"no_occupancy_since\": 10}` will be sent after 10 seconds and a `{\"no_occupancy_since\": 60}` after 60 seconds.","item_type":{"access":3,"label":"Time","name":"time","type":"numeric"},"label":"No occupancy since","name":"no_occupancy_since","property":"no_occupancy_since","type":"list"},{"access":2,"description":"Expose the raw illuminance value.","label":"Illuminance raw","name":"illuminance_raw","property":"illuminance_raw","type":"binary","value_off":false,"value_on":true}],"source":"native","supports_ota":true,"vendor":"IKEA"},"disabled":false,"endpoints":{"1":{"bindings":[{"cluster":"genPollCtrl","target":{"endpoint":1,"ieee_address":"0x6c5cb1fffe9940a9","type":"endpoint"}},{"cluster":"genPowerCfg","target":{"endpoint":1,"ieee_address":"0x6c5cb1fffe9940a9","type":"endpoint"}}],"clusters":{"input":["genBasic","genPowerCfg","genIdentify","genPollCtrl","haDiagnostic","touchlink","manuSpecificIkeaUnknown","64641"],"output":["genIdentify","genGroups","genOnOff","genOta","touchlink"]},"configured_reportings":[{"attribute":"batteryPercentageRemaining","cluster":"genPowerCfg","maximum_report_interval":65000,"minimum_report_interval":3600,"reportable_change":10}],"scenes":[]},"2":{"bindings":[{"cluster":"msOccupancySensing","target":{"endpoint":1,"ieee_address":"0x6c5cb1fffe9940a9","type":"endpoint"}}],"clusters":{"input":["genBasic","genIdentify","msOccupancySensing"],"output":["genIdentify"]},"configured_reportings":[{"attribute":"occupancy","cluster":"msOccupancySensing","maximum_report_interval":60,"minimum_report_interval":10,"reportable_change":0}],"scenes":[]},"3":{"bindings":[{"cluster":"msIlluminanceMeasurement","target":{"endpoint":1,"ieee_address":"0x6c5cb1fffe9940a9","type":"endpoint"}}],"clusters":{"input":["genBasic","genIdentify","msIlluminanceMeasurement"],"output":["genIdentify"]},"configured_reportings":[{"attribute":"measuredValue","cluster":"msIlluminanceMeasurement","maximum_report_interval":3600,"minimum_report_interval":10,"reportable_change":5}],"scenes":[]}},"friendly_name":"IKEA Vallhorn Detector 1","ieee_address":"0x6cfd22fffe610d7c","interview_completed":true,"interview_state":"SUCCESSFUL","interviewing":false,"manufacturer":"IKEA of Sweden","model_id":"VALLHORN Wireless Motion Sensor","network_address":56960,"power_source":"Battery","software_build_id":"1.0.64","supported":true,"type":"EndDevice"},{"date_code":"20221114","definition":{"description":"RODRET wireless dimmer/power switch","exposes":[{"access":2,"category":"config","description":"Initiate device identification. This device is asleep by default.You may need to wake it up first before sending the identify command.","label":"Identify","name":"identify","property":"identify","type":"enum","values":["identify"]},{"access":5,"category":"diagnostic","description":"Remaining battery in %","label":"Battery","name":"battery","property":"battery","type":"numeric","unit":"%","value_max":100,"value_min":0},{"access":5,"category":"diagnostic","description":"Reported battery voltage in millivolts","label":"Voltage","name":"voltage","property":"voltage","type":"numeric","unit":"mV"},{"access":1,"category":"diagnostic","description":"Triggered action (e.g. a button click)","label":"Action","name":"action","property":"action","type":"enum","values":["on","off","brightness_move_up","brightness_move_down","brightness_stop"]},{"access":1,"category":"diagnostic","description":"Link quality (signal strength)","label":"Linkquality","name":"linkquality","property":"linkquality","type":"numeric","unit":"lqi","value_max":255,"value_min":0}],"model":"E2201","options":[{"access":2,"description":"Sets the duration of the identification procedure in seconds (i.e., how long the device would flash).The value ranges from 1 to 30 seconds (default: 3).","label":"Identify timeout","name":"identify_timeout","property":"identify_timeout","type":"numeric","value_max":30,"value_min":1},{"access":2,"description":"Simulate a brightness value. If this device provides a brightness_move_up or brightness_move_down action it is possible to specify the update interval and delta. The action_brightness_delta indicates the delta for each interval.","features":[{"access":2,"description":"Delta per interval, 20 by default","label":"Delta","name":"delta","property":"delta","type":"numeric","value_min":0},{"access":2,"description":"Interval duration","label":"Interval","name":"interval","property":"interval","type":"numeric","unit":"ms","value_min":0}],"label":"Simulated brightness","name":"simulated_brightness","property":"simulated_brightness","type":"composite"}],"source":"native","supports_ota":true,"vendor":"IKEA"},"disabled":false,"endpoints":{"1":{"bindings":[{"cluster":"genPollCtrl","target":{"endpoint":1,"ieee_address":"0x6c5cb1fffe9940a9","type":"endpoint"}},{"cluster":"genOnOff","target":{"endpoint":1,"ieee_address":"0x6c5cb1fffe9940a9","type":"endpoint"}},{"cluster":"genLevelCtrl","target":{"endpoint":1,"ieee_address":"0x6c5cb1fffe9940a9","type":"endpoint"}},{"cluster":"genPowerCfg","target":{"endpoint":1,"ieee_address":"0x6c5cb1fffe9940a9","type":"endpoint"}}],"clusters":{"input":["genBasic","genPowerCfg","genIdentify","genPollCtrl","touchlink","manuSpecificIkeaUnknown"],"output":["genIdentify","genGroups","genOnOff","genLevelCtrl","genOta","touchlink"]},"configured_reportings":[{"attribute":"batteryPercentageRemaining","cluster":"genPowerCfg","maximum_report_interval":65000,"minimum_report_interval":3600,"reportable_change":10},{"attribute":"batteryVoltage","cluster":"genPowerCfg","maximum_report_interval":65000,"minimum_report_interval":3600,"reportable_change":10}],"scenes":[]}},"friendly_name":"IKEA Rodret Switch 2","ieee_address":"0x8c8b48fffe18b6d8","interview_completed":true,"interview_state":"SUCCESSFUL","interviewing":false,"manufacturer":"IKEA of Sweden","model_id":"RODRET Dimmer","network_address":42637,"power_source":"Battery","software_build_id":"1.0.47","supported":true,"type":"EndDevice"}]'
[2026-02-02 21:59:19] debug: 	z2m:mqtt: Received MQTT message on 'zigbee2mqtt/bridge/groups' with data '[]'
[2026-02-02 21:59:19] debug: 	z2m:mqtt: Received MQTT message on 'zigbee2mqtt/bridge/definitions' with data '{"actions":["raw","philips_hue_factory_reset"],"clusters":{"barrierControl":{"ID":259,"attributes":{"barrierPosition":{"ID":10,"max":100,"report":true,"required":true,"scene":true,"special":[["PositionUnknown","ff"]],"type":32},"capabilities":{"ID":3,"required":true,"type":24},"closeEvents":{"ID":5,"default":0,"max":65534,"type":33,"write":true},"closePeriod":{"ID":9,"max":65534,"type":33,"write":true},"commandCloseEvents":{"ID":7,"default":0,"max":65534,"type":33,"write":true},"commandOpenEvents":{"ID":6,"default":0,"max":65534,"type":33,"write":true},"movingState":{"ID":1,"report":true,"required":true,"type":48},"openEvents":{"ID":4,"default":0,"max":65534,"type":33,"write":true},"openPeriod":{"ID":8,"max":65534,"type":33,"write":true},"safetyStatus":{"ID":2,"report":true,"required":true,"type":25}},"commands":{"goToPercent":{"ID":0,"parameters":[{"max":100,"min":0,"name":"percentOpen","type":32}],"required":true},"stop":{"ID":1,"parameters":[],"required":true}},"commandsResponse":{}},"closuresDoorLock":{"ID":257,"attributes":{"actuatorEnabled":{"ID":2,"required":true,"type":16},"alarmMask":{"ID":64,"default":0,"report":true,"type":25,"write":true},"autoRelockTime":{"ID":35,"default":0,"report":true,"special":[["Disabled","0"]],"type":35,"write":true,"writeOptional":true},"defaultConfigurationRegister":{"ID":39,"default":0,"report":true,"type":25},"doorClosedEvents":{"ID":5,"type":35,"write":true},"doorOpenEvents":{"ID":4,"type":35,"write":true},"doorState":{"ID":3,"report":true,"type":48},"enableInsideStatusLed":{"ID":42,"default":0,"report":true,"type":16,"write":true},"enableLocalProgramming":{"ID":40,"default":1,"report":true,"type":16,"write":true,"writeOptional":true},"enableLogging":{"ID":32,"default":0,"report":true,"type":16,"write":true,"writeOptional":true},"enableOneTouchLocking":{"ID":41,"default":0,"report":true,"type":16,"write":true},"enablePrivacyModeButton":{"ID":43,"default":0,"report":true,"type":16,"write":true},"keypadOperationEventMask":{"ID":65,"default":0,"report":true,"type":25,"write":true},"keypadProgrammingEventMask":{"ID":69,"default":0,"report":true,"type":25,"write":true},"language":{"ID":33,"default":"","length":2,"report":true,"type":66,"write":true,"writeOptional":true},"ledSettings":{"ID":34,"default":0,"report":true,"type":32,"write":true,"writeOptional":true},"lockState":{"ID":0,"report":true,"required":true,"type":48},"lockType":{"ID":1,"required":true,"type":48},"manualOperationEventMask":{"ID":67,"default":0,"report":true,"type":25,"write":true},"maxPinLen":{"ID":23,"default":8,"type":32},"maxRfidLen":{"ID":25,"default":20,"type":32},"minPinLen":{"ID":24,"default":4,"type":32},"minRfidLen":{"ID":26,"default":8,"type":32},"numOfHolidayScheduledsSupported":{"ID":22,"default":0,"type":32},"numOfLockRecordsSupported":{"ID":16,"default":0,"type":33},"numOfPinUsersSupported":{"ID":18,"default":0,"type":33},"numOfRfidUsersSupported":{"ID":19,"default":0,"type":33},"numOfTotalUsersSupported":{"ID":17,"default":0,"type":33},"numOfWeekDaySchedulesSupportedPerUser":{"ID":20,"default":0,"type":32},"numOfYearDaySchedulesSupportedPerUser":{"ID":21,"default":0,"type":32},"openPeriod":{"ID":6,"type":33,"write":true},"operatingMode":{"ID":37,"default":0,"report":true,"type":48,"write":true,"writeOptional":true},"requirePinForRfOperation":{"ID":51,"default":0,"report":true,"type":16,"write":true,"writeOptional":true},"rfOperationEventMask":{"ID":66,"default":0,"report":true,"type":25,"write":true},"rfProgrammingEventMask":{"ID":70,"default":0,"report":true,"type":25,"write":true},"rfidOperationEventMask":{"ID":68,"default":0,"report":true,"type":25,"write":true},"rfidProgrammingEventMask":{"ID":71,"default":0,"report":true,"type":25,"write":true},"sendPinOta":{"ID":50,"default":0,"report":true,"type":16,"write":true,"writeOptional":true},"soundVolume":{"ID":36,"default":0,"report":true,"type":32,"write":true,"writeOptional":true},"supportedOperatingModes":{"ID":38,"default":1,"type":25},"userCodeTemporaryDisableTime":{"ID":49,"default":0,"report":true,"type":32,"write":true,"writeOptional":true},"wrongCodeEntryLimit":{"ID":48,"default":0,"report":true,"type":32,"write":true,"writeOptional":true},"zigbeeSecurityLevel":{"ID":52,"default":0,"report":true,"type":48}},"commands":{"clearAllPinCodes":{"ID":8,"parameters":[],"response":8},"clearAllRfidCodes":{"ID":25,"parameters":[],"response":25},"clearHolidaySchedule":{"ID":19,"parameters":[{"name":"holidayscheduleid","type":32}],"response":19},"clearPinCode":{"ID":7,"parameters":[{"name":"userid","type":33}],"response":7},"clearRfidCode":{"ID":24,"parameters":[{"name":"userid","type":33}],"response":24},"clearWeekDaySchedule":{"ID":13,"parameters":[{"name":"scheduleid","type":32},{"name":"userid","type":33}],"response":13},"clearYearDaySchedule":{"ID":16,"parameters":[{"name":"scheduleid","type":32},{"name":"userid","type":33}],"response":16},"getHolidaySchedule":{"ID":18,"parameters":[{"name":"holidayscheduleid","type":32}],"response":18},"getLogRecord":{"ID":4,"parameters":[{"name":"logindex","special":[["MostRecent","0"]],"type":33}],"response":4},"getPinCode":{"ID":6,"parameters":[{"name":"userid","type":33}],"response":6},"getRfidCode":{"ID":23,"parameters":[{"name":"userid","type":33}],"response":23},"getUserStatus":{"ID":10,"parameters":[{"name":"userid","type":33}],"response":10},"getUserType":{"ID":21,"parameters":[{"name":"userid","type":33}],"response":21},"getWeekDaySchedule":{"ID":12,"parameters":[{"name":"scheduleid","type":32},{"name":"userid","type":33}],"response":12},"getYearDaySchedule":{"ID":15,"parameters":[{"name":"scheduleid","type":32},{"name":"userid","type":33}],"response":15},"lockDoor":{"ID":0,"parameters":[{"name":"pincodevalue","type":65}],"required":true,"response":0},"setHolidaySchedule":{"ID":17,"parameters":[{"name":"holidayscheduleid","type":32},{"name":"zigbeelocalstarttime","type":35},{"name":"zigbeelocalendtime","type":35},{"name":"opermodelduringholiday","type":48}],"response":17},"setPinCode":{"ID":5,"parameters":[{"name":"userid","type":33},{"name":"userstatus","type":32},{"name":"usertype","type":48},{"name":"pincodevalue","type":65}],"response":5},"setRfidCode":{"ID":22,"parameters":[{"name":"userid","type":33},{"name":"userstatus","type":32},{"name":"usertype","type":48},{"name":"pincodevalue","type":65}],"response":22},"setUserStatus":{"ID":9,"parameters":[{"name":"userid","type":33},{"name":"userstatus","type":32}],"response":9},"setUserType":{"ID":20,"parameters":[{"name":"userid","type":33},{"name":"usertype","type":48}],"response":20},"setWeekDaySchedule":{"ID":11,"parameters":[{"name":"scheduleid","type":32},{"name":"userid","type":33},{"name":"daysmask","type":24},{"max":23,"min":0,"name":"starthour","type":32},{"max":59,"min":0,"name":"startminute","type":32},{"max":23,"min":0,"name":"endhour","type":32},{"max":59,"min":0,"name":"endminute","type":32}],"response":11},"setYearDaySchedule":{"ID":14,"parameters":[{"name":"scheduleid","type":32},{"name":"userid","type":33},{"name":"zigbeelocalstarttime","type":35},{"name":"zigbeelocalendtime","type":35}],"response":14},"toggleDoor":{"ID":2,"parameters":[{"name":"pincodevalue","type":65}],"response":2},"unlockDoor":{"ID":1,"parameters":[{"name":"pincodevalue","type":65}],"required":true,"response":1},"unlockWithTimeout":{"ID":3,"parameters":[{"name":"timeout","type":33},{"name":"pincodevalue","type":65}],"response":3}},"commandsResponse":{"clearAllPinCodesRsp":{"ID":8,"parameters":[{"name":"status","type":32}]},"clearAllRfidCodesRsp":{"ID":25,"parameters":[{"name":"status","type":32}]},"clearHolidayScheduleRsp":{"ID":19,"parameters":[{"name":"status","type":32}]},"clearPinCodeRsp":{"ID":7,"parameters":[{"name":"status","type":32}]},"clearRfidCodeRsp":{"ID":24,"parameters":[{"name":"status","type":32}]},"clearWeekDayScheduleRsp":{"ID":13,"parameters":[{"name":"status","type":32}]},"clearYearDayScheduleRsp":{"ID":16,"parameters":[{"name":"status","type":32}]},"getHolidayScheduleRsp":{"ID":18,"parameters":[{"name":"holidayscheduleid","type":32},{"name":"status","type":32},{"name":"zigbeelocalstarttime","type":35},{"name":"zigbeelocalendtime","type":35},{"name":"opermodelduringholiday","type":48}]},"getLogRecordRsp":{"ID":4,"parameters":[{"name":"logentryid","type":33},{"name":"timestamp","type":35},{"name":"eventtype","type":48},{"name":"source","type":32},{"name":"eventidalarmcode","type":32},{"name":"userid","type":33},{"name":"pincodevalue","type":65}]},"getPinCodeRsp":{"ID":6,"parameters":[{"name":"userid","type":33},{"name":"userstatus","type":32},{"name":"usertype","type":48},{"name":"pincodevalue","type":65}]},"getRfidCodeRsp":{"ID":23,"parameters":[{"name":"userid","type":33},{"name":"userstatus","type":32},{"name":"usertype","type":48},{"name":"pincodevalue","type":65}]},"getUserStatusRsp":{"ID":10,"parameters":[{"name":"userid","type":33},{"name":"userstatus","type":32}]},"getUserTypeRsp":{"ID":21,"parameters":[{"name":"userid","type":33},{"name":"usertype","type":48}]},"getWeekDayScheduleRsp":{"ID":12,"parameters":[{"name":"scheduleid","type":32},{"name":"userid","type":33},{"name":"status","type":32},{"name":"daysmask","type":24},{"max":23,"min":0,"name":"starthour","type":32},{"max":59,"min":0,"name":"startminute","type":32},{"max":23,"min":0,"name":"endhour","type":32},{"max":59,"min":0,"name":"endminute","type":32}]},"getYearDayScheduleRsp":{"ID":15,"parameters":[{"name":"scheduleid","type":32},{"name":"userid","type":33},{"name":"status","type":48},{"name":"zigbeelocalstarttime","type":35},{"name":"zigbeelocalendtime","type":35}]},"lockDoorRsp":{"ID":0,"parameters":[{"name":"status","type":48}],"required":true},"operationEventNotification":{"ID":32,"parameters":[{"name":"opereventsrc","type":32},{"name":"opereventcode","type":32},{"name":"userid","type":33},{"name":"pin","type":65},{"name":"zigbeelocaltime","type":35},{"name":"data","type":66}]},"programmingEventNotification":{"ID":33,"parameters":[{"name":"programeventsrc","type":32},{"name":"programeventcode","type":32},{"name":"userid","type":33},{"name":"pin","type":65},{"name":"usertype","type":48},{"name":"userstatus","type":32},{"name":"zigbeelocaltime","type":35},{"name":"data","type":66}]},"setHolidayScheduleRsp":{"ID":17,"parameters":[{"name":"status","type":32}]},"setPinCodeRsp":{"ID":5,"parameters":[{"name":"status","type":32}]},"setRfidCodeRsp":{"ID":22,"parameters":[{"name":"status","type":32}]},"setUserStatusRsp":{"ID":9,"parameters":[{"name":"status","type":32}]},"setUserTypeRsp":{"ID":20,"parameters":[{"name":"status","type":32}]},"setWeekDayScheduleRsp":{"ID":11,"parameters":[{"name":"status","type":32}]},"setYearDayScheduleRsp":{"ID":14,"parameters":[{"name":"status","type":32}]},"toggleDoorRsp":{"ID":2,"parameters":[{"name":"status","type":48}]},"unlockDoorRsp":{"ID":1,"parameters":[{"name":"status","type":48}],"required":true},"unlockWithTimeoutRsp":{"ID":3,"parameters":[{"name":"status","type":48}]}}},"closuresShadeCfg":{"ID":256,"attributes":{"losedLimit":{"ID":16,"default":1,"max":65534,"min":1,"required":true,"type":33,"write":true},"mode":{"ID":17,"default":0,"max":254,"required":true,"type":48,"write":true},"motorStepSize":{"ID":1,"max":254,"type":32},"physicalClosedLimit":{"ID":0,"max":65534,"min":1,"type":33},"status":{"ID":2,"default":0,"required":true,"type":24,"write":true}},"commands":{},"commandsResponse":{}},"closuresWindowCovering":{"ID":258,"attributes":{"accelerationTimeLift":{"ID":21,"default":0,"max":65535,"type":33,"write":true},"calibrationMode":{"ID":61442,"manufacturerCode":4129,"max":255,"type":48,"write":true},"configStatus":{"ID":7,"default":3,"required":true,"type":24},"currentPositionLiftCm":{"ID":3,"default":0,"max":65535,"type":33},"currentPositionLiftPercentage":{"ID":8,"default":0,"max":100,"report":true,"scene":true,"type":32},"currentPositionTiltDdegree":{"ID":4,"default":0,"max":65535,"type":33},"currentPositionTiltPercentage":{"ID":9,"default":0,"max":100,"report":true,"scene":true,"type":32},"decelerationTimeLift":{"ID":22,"default":0,"max":65535,"type":33,"write":true},"elkoDriveCloseDuration":{"ID":57344,"manufacturerCode":4727,"max":65535,"type":33,"write":true},"elkoLiftDriveDownTime":{"ID":57365,"manufacturerCode":4727,"max":65535,"type":33,"write":true},"elkoLiftDriveUpTime":{"ID":57364,"manufacturerCode":4727,"max":65535,"type":33,"write":true},"elkoProtectionSensor":{"ID":57363,"manufacturerCode":4727,"type":24,"write":true},"elkoProtectionStatus":{"ID":57360,"manufacturerCode":4727,"type":24,"write":true},"elkoSunProtectionIlluminanceThreshold":{"ID":57362,"manufacturerCode":4727,"max":65535,"type":33,"write":true},"elkoTiltOpenCloseAndStepTime":{"ID":57366,"manufacturerCode":4727,"max":65535,"type":33,"write":true},"elkoTiltPositionPercentageAfterMoveToLevel":{"ID":57367,"manufacturerCode":4727,"max":255,"type":32,"write":true},"installedClosedLimitLiftCm":{"ID":17,"default":65535,"max":65535,"type":33},"installedClosedLimitTiltDdegree":{"ID":19,"default":65535,"max":65535,"type":33},"installedOpenLimitLiftCm":{"ID":16,"default":0,"max":65535,"type":33},"installedOpenLimitTiltDdegree":{"ID":18,"default":0,"max":65535,"type":33},"intermediateSetpointsLift":{"ID":24,"default":"1,0x0000","type":65},"intermediateSetpointsTilt":{"ID":25,"default":"1,0x0000","type":65},"moesCalibrationTime":{"ID":61443,"max":65535,"type":33,"write":true},"nikoCalibrationTimeDown":{"ID":64706,"manufacturerCode":4703,"max":65535,"type":33,"write":true},"nikoCalibrationTimeUp":{"ID":64705,"manufacturerCode":4703,"max":65535,"type":33,"write":true},"numOfActuationsLift":{"ID":5,"default":0,"max":65535,"type":33},"numOfActuationsTilt":{"ID":6,"default":0,"max":65535,"type":33},"operationalStatus":{"ID":10,"type":24},"physicalClosedLimitLiftCm":{"ID":1,"default":0,"max":65535,"type":33},"physicalClosedLimitTiltDdegree":{"ID":2,"default":0,"max":65535,"type":33},"stepPositionLift":{"ID":61441,"manufacturerCode":4129,"max":255,"type":48,"write":true},"stepPositionTilt":{"ID":61444,"manufacturerCode":4129,"max":255,"type":48,"write":true},"targetPositionTiltPercentage":{"ID":61443,"manufacturerCode":4129,"max":255,"type":48,"write":true},"tuyaCalibration":{"ID":61441,"max":255,"type":48,"write":true},"tuyaMotorReversal":{"ID":61442,"max":255,"type":48,"write":true},"tuyaMovingState":{"ID":61440,"max":255,"type":48,"write":true},"velocityLift":{"ID":20,"default":0,"max":65535,"type":33,"write":true},"windowCoveringMode":{"ID":23,"default":4,"required":true,"type":24},"windowCoveringType":{"ID":0,"default":0,"required":true,"type":48}},"commands":{"downClose":{"ID":1,"parameters":[],"required":true},"elkoStopOrStepLiftPercentage":{"ID":128,"parameters":[{"max":65535,"name":"direction","type":33},{"max":65535,"name":"stepvalue","type":33}]},"goToLiftPercentage":{"ID":5,"parameters":[{"max":100,"name":"percentageliftvalue","type":32}]},"goToLiftValue":{"ID":4,"parameters":[{"name":"liftvalue","type":33}]},"goToTiltPercentage":{"ID":8,"parameters":[{"max":100,"name":"percentagetiltvalue","type":32}]},"goToTiltValue":{"ID":7,"parameters":[{"name":"tiltvalue","type":33}]},"stop":{"ID":2,"parameters":[],"required":true},"upOpen":{"ID":0,"parameters":[],"required":true}},"commandsResponse":{}},"elkoOccupancySettingClusterServer":{"ID":65305,"attributes":{"AmbienceLightThreshold":{"ID":0,"max":65535,"type":33,"write":true},"OccupancyActions":{"ID":1,"max":255,"type":48,"write":true},"UnoccupiedLevel":{"ID":3,"max":255,"type":32,"write":true},"UnoccupiedLevelDflt":{"ID":2,"max":255,"type":32,"write":true}},"commands":{},"commandsResponse":{},"manufacturerCode":4727},"elkoSwitchConfigurationClusterServer":{"ID":65303,"attributes":{"DownGroupID":{"ID":33,"max":65535,"type":33,"write":true},"DownSceneID":{"ID":32,"max":255,"type":32,"write":true},"SwitchActions":{"ID":1,"max":255,"type":48,"write":true},"SwitchIndication":{"ID":0,"max":255,"type":48,"write":true},"UpGroupID":{"ID":17,"max":65535,"type":33,"write":true},"UpSceneID":{"ID":16,"max":255,"type":32,"write":true}},"commands":{},"commandsResponse":{},"manufacturerCode":4727},"genAlarms":{"ID":9,"attributes":{"alarmCount":{"ID":0,"default":0,"max":65535,"type":33}},"commands":{"getAlarm":{"ID":2,"parameters":[]},"publishEventLog":{"ID":4,"parameters":[]},"reset":{"ID":0,"parameters":[{"name":"alarmcode","type":48},{"name":"clusterid","type":232}],"required":true},"resetAll":{"ID":1,"parameters":[],"required":true},"resetLog":{"ID":3,"parameters":[]}},"commandsResponse":{"alarm":{"ID":0,"parameters":[{"name":"alarmcode","type":48},{"name":"clusterid","type":232}],"required":true},"getEventLog":{"ID":2,"parameters":[]},"getRsp":{"ID":1,"parameters":[{"name":"status","type":48},{"conditions":[{"field":"status","type":"fieldEquals","value":0}],"name":"alarmcode","type":48},{"conditions":[{"field":"status","type":"fieldEquals","value":0}],"name":"clusterid","type":232},{"conditions":[{"field":"status","type":"fieldEquals","value":0}],"name":"timestamp","type":35}]}}},"genAnalogInput":{"ID":12,"attributes":{"applicationType":{"ID":256,"max":4294967295,"type":35},"description":{"ID":28,"default":"\u0000","type":66,"write":true,"writeOptional":true},"engineeringUnits":{"ID":117,"max":65535,"type":49,"write":true,"writeOptional":true},"maxPresentValue":{"ID":65,"type":57,"write":true,"writeOptional":true},"minPresentValue":{"ID":69,"type":57,"write":true,"writeOptional":true},"outOfService":{"ID":81,"default":0,"required":true,"type":16,"write":true,"writeOptional":true},"presentValue":{"ID":85,"report":true,"required":true,"type":57,"write":true},"reliability":{"ID":103,"default":0,"type":48,"write":true,"writeOptional":true},"resolution":{"ID":106,"type":57,"write":true,"writeOptional":true},"statusFlags":{"ID":111,"default":0,"max":15,"report":true,"required":true,"type":24}},"commands":{},"commandsResponse":{}},"genAnalogOutput":{"ID":13,"attributes":{"applicationType":{"ID":256,"max":4294967295,"type":35},"description":{"ID":28,"default":"\u0000","type":66,"write":true,"writeOptional":true},"engineeringUnits":{"ID":117,"max":65535,"type":49,"write":true,"writeOptional":true},"maxPresentValue":{"ID":65,"type":57,"write":true,"writeOptional":true},"minPresentValue":{"ID":69,"type":57,"write":true,"writeOptional":true},"outOfService":{"ID":81,"default":0,"required":true,"type":16,"write":true,"writeOptional":true},"presentValue":{"ID":85,"report":true,"required":true,"type":57,"write":true},"priorityArray":{"ID":87,"type":72,"write":true},"reliability":{"ID":103,"default":0,"type":48,"write":true,"writeOptional":true},"relinquishDefault":{"ID":104,"type":57,"write":true,"writeOptional":true},"resolution":{"ID":106,"type":57,"write":true,"writeOptional":true},"statusFlags":{"ID":111,"default":0,"max":15,"report":true,"required":true,"type":24}},"commands":{},"commandsResponse":{}},"genAnalogValue":{"ID":14,"attributes":{"applicationType":{"ID":256,"max":4294967295,"type":35},"description":{"ID":28,"default":"\u0000","type":66,"write":true,"writeOptional":true},"engineeringUnits":{"ID":117,"max":65535,"type":49,"write":true,"writeOptional":true},"outOfService":{"ID":81,"default":0,"required":true,"type":16,"write":true,"writeOptional":true},"presentValue":{"ID":85,"required":true,"type":57,"write":true},"priorityArray":{"ID":87,"type":72,"write":true},"reliability":{"ID":103,"default":0,"type":48,"write":true,"writeOptional":true},"relinquishDefault":{"ID":104,"type":57,"write":true,"writeOptional":true},"statusFlags":{"ID":111,"default":0,"max":15,"required":true,"type":24}},"commands":{},"commandsResponse":{}},"genBasic":{"ID":0,"attributes":{"alarmMask":{"ID":19,"default":0,"type":24,"write":true},"appVersion":{"ID":1,"default":0,"max":255,"type":32},"dateCode":{"ID":6,"default":"","maxLen":16,"type":66},"deviceEnabled":{"ID":18,"default":1,"type":16,"write":true},"disableLocalConfig":{"ID":20,"default":0,"type":24,"write":true},"genericDeviceClass":{"ID":8,"default":255,"type":48},"genericDeviceType":{"ID":9,"default":255,"type":48},"hwVersion":{"ID":3,"default":0,"max":255,"type":32},"locationDesc":{"ID":16,"default":"","maxLen":16,"type":66,"write":true},"manufacturerName":{"ID":4,"default":"","maxLen":32,"type":66},"manufacturerVersionDetails":{"ID":12,"default":"","type":66},"modelId":{"ID":5,"default":"","maxLen":32,"type":66},"physicalEnv":{"ID":17,"default":0,"type":48,"write":true},"powerSource":{"ID":7,"default":255,"required":true,"type":48},"productCode":{"ID":10,"default":"","type":65},"productLabel":{"ID":14,"default":"","type":66},"productUrl":{"ID":11,"default":"","type":66},"schneiderMeterRadioPower":{"ID":57856,"manufacturerCode":4190,"max":127,"min":-128,"type":40,"write":true},"serialNumber":{"ID":13,"default":"","type":66},"stackVersion":{"ID":2,"default":0,"max":255,"type":32},"swBuildId":{"ID":16384,"default":"","maxLen":16,"type":66},"zclVersion":{"ID":0,"default":8,"max":255,"required":true,"type":32}},"commands":{"resetFactDefault":{"ID":0,"parameters":[]},"tuyaSetup":{"ID":240,"parameters":[]}},"commandsResponse":{}},"genBinaryInput":{"ID":15,"attributes":{"activeText":{"ID":4,"default":"\u0000","type":66,"write":true,"writeOptional":true},"applicationType":{"ID":256,"max":4294967295,"type":35},"description":{"ID":28,"default":"\u0000","type":66,"write":true,"writeOptional":true},"inactiveText":{"ID":46,"default":"\u0000","type":66,"write":true,"writeOptional":true},"outOfService":{"ID":81,"default":0,"required":true,"type":16,"write":true,"writeOptional":true},"polarity":{"ID":84,"default":0,"type":48},"presentValue":{"ID":85,"required":true,"type":16,"write":true,"writeOptional":true},"reliability":{"ID":103,"default":0,"type":48,"write":true,"writeOptional":true},"statusFlags":{"ID":111,"default":0,"max":15,"required":true,"type":24}},"commands":{},"commandsResponse":{}},"genBinaryOutput":{"ID":16,"attributes":{"activeText":{"ID":4,"default":"\u0000","type":66,"write":true,"writeOptional":true},"applicationType":{"ID":256,"max":4294967295,"type":35},"description":{"ID":28,"default":"\u0000","type":66,"write":true,"writeOptional":true},"inactiveText":{"ID":46,"default":"\u0000","type":66,"write":true,"writeOptional":true},"minimumOffTime":{"ID":66,"default":4294967295,"type":35,"write":true,"writeOptional":true},"minimumOnTime":{"ID":67,"default":4294967295,"type":35,"write":true,"writeOptional":true},"outOfService":{"ID":81,"default":0,"required":true,"type":16,"write":true,"writeOptional":true},"polarity":{"ID":84,"default":0,"type":48},"presentValue":{"ID":85,"required":true,"type":16,"write":true,"writeOptional":true},"priorityArray":{"ID":87,"type":72,"write":true},"reliability":{"ID":103,"type":48,"write":true,"writeOptional":true},"relinquishDefault":{"ID":104,"type":16,"write":true,"writeOptional":true},"statusFlags":{"ID":111,"default":0,"max":15,"required":true,"type":24}},"commands":{},"commandsResponse":{}},"genBinaryValue":{"ID":17,"attributes":{"activeText":{"ID":4,"default":"\u0000","type":66,"write":true,"writeOptional":true},"applicationType":{"ID":256,"max":4294967295,"type":35},"description":{"ID":28,"default":"\u0000","type":66,"write":true,"writeOptional":true},"inactiveText":{"ID":46,"default":"\u0000","type":66,"write":true,"writeOptional":true},"minimumOffTime":{"ID":66,"default":4294967295,"type":35,"write":true,"writeOptional":true},"minimumOnTime":{"ID":67,"default":4294967295,"type":35,"write":true,"writeOptional":true},"outOfService":{"ID":81,"default":0,"required":true,"type":16,"write":true,"writeOptional":true},"presentValue":{"ID":85,"required":true,"type":16,"write":true,"writeOptional":true},"priorityArray":{"ID":87,"type":72,"write":true},"reliability":{"ID":103,"type":48,"write":true,"writeOptional":true},"relinquishDefault":{"ID":104,"type":16,"write":true,"writeOptional":true},"statusFlags":{"ID":111,"default":0,"max":15,"required":true,"type":24}},"commands":{},"commandsResponse":{}},"genCommissioning":{"ID":21,"attributes":{"channelmask":{"ID":3,"required":true,"type":27,"write":true},"concentratorDiscoveryTime":{"ID":66,"default":0,"max":255,"type":32,"write":true},"concentratorFlag":{"ID":64,"default":0,"type":16,"write":true},"concentratorRadius":{"ID":65,"default":15,"max":255,"type":32,"write":true},"extendedPANId":{"ID":1,"default":"0xffffffffffffffff","required":true,"special":[["PANIdUnspecified","ffffffffffffffff"]],"type":240,"write":true},"indirectPollRate":{"ID":48,"max":65535,"type":33,"write":true},"maxRejoinInterval":{"ID":35,"default":3600,"max":65535,"min":1,"type":33,"write":true},"networkKey":{"ID":18,"required":true,"type":241,"write":true},"networkKeySeqNum":{"ID":21,"default":0,"max":255,"required":true,"type":32,"write":true},"networkKeyType":{"ID":22,"required":true,"type":48,"write":true},"networkManagerress":{"ID":23,"default":0,"required":true,"type":33,"write":true},"panId":{"ID":2,"max":65535,"required":true,"type":33,"write":true},"parentRetryThreshold":{"ID":49,"max":255,"type":32},"preconfiguredLinkKey":{"ID":20,"required":true,"type":241,"write":true},"protocolVersion":{"ID":4,"max":2,"min":2,"required":true,"type":32,"write":true},"rejoinInterval":{"ID":34,"default":60,"min":1,"type":33,"write":true},"scanAttempts":{"ID":32,"default":5,"max":255,"min":1,"type":32,"write":true},"shortress":{"ID":0,"max":65527,"required":true,"type":33,"write":true},"stackProfile":{"ID":5,"max":2,"min":1,"required":true,"type":32,"write":true},"startupControl":{"ID":6,"max":3,"required":true,"type":48,"write":true},"timeBetweenScans":{"ID":33,"default":100,"max":65535,"min":1,"type":33,"write":true},"trustCenterMasterKey":{"ID":17,"type":241,"write":true},"trustCenterress":{"ID":16,"default":"0x0000000000000000","required":true,"special":[["AddressUnspecified","0000000000000000"]],"type":240,"write":true},"useInsecureJoin":{"ID":19,"default":1,"required":true,"type":16,"write":true}},"commands":{"resetStartupParams":{"ID":3,"parameters":[{"name":"options","type":24},{"name":"index","type":32}],"required":true},"restartDevice":{"ID":0,"parameters":[{"name":"options","type":24},{"name":"delay","type":32},{"name":"jitter","type":32}],"required":true},"restoreStartupParams":{"ID":2,"parameters":[{"name":"options","type":24},{"name":"index","type":32}]},"saveStartupParams":{"ID":1,"parameters":[{"name":"options","type":24},{"name":"index","type":32}]}},"commandsResponse":{"resetStartupParamsRsp":{"ID":3,"parameters":[{"name":"status","type":48}],"required":true},"restartDeviceRsp":{"ID":0,"parameters":[{"name":"status","type":48}],"required":true},"restoreStartupParamsRsp":{"ID":2,"parameters":[{"name":"status","type":48}],"required":true},"saveStartupParamsRsp":{"ID":1,"parameters":[{"name":"status","type":48}],"required":true}}},"genDeviceTempCfg":{"ID":2,"attributes":{"currentTemperature":{"ID":0,"max":200,"min":-200,"required":true,"type":41},"devTempAlarmMask":{"ID":16,"default":0,"type":24,"write":true},"highTempDwellTripPoint":{"ID":20,"max":16777215,"type":34,"write":true},"highTempThres":{"ID":18,"max":200,"min":-200,"type":41,"write":true},"lowTempDwellTripPoint":{"ID":19,"max":16777215,"type":34,"write":true},"lowTempThres":{"ID":17,"max":200,"min":-200,"type":41,"write":true},"maxTempExperienced":{"ID":2,"max":200,"min":-200,"type":41},"minTempExperienced":{"ID":1,"max":200,"min":-200,"type":41},"overTempTotalDwell":{"ID":3,"default":0,"max":65535,"type":33}},"commands":{},"commandsResponse":{}},"genGroups":{"ID":4,"attributes":{"nameSupport":{"ID":0,"default":0,"required":true,"type":24}},"commands":{"add":{"ID":0,"parameters":[{"name":"groupid","type":33},{"name":"groupname","type":66}],"required":true,"response":0},"addIfIdentifying":{"ID":5,"parameters":[{"name":"groupid","type":33},{"name":"groupname","type":66}],"required":true},"getMembership":{"ID":2,"parameters":[{"name":"groupcount","type":32},{"name":"grouplist","type":1002}],"required":true,"response":2},"miboxerSetZones":{"ID":240,"parameters":[{"name":"zones","type":1012}]},"remove":{"ID":3,"parameters":[{"name":"groupid","type":33}],"required":true,"response":3},"removeAll":{"ID":4,"parameters":[],"required":true},"view":{"ID":1,"parameters":[{"name":"groupid","type":33}],"required":true,"response":1}},"commandsResponse":{"addRsp":{"ID":0,"parameters":[{"name":"status","type":48},{"name":"groupid","type":33}],"required":true},"getMembershipRsp":{"ID":2,"parameters":[{"name":"capacity","type":32},{"name":"groupcount","type":32},{"name":"grouplist","type":1002}],"required":true},"removeRsp":{"ID":3,"parameters":[{"name":"status","type":48},{"name":"groupid","type":33}],"required":true},"viewRsp":{"ID":1,"parameters":[{"name":"status","type":48},{"name":"groupid","type":33},{"name":"groupname","type":66}],"required":true}}},"genIdentify":{"ID":3,"attributes":{"identifyTime":{"ID":0,"default":0,"max":65535,"required":true,"type":33,"write":true}},"commands":{"ezmodeInvoke":{"ID":2,"parameters":[{"max":255,"name":"action","type":32}]},"identify":{"ID":0,"parameters":[{"name":"identifytime","type":33}],"required":true},"identifyQuery":{"ID":1,"parameters":[],"required":true},"triggerEffect":{"ID":64,"parameters":[{"name":"effectid","type":48},{"name":"effectvariant","type":48}]},"updateCommissionState":{"ID":3,"parameters":[{"max":255,"name":"action","type":32},{"max":255,"name":"commstatemask","type":32}]}},"commandsResponse":{"identifyQueryRsp":{"ID":0,"parameters":[{"max":65535,"name":"timeout","type":33}],"required":true}}},"genLevelCtrl":{"ID":8,"attributes":{"currentFrequency":{"ID":4,"default":0,"report":true,"type":33},"currentLevel":{"ID":0,"default":255,"report":true,"required":true,"scene":true,"type":32},"defaultMoveRate":{"ID":20,"max":254,"type":32,"write":true},"elkoStartUpCurrentLevel":{"ID":16384,"manufacturerCode":4727,"max":255,"type":32,"write":true},"maxFrequency":{"ID":6,"default":0,"max":65535,"type":33},"maxLevel":{"ID":3,"default":255,"max":255,"type":32},"minFrequency":{"ID":5,"default":0,"type":33},"minLevel":{"ID":2,"default":0,"type":32},"offTransitionTime":{"ID":19,"default":65535,"max":65534,"type":33,"write":true},"onLevel":{"ID":17,"default":255,"type":32,"write":true},"onOffTransitionTime":{"ID":16,"default":0,"max":65535,"type":33,"write":true},"onTransitionTime":{"ID":18,"default":65535,"max":65534,"type":33,"write":true},"options":{"ID":15,"default":0,"type":24,"write":true},"remainingTime":{"ID":1,"default":0,"max":65535,"type":33},"startUpCurrentLevel":{"ID":16384,"max":255,"special":[["MinimumDeviceValuePermitted","00"],["SetToPreviousValue","ff"]],"type":32,"write":true}},"commands":{"move":{"ID":1,"parameters":[{"name":"movemode","type":48},{"name":"rate","type":32},{"conditions":[{"type":"minimumRemainingBufferBytes","value":1}],"name":"optionsMask","type":24},{"conditions":[{"type":"minimumRemainingBufferBytes","value":1}],"name":"optionsOverride","type":24}],"required":true},"moveToClosestFrequency":{"ID":8,"parameters":[{"name":"frequency","type":33}]},"moveToLevel":{"ID":0,"parameters":[{"name":"level","type":32},{"name":"transtime","type":33},{"conditions":[{"type":"minimumRemainingBufferBytes","value":1}],"name":"optionsMask","type":24},{"conditions":[{"type":"minimumRemainingBufferBytes","value":1}],"name":"optionsOverride","type":24}],"required":true},"moveToLevelTuya":{"ID":240,"parameters":[{"max":65535,"name":"level","type":33},{"max":65535,"name":"transtime","type":33}]},"moveToLevelWithOnOff":{"ID":4,"parameters":[{"name":"level","type":32},{"name":"transtime","type":33},{"conditions":[{"type":"minimumRemainingBufferBytes","value":1}],"name":"optionsMask","type":24},{"conditions":[{"type":"minimumRemainingBufferBytes","value":1}],"name":"optionsOverride","type":24}],"required":true},"moveWithOnOff":{"ID":5,"parameters":[{"name":"movemode","type":48},{"name":"rate","type":32},{"conditions":[{"type":"minimumRemainingBufferBytes","value":1}],"name":"optionsMask","type":24},{"conditions":[{"type":"minimumRemainingBufferBytes","value":1}],"name":"optionsOverride","type":24}],"required":true},"step":{"ID":2,"parameters":[{"name":"stepmode","type":48},{"name":"stepsize","type":32},{"name":"transtime","type":33},{"conditions":[{"type":"minimumRemainingBufferBytes","value":1}],"name":"optionsMask","type":24},{"conditions":[{"type":"minimumRemainingBufferBytes","value":1}],"name":"optionsOverride","type":24}],"required":true},"stepWithOnOff":{"ID":6,"parameters":[{"name":"stepmode","type":48},{"name":"stepsize","type":32},{"name":"transtime","type":33},{"conditions":[{"type":"minimumRemainingBufferBytes","value":1}],"name":"optionsMask","type":24},{"conditions":[{"type":"minimumRemainingBufferBytes","value":1}],"name":"optionsOverride","type":24}],"required":true},"stop":{"ID":3,"parameters":[{"conditions":[{"type":"minimumRemainingBufferBytes","value":1}],"name":"optionsMask","type":24},{"conditions":[{"type":"minimumRemainingBufferBytes","value":1}],"name":"optionsOverride","type":24}],"required":true},"stopWithOnOff":{"ID":7,"parameters":[{"conditions":[{"type":"minimumRemainingBufferBytes","value":1}],"name":"optionsMask","type":24},{"conditions":[{"type":"minimumRemainingBufferBytes","value":1}],"name":"optionsOverride","type":24}],"required":true}},"commandsResponse":{}},"genMultistateInput":{"ID":18,"attributes":{"applicationType":{"ID":256,"max":4294967295,"type":35},"description":{"ID":28,"default":"\u0000","type":66,"write":true,"writeOptional":true},"numberOfStates":{"ID":74,"default":0,"max":65535,"min":1,"required":true,"type":33,"write":true,"writeOptional":true},"outOfService":{"ID":81,"default":0,"required":true,"type":16,"write":true,"writeOptional":true},"presentValue":{"ID":85,"required":true,"type":33,"write":true,"writeOptional":true},"reliability":{"ID":103,"default":0,"type":48,"write":true,"writeOptional":true},"stateText":{"ID":14,"type":72,"write":true,"writeOptional":true},"statusFlags":{"ID":111,"default":0,"max":15,"required":true,"type":24}},"commands":{},"commandsResponse":{}},"genMultistateOutput":{"ID":19,"attributes":{"applicationType":{"ID":256,"max":4294967295,"type":35},"description":{"ID":28,"default":"\u0000","type":66,"write":true,"writeOptional":true},"numberOfStates":{"ID":74,"default":0,"max":65535,"min":1,"required":true,"type":33,"write":true,"writeOptional":true},"outOfService":{"ID":81,"default":0,"required":true,"type":16,"write":true,"writeOptional":true},"presentValue":{"ID":85,"required":true,"type":33,"write":true},"priorityArray":{"ID":87,"type":72,"write":true},"reliability":{"ID":103,"default":0,"type":48,"write":true,"writeOptional":true},"relinquishDefault":{"ID":104,"type":33,"write":true,"writeOptional":true},"stateText":{"ID":14,"type":72,"write":true,"writeOptional":true},"statusFlags":{"ID":111,"default":0,"max":15,"required":true,"type":24}},"commands":{},"commandsResponse":{}},"genMultistateValue":{"ID":20,"attributes":{"applicationType":{"ID":256,"max":4294967295,"type":35},"description":{"ID":28,"default":"\u0000","type":66,"write":true,"writeOptional":true},"numberOfStates":{"ID":74,"default":0,"max":65535,"min":1,"required":true,"type":33,"write":true,"writeOptional":true},"outOfService":{"ID":81,"default":0,"required":true,"type":16,"write":true,"writeOptional":true},"presentValue":{"ID":85,"required":true,"type":33,"write":true},"priorityArray":{"ID":87,"type":72,"write":true},"reliability":{"ID":103,"default":0,"type":48,"write":true,"writeOptional":true},"relinquishDefault":{"ID":104,"type":33,"write":true,"writeOptional":true},"stateText":{"ID":14,"type":72,"write":true,"writeOptional":true},"statusFlags":{"ID":111,"default":0,"max":15,"required":true,"type":24}},"commands":{},"commandsResponse":{}},"genOnOff":{"ID":6,"attributes":{"elkoOnTimeReload":{"ID":57345,"manufacturerCode":4727,"max":4294967295,"type":35,"write":true},"elkoOnTimeReloadOptions":{"ID":57346,"manufacturerCode":4727,"type":24,"write":true},"elkoPreWarningTime":{"ID":57344,"manufacturerCode":4727,"max":65535,"type":33,"write":true},"globalSceneCtrl":{"ID":16384,"default":1,"type":16},"moesStartUpOnOff":{"ID":32770,"max":255,"type":48,"write":true},"nodonTransitionTime":{"ID":1,"manufacturerCode":4747,"max":65535,"type":33,"write":true},"offWaitTime":{"ID":16386,"default":0,"max":65535,"type":33,"write":true},"onOff":{"ID":0,"default":0,"report":true,"required":true,"scene":true,"type":16},"onTime":{"ID":16385,"default":0,"max":65535,"type":33,"write":true},"startUpOnOff":{"ID":16387,"max":255,"special":[["SetToPreviousValue","ff"]],"type":48,"write":true},"tuyaBacklightMode":{"ID":32769,"max":255,"type":48,"write":true},"tuyaBacklightSwitch":{"ID":20480,"max":255,"type":48,"write":true},"tuyaOperationMode":{"ID":32772,"max":255,"type":48,"write":true}},"commands":{"off":{"ID":0,"parameters":[],"required":true},"offWithEffect":{"ID":64,"parameters":[{"name":"effectid","type":48},{"name":"effectvariant","type":32}]},"on":{"ID":1,"parameters":[],"required":true},"onWithRecallGlobalScene":{"ID":65,"parameters":[]},"onWithTimedOff":{"ID":66,"parameters":[{"name":"ctrlbits","type":32},{"name":"ontime","type":33},{"name":"offwaittime","type":33}]},"toggle":{"ID":2,"parameters":[],"required":true},"tuyaAction":{"ID":253,"parameters":[{"max":255,"name":"value","type":32},{"name":"data","type":1008}]},"tuyaAction2":{"ID":252,"parameters":[{"max":255,"name":"value","type":32}]}},"commandsResponse":{}},"genOnOffSwitchCfg":{"ID":7,"attributes":{"switchActions":{"ID":16,"max":2,"min":0,"required":true,"type":48,"write":true},"switchType":{"ID":0,"max":2,"min":0,"required":true,"type":48}},"commands":{},"commandsResponse":{}},"genOta":{"ID":25,"attributes":{"currentFileVersion":{"ID":2,"client":true,"default":4294967295,"max":4294967295,"type":35},"currentZigbeeStackVersion":{"ID":3,"client":true,"default":65535,"max":65535,"type":33},"downloadedFileVersion":{"ID":4,"client":true,"default":4294967295,"max":4294967295,"type":35},"downloadedZigbeeStackVersion":{"ID":5,"client":true,"default":65535,"max":65535,"type":33},"fileOffset":{"ID":1,"client":true,"default":4294967295,"max":4294967295,"type":35},"imageStamp":{"ID":10,"client":true,"max":4294967295,"type":35},"imageTypeId":{"ID":8,"client":true,"max":65535,"type":33},"imageUpgradeStatus":{"ID":6,"client":true,"default":0,"max":255,"required":true,"type":48},"manufacturerId":{"ID":7,"client":true,"max":65535,"type":33},"minimumBlockReqDelay":{"ID":9,"client":true,"default":0,"max":65534,"type":33},"upgradeActivationPolicy":{"ID":11,"client":true,"default":0,"type":48},"upgradeServerId":{"ID":0,"client":true,"default":"0xffffffffffffffff","required":true,"type":240},"upgradeTimeoutPolicy":{"ID":12,"client":true,"default":0,"type":48}},"commands":{"imageBlockRequest":{"ID":3,"parameters":[{"name":"fieldControl","type":24},{"name":"manufacturerCode","type":33},{"max":65471,"name":"imageType","type":33},{"name":"fileVersion","type":35},{"name":"fileOffset","type":35},{"name":"maximumDataSize","type":32},{"conditions":[{"mask":1,"param":"fieldControl","type":"bitMaskSet"}],"name":"requestNodeIeeeAddress","type":240},{"conditions":[{"mask":2,"param":"fieldControl","type":"bitMaskSet"},{"type":"minimumRemainingBufferBytes","value":2}],"name":"minimumBlockPeriod","type":33}],"required":true,"response":5},"imagePageRequest":{"ID":4,"parameters":[{"name":"fieldControl","type":24},{"name":"manufacturerCode","type":33},{"max":65471,"name":"imageType","type":33},{"name":"fileVersion","type":35},{"name":"fileOffset","type":35},{"name":"maximumDataSize","type":32},{"name":"pageSize","type":33},{"name":"responseSpacing","type":33},{"conditions":[{"mask":1,"param":"fieldControl","type":"bitMaskSet"}],"name":"requestNodeIeeeAddress","type":240}],"response":5},"queryDeviceSpecificFileRequest":{"ID":8,"parameters":[{"name":"eui64","type":240},{"name":"manufacturerCode","type":33},{"max":65534,"min":65472,"name":"imageType","type":33},{"name":"fileVersion","type":35},{"name":"zigbeeStackVersion","type":33}],"response":9},"queryNextImageRequest":{"ID":1,"parameters":[{"name":"fieldControl","type":24},{"name":"manufacturerCode","type":33},{"max":65471,"name":"imageType","type":33},{"name":"fileVersion","type":35},{"conditions":[{"mask":1,"param":"fieldControl","type":"bitMaskSet"}],"name":"hardwareVersion","type":33}],"required":true,"response":2},"upgradeEndRequest":{"ID":6,"parameters":[{"name":"status","type":48},{"name":"manufacturerCode","type":33},{"max":65471,"name":"imageType","type":33},{"name":"fileVersion","type":35}],"required":true,"response":7}},"commandsResponse":{"imageBlockResponse":{"ID":5,"parameters":[{"name":"status","type":48},{"conditions":[{"field":"status","type":"fieldEquals","value":0}],"name":"manufacturerCode","type":33},{"conditions":[{"field":"status","type":"fieldEquals","value":0}],"max":65471,"name":"imageType","type":33},{"conditions":[{"field":"status","type":"fieldEquals","value":0}],"name":"fileVersion","type":35},{"conditions":[{"field":"status","type":"fieldEquals","value":0}],"name":"fileOffset","type":35},{"conditions":[{"field":"status","type":"fieldEquals","value":0}],"name":"dataSize","type":32},{"conditions":[{"field":"status","type":"fieldEquals","value":0}],"name":"data","type":1008},{"conditions":[{"field":"status","type":"fieldEquals","value":151}],"name":"currentTime","type":35},{"conditions":[{"field":"status","type":"fieldEquals","value":151}],"name":"requestTime","type":35},{"conditions":[{"field":"status","type":"fieldEquals","value":151}],"name":"minimumBlockPeriod","type":33}],"required":true},"imageNotify":{"ID":0,"parameters":[{"name":"payloadType","type":48},{"name":"queryJitter","type":32},{"conditions":[{"field":"payloadType","type":"fieldGT","value":0}],"name":"manufacturerCode","type":33},{"conditions":[{"field":"payloadType","type":"fieldGT","value":1}],"max":65535,"name":"imageType","type":33},{"conditions":[{"field":"payloadType","type":"fieldGT","value":2}],"max":4294967295,"name":"fileVersion","type":35}]},"queryDeviceSpecificFileResponse":{"ID":9,"parameters":[{"name":"status","type":48},{"conditions":[{"field":"status","type":"fieldEquals","value":0}],"name":"manufacturerCode","type":33},{"conditions":[{"field":"status","type":"fieldEquals","value":0}],"max":65534,"min":65472,"name":"imageType","type":33},{"conditions":[{"field":"status","type":"fieldEquals","value":0}],"name":"fileVersion","type":35},{"conditions":[{"field":"status","type":"fieldEquals","value":0}],"name":"imageSize","type":35}]},"queryNextImageResponse":{"ID":2,"parameters":[{"name":"status","type":48},{"conditions":[{"field":"status","type":"fieldEquals","value":0}],"name":"manufacturerCode","type":33},{"conditions":[{"field":"status","type":"fieldEquals","value":0}],"max":65471,"name":"imageType","type":33},{"conditions":[{"field":"status","type":"fieldEquals","value":0}],"name":"fileVersion","type":35},{"conditions":[{"field":"status","type":"fieldEquals","value":0}],"name":"imageSize","type":35}],"required":true},"upgradeEndResponse":{"ID":7,"parameters":[{"max":1048575,"name":"manufacturerCode","type":33},{"max":1048575,"name":"imageType","type":33},{"max":68719476735,"name":"fileVersion","type":35},{"name":"currentTime","type":226},{"name":"upgradeTime","type":226}],"required":true}}},"genPollCtrl":{"ID":32,"attributes":{"checkinInterval":{"ID":0,"default":14400,"max":7208960,"required":true,"type":35,"write":true},"checkinIntervalMin":{"ID":4,"default":0,"type":35},"fastPollTimeout":{"ID":3,"default":40,"max":65535,"min":1,"required":true,"type":33,"write":true},"fastPollTimeoutMax":{"ID":6,"default":0,"type":33},"longPollInterval":{"ID":1,"default":20,"max":7208960,"min":4,"required":true,"type":35},"longPollIntervalMin":{"ID":5,"default":0,"type":35},"shortPollInterval":{"ID":2,"default":2,"max":65535,"min":1,"required":true,"type":33}},"commands":{"checkinRsp":{"ID":0,"parameters":[{"name":"startFastPolling","type":16},{"name":"fastPollTimeout","type":33}],"required":true},"fastPollStop":{"ID":1,"parameters":[],"required":true},"setLongPollInterval":{"ID":2,"parameters":[{"name":"newLongPollInterval","type":35}]},"setShortPollInterval":{"ID":3,"parameters":[{"name":"newShortPollInterval","type":33}]}},"commandsResponse":{"checkin":{"ID":0,"parameters":[],"required":true}}},"genPowerCfg":{"ID":1,"attributes":{"battery2AHrRating":{"ID":82,"max":65535,"type":33,"write":true},"battery2AlarmMask":{"ID":85,"default":0,"type":24,"write":true},"battery2AlarmState":{"ID":94,"default":0,"report":true,"type":27},"battery2Manufacturer":{"ID":80,"default":"","maxLen":16,"type":66,"write":true},"battery2PercentageMinThreshold":{"ID":90,"default":0,"max":255,"type":32,"write":true,"writeOptional":true},"battery2PercentageRemaining":{"ID":65,"default":0,"max":255,"report":true,"type":32},"battery2PercentageThreshold1":{"ID":91,"default":0,"max":255,"type":32,"write":true,"writeOptional":true},"battery2PercentageThreshold2":{"ID":92,"default":0,"max":255,"type":32,"write":true,"writeOptional":true},"battery2PercentageThreshold3":{"ID":93,"default":0,"max":255,"type":32,"write":true,"writeOptional":true},"battery2Quantity":{"ID":83,"max":255,"type":32,"write":true},"battery2RatedVoltage":{"ID":84,"max":255,"type":32,"write":true},"battery2Size":{"ID":81,"default":255,"type":48,"write":true},"battery2Voltage":{"ID":64,"max":255,"type":32},"battery2VoltageMinThreshold":{"ID":86,"default":0,"max":255,"type":32,"write":true},"battery2VoltageThreshold1":{"ID":87,"default":0,"max":255,"type":32,"write":true,"writeOptional":true},"battery2VoltageThreshold2":{"ID":88,"default":0,"max":255,"type":32,"write":true,"writeOptional":true},"battery2VoltageThreshold3":{"ID":89,"default":0,"max":255,"type":32,"write":true,"writeOptional":true},"battery3AHrRating":{"ID":114,"max":65535,"type":33,"write":true},"battery3AlarmMask":{"ID":117,"default":0,"type":24,"write":true},"battery3AlarmState":{"ID":126,"default":0,"report":true,"type":27},"battery3Manufacturer":{"ID":112,"default":"","maxLen":16,"type":66,"write":true},"battery3PercentageMinThreshold":{"ID":122,"default":0,"max":255,"type":32,"write":true,"writeOptional":true},"battery3PercentageRemaining":{"ID":97,"default":0,"max":255,"report":true,"type":32},"battery3PercentageThreshold1":{"ID":123,"default":0,"max":255,"type":32,"write":true,"writeOptional":true},"battery3PercentageThreshold2":{"ID":124,"default":0,"max":255,"type":32,"write":true,"writeOptional":true},"battery3PercentageThreshold3":{"ID":125,"default":0,"max":255,"type":32,"write":true,"writeOptional":true},"battery3Quantity":{"ID":115,"max":255,"type":32,"write":true},"battery3RatedVoltage":{"ID":116,"max":255,"type":32,"write":true},"battery3Size":{"ID":113,"default":255,"type":48,"write":true},"battery3Voltage":{"ID":96,"max":255,"type":32},"battery3VoltageMinThreshold":{"ID":118,"default":0,"max":255,"type":32,"write":true},"battery3VoltageThreshold1":{"ID":119,"default":0,"max":255,"type":32,"write":true,"writeOptional":true},"battery3VoltageThreshold2":{"ID":120,"default":0,"max":255,"type":32,"write":true,"writeOptional":true},"battery3VoltageThreshold3":{"ID":121,"default":0,"max":255,"type":32,"write":true,"writeOptional":true},"batteryAHrRating":{"ID":50,"max":65535,"type":33,"write":true},"batteryAlarmMask":{"ID":53,"default":0,"type":24,"write":true},"batteryAlarmState":{"ID":62,"default":0,"report":true,"type":27},"batteryManufacturer":{"ID":48,"default":"","maxLen":16,"type":66,"write":true},"batteryPercentMinThres":{"ID":58,"default":0,"max":255,"type":32,"write":true,"writeOptional":true},"batteryPercentThres1":{"ID":59,"default":0,"max":255,"type":32,"write":true,"writeOptional":true},"batteryPercentThres2":{"ID":60,"default":0,"max":255,"type":32,"write":true,"writeOptional":true},"batteryPercentThres3":{"ID":61,"default":0,"max":255,"type":32,"write":true,"writeOptional":true},"batteryPercentageRemaining":{"ID":33,"default":0,"max":255,"report":true,"type":32},"batteryQuantity":{"ID":51,"max":255,"type":32,"write":true},"batteryRatedVoltage":{"ID":52,"max":255,"type":32,"write":true},"batterySize":{"ID":49,"default":255,"type":48,"write":true},"batteryVoltMinThres":{"ID":54,"default":0,"max":255,"type":32,"write":true},"batteryVoltThres1":{"ID":55,"default":0,"max":255,"type":32,"write":true,"writeOptional":true},"batteryVoltThres2":{"ID":56,"default":0,"max":255,"type":32,"write":true,"writeOptional":true},"batteryVoltThres3":{"ID":57,"default":0,"max":255,"type":32,"write":true,"writeOptional":true},"batteryVoltage":{"ID":32,"max":255,"type":32},"mainsAlarmMask":{"ID":16,"default":0,"type":24,"write":true},"mainsFrequency":{"ID":1,"max":255,"type":32},"mainsVoltMaxThres":{"ID":18,"default":65535,"max":65535,"type":33,"write":true},"mainsVoltMinThres":{"ID":17,"default":0,"max":65535,"type":33,"write":true},"mainsVoltage":{"ID":0,"max":65535,"type":33},"mainsVoltageDwellTripPoint":{"ID":19,"default":0,"max":65535,"type":33,"write":true}},"commands":{},"commandsResponse":{}},"genRssiLocation":{"ID":11,"attributes":{"age":{"ID":2,"max":65535,"type":33},"calcPeriod":{"ID":22,"max":65535,"type":33,"write":true},"coordinate1":{"ID":16,"max":32767,"min":-32768,"required":true,"type":41,"write":true},"coordinate2":{"ID":17,"max":32767,"min":-32768,"required":true,"type":41,"write":true},"coordinate3":{"ID":18,"max":32767,"min":-32768,"type":41,"write":true},"method":{"ID":1,"required":true,"type":48,"write":true},"numOfDevices":{"ID":4,"max":255,"type":32},"numRSSIMeasurements":{"ID":23,"max":255,"min":1,"required":true,"type":32,"write":true},"pathLossExponent":{"ID":20,"required":true,"type":33,"write":true},"power":{"ID":19,"max":32767,"min":-32768,"required":true,"type":41,"write":true},"qualityMeasure":{"ID":3,"max":100,"type":32},"reportingPeriod":{"ID":21,"max":65535,"type":33,"write":true},"type":{"ID":0,"required":true,"type":8,"write":true}},"commands":{"anchorNodeAnnounce":{"ID":6,"parameters":[{"name":"anchorNodeAddr","type":240},{"name":"x","type":41},{"name":"y","type":41},{"name":"z","type":41}]},"getDeviceConfig":{"ID":2,"parameters":[{"name":"targetAddr","type":240}],"required":true},"getLocationData":{"ID":3,"parameters":[{"name":"info","type":24},{"name":"numResponses","type":32},{"conditions":[{"mask":4,"param":"info","reversed":true,"type":"bitMaskSet"}],"name":"targetAddr","type":240}],"required":true},"rssiResponse":{"ID":4,"parameters":[{"name":"replyingDevice","type":240},{"name":"x","type":41},{"name":"y","type":41},{"name":"z","type":41},{"name":"rssi","type":40},{"name":"numRssiMeasurements","type":32}]},"sendPings":{"ID":5,"parameters":[{"name":"targetAddr","type":240},{"name":"numRssiMeasurements","type":32},{"name":"calcPeriod","type":33}]},"setAbsolute":{"ID":0,"parameters":[{"name":"coordinate1","type":41},{"name":"coordinate2","type":41},{"name":"coordinate3","type":41},{"name":"power","type":41},{"name":"pathLossExponent","type":33}],"required":true},"setDeviceConfig":{"ID":1,"parameters":[{"name":"power","type":41},{"name":"pathLossExponent","type":33},{"name":"calcPeriod","type":33},{"name":"numRssiMeasurements","type":32},{"name":"reportingPeriod","type":33}],"required":true}},"commandsResponse":{"compactLocationDataNotification":{"ID":3,"parameters":[{"name":"type","type":8},{"name":"coordinate1","type":41},{"name":"coordinate2","type":41},{"conditions":[{"mask":2,"param":"type","reversed":true,"type":"bitMaskSet"}],"name":"coordinate3","type":41},{"conditions":[{"mask":1,"param":"type","reversed":true,"type":"bitMaskSet"}],"name":"qualityMeasure","type":32},{"conditions":[{"mask":1,"param":"type","reversed":true,"type":"bitMaskSet"}],"name":"age","type":33}],"required":true},"deviceConfigResponse":{"ID":0,"parameters":[{"name":"status","type":48},{"conditions":[{"field":"status","type":"fieldEquals","value":0}],"name":"power","type":41},{"conditions":[{"field":"status","type":"fieldEquals","value":0}],"name":"pathLossExponent","type":33},{"conditions":[{"field":"status","type":"fieldEquals","value":0}],"name":"calcPeriod","type":33},{"conditions":[{"field":"status","type":"fieldEquals","value":0}],"name":"numRssiMeasurements","type":32},{"conditions":[{"field":"status","type":"fieldEquals","value":0}],"name":"reportingPeriod","type":33}],"required":true},"locationDataNotification":{"ID":2,"parameters":[{"name":"type","type":8},{"name":"coordinate1","type":41},{"name":"coordinate2","type":41},{"conditions":[{"mask":2,"param":"type","reversed":true,"type":"bitMaskSet"}],"name":"coordinate3","type":41},{"name":"power","type":41},{"name":"pathLossExponent","type":33},{"conditions":[{"mask":1,"param":"type","reversed":true,"type":"bitMaskSet"}],"name":"method","type":48},{"conditions":[{"mask":1,"param":"type","reversed":true,"type":"bitMaskSet"}],"name":"qualityMeasure","type":32},{"conditions":[{"mask":1,"param":"type","reversed":true,"type":"bitMaskSet"}],"name":"age","type":33}]},"locationDataResponse":{"ID":1,"parameters":[{"name":"status","type":48},{"conditions":[{"field":"status","type":"fieldEquals","value":0}],"name":"type","type":8},{"conditions":[{"field":"status","type":"fieldEquals","value":0}],"name":"coordinate1","type":41},{"conditions":[{"field":"status","type":"fieldEquals","value":0}],"name":"coordinate2","type":41},{"conditions":[{"field":"status","type":"fieldEquals","value":0}],"name":"coordinate3","type":41},{"conditions":[{"field":"status","type":"fieldEquals","value":0}],"name":"power","type":41},{"conditions":[{"field":"status","type":"fieldEquals","value":0}],"name":"pathLossExponent","type":33},{"conditions":[{"field":"status","type":"fieldEquals","value":0}],"name":"method","type":48},{"conditions":[{"field":"status","type":"fieldEquals","value":0}],"name":"qualityMeasure","type":32},{"conditions":[{"field":"status","type":"fieldEquals","value":0}],"name":"age","type":33}],"required":true},"reportRssiMeasurements":{"ID":6,"parameters":[{"name":"measuringDeviceAddr","type":240},{"name":"numNeighbors","type":32}]},"requestOwnLocation":{"ID":7,"parameters":[{"name":"blindNodeAddr","type":240}]},"rssiPing":{"ID":4,"parameters":[{"name":"type","type":8}],"required":true},"rssiRequest":{"ID":5,"parameters":[]}}},"genScenes":{"ID":5,"attributes":{"count":{"ID":0,"default":0,"max":255,"required":true,"type":32},"currentGroup":{"ID":2,"default":0,"max":65527,"required":true,"type":33},"currentScene":{"ID":1,"default":0,"max":255,"required":true,"type":32},"lastCfgBy":{"ID":5,"special":[["UnknownOrNotConfigured","ffffffffffffffff"]],"type":240},"nameSupport":{"ID":4,"default":0,"required":true,"type":24},"sceneValid":{"ID":3,"default":0,"required":true,"type":16}},"commands":{"add":{"ID":0,"parameters":[{"name":"groupid","type":33},{"name":"sceneid","type":32},{"name":"transtime","type":33},{"name":"scenename","type":66},{"name":"extensionfieldsets","type":1006}],"required":true,"response":0},"copy":{"ID":66,"parameters":[{"name":"mode","type":24},{"name":"groupidfrom","type":33},{"name":"sceneidfrom","type":32},{"name":"groupidto","type":33},{"name":"sceneidto","type":32}],"response":66},"enhancedAdd":{"ID":64,"parameters":[{"name":"groupid","type":33},{"name":"sceneid","type":32},{"name":"transtime","type":33},{"name":"scenename","type":66},{"name":"extensionfieldsets","type":1006}],"response":64},"enhancedView":{"ID":65,"parameters":[{"name":"groupid","type":33},{"name":"sceneid","type":32}],"response":65},"getSceneMembership":{"ID":6,"parameters":[{"name":"groupid","type":33}],"required":true,"response":6},"recall":{"ID":5,"parameters":[{"name":"groupid","type":33},{"name":"sceneid","type":32},{"name":"transitionTime","type":33}],"required":true},"remove":{"ID":2,"parameters":[{"name":"groupid","type":33},{"name":"sceneid","type":32}],"required":true,"response":2},"removeAll":{"ID":3,"parameters":[{"name":"groupid","type":33}],"required":true,"response":3},"store":{"ID":4,"parameters":[{"name":"groupid","type":33},{"name":"sceneid","type":32}],"required":true,"response":4},"tradfriArrowHold":{"ID":8,"parameters":[{"max":65535,"name":"value","type":33}]},"tradfriArrowRelease":{"ID":9,"parameters":[{"max":65535,"name":"value","type":33}]},"tradfriArrowSingle":{"ID":7,"parameters":[{"max":65535,"name":"value","type":33},{"max":65535,"name":"value2","type":33}]},"view":{"ID":1,"parameters":[{"name":"groupid","type":33},{"name":"sceneid","type":32}],"required":true,"response":1}},"commandsResponse":{"addRsp":{"ID":0,"parameters":[{"name":"status","type":48},{"name":"groupId","type":33},{"name":"sceneId","type":32}],"required":true},"copyRsp":{"ID":66,"parameters":[{"name":"status","type":48},{"name":"groupidfrom","type":33},{"name":"sceneidfrom","type":32}]},"enhancedAddRsp":{"ID":64,"parameters":[{"name":"status","type":48},{"name":"groupId","type":33},{"name":"sceneId","type":32}]},"enhancedViewRsp":{"ID":65,"parameters":[{"name":"status","type":48},{"name":"groupid","type":33},{"name":"sceneid","type":32},{"conditions":[{"field":"status","type":"fieldEquals","value":0}],"name":"transtime","type":33},{"conditions":[{"field":"status","type":"fieldEquals","value":0}],"name":"scenename","type":66},{"conditions":[{"field":"status","type":"fieldEquals","value":0}],"name":"extensionfieldsets","type":1006}]},"getSceneMembershipRsp":{"ID":6,"parameters":[{"name":"status","type":48},{"max":255,"min":1,"name":"capacity","special":[["NoFurtherScenesMayBeAdded","00"],["AtLeastOneFurtherSceneMayBeAdded","fe"],["Unknown","ff"]],"type":32},{"name":"groupid","type":33},{"conditions":[{"field":"status","type":"fieldEquals","value":0}],"name":"scenecount","type":32},{"conditions":[{"field":"status","type":"fieldEquals","value":0}],"name":"scenelist","type":1001}],"required":true},"removeAllRsp":{"ID":3,"parameters":[{"name":"status","type":48},{"name":"groupid","type":33}],"required":true},"removeRsp":{"ID":2,"parameters":[{"name":"status","type":48},{"name":"groupid","type":33},{"name":"sceneid","type":32}],"required":true},"storeRsp":{"ID":4,"parameters":[{"name":"status","type":48},{"name":"groupid","type":33},{"name":"sceneid","type":32}],"required":true},"viewRsp":{"ID":1,"parameters":[{"name":"status","type":48},{"name":"groupid","type":33},{"name":"sceneid","type":32},{"conditions":[{"field":"status","type":"fieldEquals","value":0}],"name":"transtime","type":33},{"conditions":[{"field":"status","type":"fieldEquals","value":0}],"name":"scenename","type":66},{"conditions":[{"field":"status","type":"fieldEquals","value":0}],"name":"extensionfieldsets","type":1006}],"required":true}}},"genTime":{"ID":10,"attributes":{"dstEnd":{"ID":4,"default":4294967295,"max":4294967294,"type":35,"write":true},"dstShift":{"ID":5,"default":0,"max":86400,"min":-86400,"type":43,"write":true},"dstStart":{"ID":3,"default":4294967295,"max":4294967294,"type":35,"write":true},"lastSetTime":{"ID":8,"default":4294967295,"type":226},"localTime":{"ID":7,"default":4294967295,"max":4294967294,"type":35},"standardTime":{"ID":6,"default":4294967295,"max":4294967294,"type":35},"time":{"ID":0,"default":4294967295,"max":4294967294,"required":true,"type":226,"write":true},"timeStatus":{"ID":1,"default":0,"required":true,"type":24,"write":true},"timeZone":{"ID":2,"default":0,"max":86400,"min":-86400,"type":43,"write":true},"validUntilTime":{"ID":9,"default":4294967295,"type":226,"write":true}},"commands":{},"commandsResponse":{}},"greenPower":{"ID":33,"attributes":{"gpLinkKey":{"ID":34,"type":241,"write":true},"gpSharedSecurityKey":{"ID":33,"type":241,"write":true},"gpSharedSecurityKeyType":{"ID":32,"default":0,"max":7,"type":24,"write":true},"gppActiveFunctionality":{"ID":23,"client":true,"required":true,"type":26},"gppBlockGpdId":{"ID":21,"client":true,"type":67},"gppFunctionality":{"ID":22,"client":true,"required":true,"type":26},"gppMaxSearchCounter":{"ID":20,"client":true,"default":10,"max":255,"type":32,"write":true},"gppNotificationRetryNumber":{"ID":18,"client":true,"default":2,"max":5,"type":32,"write":true},"gppNotificationRetryTimer":{"ID":19,"client":true,"default":100,"max":255,"type":32,"write":true},"gpsActiveFunctionality":{"ID":7,"default":16777215,"required":true,"type":26},"gpsCommissioningExitMode":{"ID":3,"default":2,"required":true,"type":24,"write":true},"gpsCommissioningWindow":{"ID":4,"default":180,"max":65535,"type":33,"write":true},"gpsCommunicationMode":{"ID":2,"default":1,"required":true,"type":24,"write":true},"gpsFunctionality":{"ID":6,"required":true,"type":26},"gpsMaxProxyTableEntries":{"ID":16,"client":true,"default":20,"max":255,"required":true,"type":32},"gpsMaxSinkTableEntries":{"ID":0,"max":255,"required":true,"type":32},"gpsSecurityLevel":{"ID":5,"default":6,"required":true,"type":24,"write":true},"proxyTable":{"ID":17,"client":true,"default":0,"required":true,"type":67},"sinkTable":{"ID":1,"required":true,"type":67}},"commands":{"commissioningNotification":{"ID":4,"parameters":[{"name":"options","type":25},{"conditions":[{"offset":0,"param":"options","size":3,"type":"bitFieldEnum","value":0}],"name":"srcID","type":35},{"conditions":[{"offset":0,"param":"options","size":3,"type":"bitFieldEnum","value":2}],"name":"gpdIEEEAddr","type":240},{"conditions":[{"offset":0,"param":"options","size":3,"type":"bitFieldEnum","value":2}],"name":"gpdEndpoint","type":32},{"name":"frameCounter","type":35},{"name":"commandID","type":32},{"name":"payloadSize","type":32},{"conditions":[{"mask":48,"param":"options","reversed":true,"type":"bitMaskSet"},{"mask":512,"param":"options","reversed":true,"type":"bitMaskSet"}],"name":"commandFrame","type":1009},{"conditions":[{"mask":2048,"param":"options","type":"bitMaskSet"}],"name":"gppNwkAddr","type":33},{"conditions":[{"mask":2048,"param":"options","type":"bitMaskSet"}],"name":"gppGpdLink","type":24},{"conditions":[{"mask":512,"param":"options","type":"bitMaskSet"}],"name":"mic","type":35}]},"notification":{"ID":0,"parameters":[{"name":"options","type":25},{"conditions":[{"offset":0,"param":"options","size":3,"type":"bitFieldEnum","value":0}],"name":"srcID","type":35},{"conditions":[{"offset":0,"param":"options","size":3,"type":"bitFieldEnum","value":2}],"name":"gpdIEEEAddr","type":240},{"conditions":[{"offset":0,"param":"options","size":3,"type":"bitFieldEnum","value":2}],"name":"gpdEndpoint","type":32},{"name":"frameCounter","type":35},{"name":"commandID","type":32},{"name":"payloadSize","type":32},{"conditions":[{"mask":192,"param":"options","reversed":true,"type":"bitMaskSet"}],"name":"commandFrame","type":1009},{"conditions":[{"mask":16384,"param":"options","type":"bitMaskSet"}],"name":"gppNwkAddr","type":33},{"conditions":[{"mask":16384,"param":"options","type":"bitMaskSet"}],"name":"gppGpdLink","type":24}]},"pairingSearch":{"ID":1,"parameters":[{"name":"options","type":25},{"conditions":[{"offset":0,"param":"options","size":3,"type":"bitFieldEnum","value":0}],"name":"srcID","type":35},{"conditions":[{"offset":0,"param":"options","size":3,"type":"bitFieldEnum","value":2}],"name":"gpdIEEEAddr","type":240},{"conditions":[{"offset":0,"param":"options","size":3,"type":"bitFieldEnum","value":2}],"name":"gpdEndpoint","type":32}]},"proxyTableRsp":{"ID":11,"parameters":[{"name":"status","type":48},{"name":"totalNumberNonEmptyEntries","type":32},{"name":"startIndex","type":32},{"name":"entriesCount","type":32}]},"sinkCommissioningMode":{"ID":4,"parameters":[{"name":"options","type":24},{"max":65535,"name":"gpmAddressForSecurity","type":33},{"max":65535,"name":"gpmAddressForPairing","type":33},{"name":"sinkEndpoint","type":32}]},"sinkTableReq":{"ID":10,"parameters":[{"name":"options","type":24},{"conditions":[{"offset":0,"param":"options","size":3,"type":"bitFieldEnum","value":0}],"name":"srcID","type":35},{"conditions":[{"offset":0,"param":"options","size":3,"type":"bitFieldEnum","value":2}],"name":"gpdIEEEAddr","type":240},{"conditions":[{"offset":0,"param":"options","size":3,"type":"bitFieldEnum","value":2}],"name":"gpdEndpoint","type":32},{"name":"index","type":32}],"response":10},"translationTableReq":{"ID":8,"parameters":[{"name":"startIndex","type":32}],"response":8},"translationTableUpdate":{"ID":7,"parameters":[{"name":"options","type":25},{"conditions":[{"offset":0,"param":"options","size":3,"type":"bitFieldEnum","value":0}],"name":"srcID","type":35},{"conditions":[{"offset":0,"param":"options","size":3,"type":"bitFieldEnum","value":2}],"name":"gpdIEEEAddr","type":240},{"conditions":[{"offset":0,"param":"options","size":3,"type":"bitFieldEnum","value":2}],"name":"gpdEndpoint","type":32}]},"tunnelingStop":{"ID":3,"parameters":[{"name":"options","type":24},{"conditions":[{"offset":0,"param":"options","size":3,"type":"bitFieldEnum","value":0}],"name":"srcID","type":35},{"conditions":[{"offset":0,"param":"options","size":3,"type":"bitFieldEnum","value":2}],"name":"gpdIEEEAddr","type":240},{"conditions":[{"offset":0,"param":"options","size":3,"type":"bitFieldEnum","value":2}],"name":"gpdEndpoint","type":32},{"name":"gpdSecurityFrameCounter","type":35},{"name":"gppShortAddress","type":33},{"name":"gppGpdLink","type":24}]}},"commandsResponse":{"commisioningMode":{"ID":2,"parameters":[{"name":"options","type":24},{"conditions":[{"mask":2,"param":"options","type":"bitMaskSet"}],"name":"commisioningWindow","type":33},{"conditions":[{"mask":16,"param":"options","type":"bitMaskSet"}],"name":"channel","type":32}]},"notificationResponse":{"ID":0,"parameters":[{"name":"options","type":24},{"conditions":[{"offset":0,"param":"options","size":3,"type":"bitFieldEnum","value":0}],"name":"srcID","type":35},{"conditions":[{"offset":0,"param":"options","size":3,"type":"bitFieldEnum","value":2}],"name":"gpdIEEEAddr","type":240},{"conditions":[{"offset":0,"param":"options","size":3,"type":"bitFieldEnum","value":2}],"name":"gpdEndpoint","type":32},{"name":"gpdSecurityFrameCounter","type":35}]},"pairing":{"ID":1,"parameters":[{"name":"options","type":26},{"conditions":[{"offset":0,"param":"options","size":3,"type":"bitFieldEnum","value":0}],"name":"srcID","type":35},{"conditions":[{"offset":0,"param":"options","size":3,"type":"bitFieldEnum","value":2}],"name":"gpdIEEEAddr","type":240},{"conditions":[{"offset":0,"param":"options","size":3,"type":"bitFieldEnum","value":2}],"name":"gpdEndpoint","type":32},{"conditions":[{"offset":4,"param":"options","size":3,"type":"bitFieldEnum","value":6}],"name":"sinkIEEEAddr","type":240},{"conditions":[{"offset":4,"param":"options","size":3,"type":"bitFieldEnum","value":0}],"name":"sinkIEEEAddr","type":240},{"conditions":[{"offset":4,"param":"options","size":3,"type":"bitFieldEnum","value":6}],"name":"sinkNwkAddr","type":33},{"conditions":[{"offset":4,"param":"options","size":3,"type":"bitFieldEnum","value":0}],"name":"sinkNwkAddr","type":33},{"conditions":[{"offset":4,"param":"options","size":3,"type":"bitFieldEnum","value":4}],"name":"sinkGroupID","type":33},{"conditions":[{"offset":4,"param":"options","size":3,"type":"bitFieldEnum","value":2}],"name":"sinkGroupID","type":33},{"conditions":[{"mask":8,"param":"options","type":"bitMaskSet"}],"name":"deviceID","type":32},{"conditions":[{"mask":16384,"param":"options","type":"bitMaskSet"}],"name":"frameCounter","type":35},{"conditions":[{"mask":32768,"param":"options","type":"bitMaskSet"}],"name":"gpdKey","type":241},{"conditions":[{"mask":65536,"param":"options","type":"bitMaskSet"}],"name":"assignedAlias","type":33},{"conditions":[{"mask":131072,"param":"options","type":"bitMaskSet"}],"name":"groupcastRadius","type":32}]},"proxyTableReq":{"ID":11,"parameters":[{"name":"options","type":24},{"conditions":[{"offset":0,"param":"options","size":3,"type":"bitFieldEnum","value":0}],"name":"srcID","type":35},{"conditions":[{"offset":0,"param":"options","size":3,"type":"bitFieldEnum","value":2}],"name":"gpdIEEEAddr","type":240},{"conditions":[{"offset":0,"param":"options","size":3,"type":"bitFieldEnum","value":2}],"name":"gpdEndpoint","type":32},{"name":"index","type":32}]},"response":{"ID":6,"parameters":[{"name":"options","type":32},{"name":"tempMaster","type":33},{"name":"tempMasterTx","type":24},{"conditions":[{"offset":0,"param":"options","size":3,"type":"bitFieldEnum","value":0}],"name":"srcID","type":35},{"conditions":[{"offset":0,"param":"options","size":3,"type":"bitFieldEnum","value":2}],"name":"gpdIEEEAddr","type":240},{"conditions":[{"offset":0,"param":"options","size":3,"type":"bitFieldEnum","value":2}],"name":"gpdEndpoint","type":32},{"name":"gpdCmd","type":32},{"name":"gpdPayload","type":1009}]},"sinkTableRsp":{"ID":10,"parameters":[{"name":"status","type":48},{"name":"totalNumberNonEmptyEntries","type":32},{"name":"startIndex","type":32},{"name":"entriesCount","type":32}]},"translationTableRsp":{"ID":8,"parameters":[{"name":"status","type":48},{"name":"options","type":24},{"name":"totalNumberEntries","type":32},{"name":"startIndex","type":32},{"name":"entriesCount","type":32}]}}},"haApplianceControl":{"ID":27,"attributes":{"finishTime":{"ID":1,"default":0,"max":65535,"report":true,"required":true,"type":33},"remainingTime":{"ID":2,"default":0,"max":65535,"report":true,"type":33},"startTime":{"ID":0,"default":0,"max":65535,"report":true,"required":true,"type":33}},"commands":{"executionOfCommand":{"ID":0,"parameters":[{"name":"commandId","type":48}]},"overloadPause":{"ID":4,"parameters":[]},"overloadPauseResume":{"ID":3,"parameters":[]},"overloadWarning":{"ID":5,"parameters":[{"name":"warningEvent","type":48}]},"signalState":{"ID":1,"parameters":[],"required":true,"response":0},"writeFunctions":{"ID":2,"parameters":[]}},"commandsResponse":{"signalStateNotification":{"ID":0,"parameters":[{"name":"applianceStatus","type":48},{"name":"remoteEnableFlagsAndDeviceStatus2","type":24},{"conditions":[{"type":"minimumRemainingBufferBytes","value":3}],"name":"applianceStatus2","type":34}],"required":true},"signalStateRsp":{"ID":0,"parameters":[{"name":"applianceStatus","type":48},{"name":"remoteEnableFlagsAndDeviceStatus2","type":24},{"conditions":[{"type":"minimumRemainingBufferBytes","value":3}],"name":"applianceStatus2","type":34}],"required":true}}},"haApplianceEventsAlerts":{"ID":2818,"attributes":{},"commands":{"getAlerts":{"ID":0,"parameters":[],"required":true}},"commandsResponse":{"alertsNotification":{"ID":1,"parameters":[{"name":"alertscount","type":32},{"name":"aalert","type":1003}],"required":true},"eventNotification":{"ID":2,"parameters":[{"name":"eventheader","type":32},{"max":255,"name":"eventid","type":32}],"required":true},"getAlertsRsp":{"ID":0,"parameters":[{"name":"alertscount","type":32},{"name":"aalert","type":1003}],"required":true}}},"haApplianceIdentification":{"ID":2816,"attributes":{"basicIdentification":{"ID":0,"required":true,"type":38},"brandId":{"ID":19,"max":65535,"type":33},"brandName":{"ID":18,"maxLen":16,"type":66},"cecedSpecificationVersion":{"ID":26,"max":255,"type":32},"companyId":{"ID":17,"max":65535,"type":33},"companyName":{"ID":16,"maxLen":16,"type":66},"model":{"ID":20,"maxLen":16,"type":65},"partNumber":{"ID":21,"maxLen":16,"type":65},"productRevision":{"ID":22,"maxLen":6,"type":65},"productTypeId":{"ID":25,"max":65535,"type":33},"productTypeName":{"ID":24,"length":2,"type":65},"softwareRevision":{"ID":23,"maxLen":6,"type":65}},"commands":{},"commandsResponse":{}},"haApplianceStatistics":{"ID":2819,"attributes":{"logMaxSize":{"ID":0,"default":60,"required":true,"type":35},"logQueueMaxSize":{"ID":1,"default":1,"required":true,"type":32}},"commands":{"log":{"ID":0,"parameters":[{"name":"logid","type":35}],"required":true},"logQueue":{"ID":1,"parameters":[],"required":true}},"commandsResponse":{"logNotification":{"ID":0,"parameters":[{"name":"timestamp","type":226},{"name":"logid","type":35},{"name":"loglength","type":35},{"name":"logpayload","type":1001}],"required":true},"logQueueRsp":{"ID":2,"parameters":[{"name":"logqueuesize","type":32},{"name":"logid","type":1004}],"required":true},"logRsp":{"ID":1,"parameters":[{"name":"timestamp","type":226},{"name":"logid","type":35},{"name":"loglength","type":35},{"name":"logpayload","type":1001}],"required":true},"statisticsAvailable":{"ID":3,"parameters":[{"name":"logqueuesize","type":32},{"name":"logid","type":1004}],"required":true}}},"haDiagnostic":{"ID":2821,"attributes":{"aPSRxBcast":{"ID":262,"default":0,"max":65535,"type":33},"aPSRxUcast":{"ID":264,"default":0,"max":65535,"type":33},"aPSTxBcast":{"ID":263,"default":0,"max":65535,"type":33},"aPSTxUcastFail":{"ID":267,"default":0,"max":65535,"type":33},"aPSTxUcastRetry":{"ID":266,"default":0,"max":65535,"type":33},"aPSTxUcastSuccess":{"ID":265,"default":0,"max":65535,"type":33},"apsDecryptFailures":{"ID":278,"default":0,"max":65535,"type":33},"apsFcFailure":{"ID":275,"default":0,"max":65535,"type":33},"apsUnauthorizedKey":{"ID":276,"default":0,"max":65535,"type":33},"averageMacRetryPerApsMessageSent":{"ID":283,"default":0,"max":65535,"type":33},"childMoved":{"ID":273,"default":0,"max":65535,"type":33},"danfossHeatSupplyRequest":{"ID":16433,"manufacturerCode":4678,"max":255,"type":48,"write":true},"danfossIconApplication":{"ID":16912,"manufacturerCode":4678,"max":255,"type":48,"write":true},"danfossIconForcedHeatingCooling":{"ID":16928,"manufacturerCode":4678,"max":255,"type":48,"write":true},"danfossMultimasterRole":{"ID":16897,"manufacturerCode":4678,"max":255,"type":48,"write":true},"danfossSystemStatusCode":{"ID":16384,"manufacturerCode":4678,"type":25,"write":true},"danfossSystemStatusWater":{"ID":16896,"manufacturerCode":4678,"max":255,"type":48,"write":true},"joinIndication":{"ID":272,"default":0,"max":65535,"type":33},"lastMessageLqi":{"ID":284,"default":0,"max":255,"type":32},"lastMessageRssi":{"ID":285,"default":0,"max":127,"min":-127,"type":40},"macRxBcast":{"ID":256,"default":0,"max":4294967295,"type":35},"macRxUcast":{"ID":258,"default":0,"max":4294967295,"type":35},"macTxBcast":{"ID":257,"default":0,"max":4294967295,"type":35},"macTxUcast":{"ID":259,"default":0,"max":4294967295,"type":35},"macTxUcastFail":{"ID":261,"default":0,"max":65535,"type":33},"macTxUcastRetry":{"ID":260,"default":0,"max":65535,"type":33},"neighborAdded":{"ID":269,"default":0,"max":65535,"type":33},"neighborRemoved":{"ID":270,"default":0,"max":65535,"type":33},"neighborStale":{"ID":271,"default":0,"max":65535,"type":33},"numberOfResets":{"ID":0,"default":0,"max":65535,"type":33},"nwkDecryptFailures":{"ID":277,"default":0,"max":65535,"type":33},"nwkFcFailure":{"ID":274,"default":0,"max":65535,"type":33},"packetBufferAllocateFailures":{"ID":279,"default":0,"max":65535,"type":33},"packetValidateDropCount":{"ID":282,"default":0,"max":65535,"type":33},"persistentMemoryWrites":{"ID":1,"default":0,"max":65535,"type":33},"phyToMacQueueLimitReached":{"ID":281,"default":0,"max":65535,"type":33},"relayedUcast":{"ID":280,"default":0,"max":65535,"type":33},"routeDiscInitiated":{"ID":268,"default":0,"max":65535,"type":33},"schneiderCommunicationQuality":{"ID":16384,"manufacturerCode":4190,"max":255,"type":32,"write":true},"schneiderDiagnosticRegister1":{"ID":65282,"manufacturerCode":4190,"max":4294967295,"type":35,"write":true},"schneiderMeterStatus":{"ID":65281,"manufacturerCode":4190,"max":4294967295,"type":35,"write":true}},"commands":{},"commandsResponse":{}},"haElectricalMeasurement":{"ID":2820,"attributes":{"acActivePowerOverload":{"ID":2051,"type":41},"acAlarmsMask":{"ID":2048,"default":0,"type":25,"write":true},"acCurrentDivisor":{"ID":1539,"default":1,"min":1,"report":true,"type":33},"acCurrentMultiplier":{"ID":1538,"default":1,"min":1,"report":true,"type":33},"acCurrentOverload":{"ID":2050,"type":41},"acFrequency":{"ID":768,"report":true,"type":33},"acFrequencyDivisor":{"ID":1025,"default":1,"min":1,"report":true,"type":33},"acFrequencyMax":{"ID":770,"type":33},"acFrequencyMin":{"ID":769,"type":33},"acFrequencyMultiplier":{"ID":1024,"default":1,"min":1,"report":true,"type":33},"acPowerDivisor":{"ID":1541,"default":1,"min":1,"report":true,"type":33},"acPowerMultiplier":{"ID":1540,"default":1,"min":1,"report":true,"type":33},"acReactivePowerOverload":{"ID":2052,"type":41},"acVoltageDivisor":{"ID":1537,"default":1,"min":1,"report":true,"type":33},"acVoltageMultiplier":{"ID":1536,"default":1,"min":1,"report":true,"type":33},"acVoltageOverload":{"ID":2049,"type":41},"activeCurrentPhB":{"ID":2306,"report":true,"type":41},"activeCurrentPhC":{"ID":2562,"report":true,"type":41},"activePower":{"ID":1291,"report":true,"type":41},"activePowerMax":{"ID":1293,"type":41},"activePowerMaxPhB":{"ID":2317,"type":41},"activePowerMaxPhC":{"ID":2573,"type":41},"activePowerMin":{"ID":1292,"type":41},"activePowerMinPhB":{"ID":2316,"type":41},"activePowerMinPhC":{"ID":2572,"type":41},"activePowerPhB":{"ID":2315,"report":true,"type":41},"activePowerPhC":{"ID":2571,"report":true,"type":41},"apparentPower":{"ID":1295,"report":true,"type":33},"apparentPowerPhB":{"ID":2319,"report":true,"type":33},"apparentPowerPhC":{"ID":2575,"report":true,"type":33},"averageRmsOverVoltage":{"ID":2053,"type":41},"averageRmsOverVoltageCounter":{"ID":1298,"default":0,"type":33,"write":true},"averageRmsOverVoltageCounterPhB":{"ID":2322,"default":0,"type":33,"write":true},"averageRmsOverVoltageCounterPhC":{"ID":2578,"default":0,"type":33,"write":true},"averageRmsUnderVoltage":{"ID":2054,"type":41},"averageRmsUnderVoltageCounter":{"ID":1299,"default":0,"type":33,"write":true},"averageRmsVoltageMeasPeriod":{"ID":1297,"default":0,"type":33,"write":true},"averageRmsVoltageMeasPeriodPhC":{"ID":2577,"default":0,"type":33,"write":true},"averageRmsVoltageMeasurePeriodPhB":{"ID":2321,"default":0,"type":33,"write":true},"averageUnderVoltageCounterPhB":{"ID":2323,"default":0,"type":33,"write":true},"averageUnderVoltageCounterPhC":{"ID":2579,"default":0,"type":33,"write":true},"dcCurrent":{"ID":259,"min":-32767,"report":true,"type":41},"dcCurrentDivisor":{"ID":515,"default":1,"max":65535,"min":1,"report":true,"type":33},"dcCurrentMax":{"ID":261,"min":-32767,"type":41},"dcCurrentMin":{"ID":260,"min":-32767,"type":41},"dcCurrentMultiplier":{"ID":514,"default":1,"max":65535,"min":1,"report":true,"type":33},"dcCurrentOverload":{"ID":1794,"type":41},"dcOverloadAlarmsMask":{"ID":1792,"default":0,"type":24,"write":true},"dcPower":{"ID":262,"min":-32767,"report":true,"type":41},"dcPowerDivisor":{"ID":517,"default":1,"max":65535,"min":1,"report":true,"type":33},"dcPowerMax":{"ID":264,"min":-32767,"type":41},"dcPowerMin":{"ID":263,"min":-32767,"type":41},"dcPowerMultiplier":{"ID":516,"default":1,"max":65535,"min":1,"report":true,"type":33},"dcVoltage":{"ID":256,"min":-32767,"report":true,"type":41},"dcVoltageDivisor":{"ID":513,"default":1,"max":65535,"min":1,"report":true,"type":33},"dcVoltageMin":{"ID":257,"min":-32767,"type":41},"dcVoltageMultiplier":{"ID":512,"default":1,"max":65535,"min":1,"report":true,"type":33},"dcVoltageOverload":{"ID":1793,"type":41},"dcvoltagemax":{"ID":258,"min":-32767,"type":41},"harmonicCurrentMultiplier":{"ID":1028,"default":0,"min":-127,"report":true,"type":40},"instantaneousActiveCurrent":{"ID":1282,"report":true,"type":41},"instantaneousLineCurrent":{"ID":1281,"report":true,"type":33},"instantaneousPower":{"ID":1284,"type":41},"instantaneousReactiveCurrent":{"ID":1283,"report":true,"type":41},"instantaneousVoltage":{"ID":1280,"type":41},"lineCurrentPhB":{"ID":2305,"report":true,"type":33},"lineCurrentPhC":{"ID":2561,"report":true,"type":33},"meas11thHarmonicCurrent":{"ID":780,"report":true,"type":41},"meas1stHarmonicCurrent":{"ID":775,"report":true,"type":41},"meas3rdHarmonicCurrent":{"ID":776,"report":true,"type":41},"meas5thHarmonicCurrent":{"ID":777,"report":true,"type":41},"meas7thHarmonicCurrent":{"ID":778,"report":true,"type":41},"meas9thHarmonicCurrent":{"ID":779,"report":true,"type":41},"measPhase11thHarmonicCurrent":{"ID":786,"report":true,"type":41},"measPhase1stHarmonicCurrent":{"ID":781,"report":true,"type":41},"measPhase3rdHarmonicCurrent":{"ID":782,"report":true,"type":41},"measPhase5thHarmonicCurrent":{"ID":783,"report":true,"type":41},"measPhase7thHarmonicCurrent":{"ID":784,"report":true,"type":41},"measPhase9thHarmonicCurrent":{"ID":785,"report":true,"type":41},"measurementType":{"ID":0,"default":0,"max":4294967295,"required":true,"type":27},"neutralCurrent":{"ID":771,"report":true,"type":33},"phaseHarmonicCurrentMultiplier":{"ID":1029,"default":0,"min":-127,"report":true,"type":40},"powerDivisor":{"ID":1027,"default":1,"max":16777215,"report":true,"type":35},"powerFactor":{"ID":1296,"default":0,"max":100,"min":-100,"type":40},"powerFactorPhB":{"ID":2320,"default":0,"max":100,"min":-100,"type":40},"powerFactorPhC":{"ID":2576,"default":0,"max":100,"min":-100,"type":40},"powerMultiplier":{"ID":1026,"default":1,"max":16777215,"report":true,"type":35},"reactiveCurrentPhB":{"ID":2307,"report":true,"type":41},"reactiveCurrentPhC":{"ID":2563,"report":true,"type":41},"reactivePower":{"ID":1294,"report":true,"type":41},"reactivePowerPhB":{"ID":2318,"report":true,"type":41},"reactivePowerPhC":{"ID":2574,"report":true,"type":41},"rmsCurrent":{"ID":1288,"report":true,"type":33},"rmsCurrentMax":{"ID":1290,"type":33},"rmsCurrentMaxPhB":{"ID":2314,"type":33},"rmsCurrentMaxPhC":{"ID":2570,"type":33},"rmsCurrentMin":{"ID":1289,"type":33},"rmsCurrentMinPhB":{"ID":2313,"type":33},"rmsCurrentMinPhC":{"ID":2569,"type":33},"rmsCurrentPhB":{"ID":2312,"report":true,"type":33},"rmsCurrentPhC":{"ID":2568,"report":true,"type":33},"rmsExtremeOverVoltage":{"ID":2055,"type":41,"write":true},"rmsExtremeOverVoltagePeriod":{"ID":1300,"default":0,"type":33,"write":true},"rmsExtremeOverVoltagePeriodPhB":{"ID":2324,"default":0,"type":33,"write":true},"rmsExtremeOverVoltagePeriodPhC":{"ID":2580,"default":0,"type":33,"write":true},"rmsExtremeUnderVoltage":{"ID":2056,"type":41,"write":true},"rmsExtremeUnderVoltagePeriod":{"ID":1301,"default":0,"type":33,"write":true},"rmsExtremeUnderVoltagePeriodPhB":{"ID":2325,"default":0,"type":33,"write":true},"rmsExtremeUnderVoltagePeriodPhC":{"ID":2581,"default":0,"type":33,"write":true},"rmsVoltage":{"ID":1285,"report":true,"type":33},"rmsVoltageMax":{"ID":1287,"type":33},"rmsVoltageMaxPhB":{"ID":2311,"default":32768,"type":33},"rmsVoltageMaxPhC":{"ID":2567,"default":32768,"type":33},"rmsVoltageMin":{"ID":1286,"type":33},"rmsVoltageMinPhB":{"ID":2310,"default":32768,"type":33},"rmsVoltageMinPhC":{"ID":2566,"default":32768,"type":33},"rmsVoltagePhB":{"ID":2309,"report":true,"type":33},"rmsVoltagePhC":{"ID":2565,"report":true,"type":33},"rmsVoltageSag":{"ID":2057,"type":41,"write":true},"rmsVoltageSagPeriod":{"ID":1302,"default":0,"type":33,"write":true},"rmsVoltageSagPeriodPhB":{"ID":2326,"default":0,"type":33,"write":true},"rmsVoltageSagPeriodPhC":{"ID":2582,"default":0,"type":33,"write":true},"rmsVoltageSwell":{"ID":2058,"type":41,"write":true},"rmsVoltageSwellPeriod":{"ID":1303,"default":0,"type":33,"write":true},"rmsVoltageSwellPeriodPhB":{"ID":2327,"default":0,"type":33,"write":true},"rmsVoltageSwellPeriodPhC":{"ID":2583,"default":0,"type":33,"write":true},"schneiderActivePowerDemandPhase1":{"ID":17673,"manufacturerCode":4190,"max":2147483647,"min":-2147483648,"type":43,"write":true},"schneiderActivePowerDemandPhase2":{"ID":18697,"manufacturerCode":4190,"max":2147483647,"min":-2147483648,"type":43,"write":true},"schneiderActivePowerDemandPhase3":{"ID":18953,"manufacturerCode":4190,"max":2147483647,"min":-2147483648,"type":43,"write":true},"schneiderActivePowerDemandTotal":{"ID":17152,"manufacturerCode":4190,"max":2147483647,"min":-2147483648,"type":43,"write":true},"schneiderApparentPowerDemandPhase1":{"ID":17675,"manufacturerCode":4190,"max":2147483647,"min":-2147483648,"type":43,"write":true},"schneiderApparentPowerDemandPhase2":{"ID":18699,"manufacturerCode":4190,"max":2147483647,"min":-2147483648,"type":43,"write":true},"schneiderApparentPowerDemandPhase3":{"ID":18955,"manufacturerCode":4190,"max":2147483647,"min":-2147483648,"type":43,"write":true},"schneiderApparentPowerDemandTotal":{"ID":17176,"manufacturerCode":4190,"max":2147483647,"min":-2147483648,"type":43,"write":true},"schneiderCurrentSensorMultiplier":{"ID":19968,"manufacturerCode":4190,"max":255,"type":32,"write":true},"schneiderDemandDateTime":{"ID":17184,"manufacturerCode":4190,"max":4294967295,"type":226,"write":true},"schneiderDemandIntervalDuration":{"ID":17177,"manufacturerCode":4190,"max":16777215,"type":34,"write":true},"schneiderDemandIntervalMaximalCurrentI1":{"ID":17683,"manufacturerCode":4190,"max":65535,"type":33,"write":true},"schneiderDemandIntervalMaximalCurrentI2":{"ID":18707,"manufacturerCode":4190,"max":65535,"type":33,"write":true},"schneiderDemandIntervalMaximalCurrentI3":{"ID":18963,"manufacturerCode":4190,"max":65535,"type":33,"write":true},"schneiderDemandIntervalMinimalVoltageL1":{"ID":17680,"manufacturerCode":4190,"max":65535,"type":33,"write":true},"schneiderDemandIntervalMinimalVoltageL2":{"ID":18704,"manufacturerCode":4190,"max":65535,"type":33,"write":true},"schneiderDemandIntervalMinimalVoltageL3":{"ID":18960,"manufacturerCode":4190,"max":65535,"type":33,"write":true},"schneiderReactivePowerDemandPhase1":{"ID":17674,"manufacturerCode":4190,"max":2147483647,"min":-2147483648,"type":43,"write":true},"schneiderReactivePowerDemandPhase2":{"ID":18698,"manufacturerCode":4190,"max":2147483647,"min":-2147483648,"type":43,"write":true},"schneiderReactivePowerDemandPhase3":{"ID":18954,"manufacturerCode":4190,"max":2147483647,"min":-2147483648,"type":43,"write":true},"schneiderReactivePowerDemandTotal":{"ID":17155,"manufacturerCode":4190,"max":2147483647,"min":-2147483648,"type":43,"write":true},"totalActivePower":{"ID":772,"max":8388607,"min":-8388607,"report":true,"type":43},"totalApparentPower":{"ID":774,"max":16777215,"report":true,"type":35},"totalReactivePower":{"ID":773,"max":8388607,"min":-8388607,"report":true,"type":43}},"commands":{"getMeasurementProfile":{"ID":1,"parameters":[{"name":"attrId","type":233},{"name":"starttime","type":226},{"name":"numofuntervals","type":32}]},"getProfileInfo":{"ID":0,"parameters":[]}},"commandsResponse":{"getMeasurementProfileRsp":{"ID":1,"parameters":[{"name":"starttime","type":226},{"name":"status","type":48},{"name":"profileintervalperiod","type":48},{"name":"numofintervalsdeliv","type":32},{"name":"attrId","type":233},{"name":"intervals","type":1008}]},"getProfileInfoRsp":{"ID":0,"parameters":[{"name":"profilecount","type":32},{"name":"profileintervalperiod","type":48},{"name":"maxnumofintervals","type":32},{"name":"numofattrs","type":32},{"name":"listofattr","type":1002}]}}},"hvacDehumidificationCtrl":{"ID":515,"attributes":{"dehumidCooling":{"ID":1,"report":true,"required":true,"type":32},"dehumidHysteresis":{"ID":19,"default":2,"max":20,"min":2,"required":true,"type":32,"write":true},"dehumidLockout":{"ID":18,"default":1,"type":48,"write":true},"dehumidMaxCool":{"ID":20,"default":20,"max":100,"min":20,"required":true,"type":32,"write":true},"relativeHumidDisplay":{"ID":21,"default":0,"max":1,"type":48,"write":true},"relativeHumidity":{"ID":0,"max":100,"type":32},"relativeHumidityMode":{"ID":17,"default":0,"type":48,"write":true},"rhDehumidSetpoint":{"ID":16,"default":50,"max":100,"min":30,"required":true,"type":32,"write":true}},"commands":{},"commandsResponse":{}},"hvacFanCtrl":{"ID":514,"attributes":{"fanMode":{"ID":0,"default":5,"max":6,"required":true,"type":48,"write":true},"fanModeSequence":{"ID":1,"default":2,"max":4,"required":true,"type":48,"write":true}},"commands":{},"commandsResponse":{}},"hvacPumpCfgCtrl":{"ID":512,"attributes":{"alarmMask":{"ID":34,"type":25},"capacity":{"ID":19,"max":32767,"min":0,"report":true,"required":true,"type":41},"controlMode":{"ID":33,"default":0,"max":254,"type":48,"write":true},"effectiveControlMode":{"ID":18,"max":254,"required":true,"type":48},"effectiveOperationMode":{"ID":17,"max":254,"required":true,"type":48},"lifetimeEnergyConsumed":{"ID":23,"default":0,"max":4294967294,"type":35},"lifetimeRunningHours":{"ID":21,"default":0,"max":16777214,"type":34,"write":true},"maxCompPressure":{"ID":6,"max":32767,"min":-32767,"type":41},"maxConstFlow":{"ID":10,"max":65534,"type":33},"maxConstPressure":{"ID":4,"max":32767,"min":-32767,"type":41},"maxConstSpeed":{"ID":8,"max":65534,"type":33},"maxConstTemp":{"ID":12,"max":32767,"min":-27315,"type":41},"maxFlow":{"ID":2,"max":65534,"required":true,"type":33},"maxPressure":{"ID":0,"max":32767,"min":-32767,"required":true,"type":41},"maxSpeed":{"ID":1,"max":65534,"required":true,"type":33},"minCompPressure":{"ID":5,"max":32767,"min":-32767,"type":41},"minConstFlow":{"ID":9,"max":65534,"type":33},"minConstPressure":{"ID":3,"max":32767,"min":-32767,"type":41},"minConstSpeed":{"ID":7,"max":65534,"type":33},"minConstTemp":{"ID":11,"max":32767,"min":-27315,"type":41},"operationMode":{"ID":32,"default":0,"max":254,"required":true,"type":48,"write":true},"power":{"ID":22,"max":16777214,"type":34,"write":true},"pumpStatus":{"ID":16,"report":true,"type":25},"speed":{"ID":20,"max":65534,"type":33}},"commands":{},"commandsResponse":{}},"hvacThermostat":{"ID":513,"attributes":{"SinopeAuxCycleOutput":{"ID":1028,"manufacturerCode":4508,"max":65535,"type":33,"write":true},"SinopeBacklight":{"ID":1026,"manufacturerCode":4508,"max":255,"type":48,"write":true},"SinopeMainCycleOutput":{"ID":1025,"manufacturerCode":4508,"max":65535,"type":33,"write":true},"SinopeOccupancy":{"ID":1024,"manufacturerCode":4508,"max":255,"type":48,"write":true},"StelproOutdoorTemp":{"ID":16385,"max":32767,"min":-32768,"type":41,"write":true},"StelproSystemMode":{"ID":16412,"max":255,"type":48,"write":true},"absMaxCoolSetpointLimit":{"ID":6,"default":3200,"max":32767,"min":-27315,"type":41},"absMaxHeatSetpointLimit":{"ID":4,"default":3000,"max":32767,"min":-27315,"type":41},"absMinCoolSetpointLimit":{"ID":5,"default":1600,"max":32767,"min":-27315,"type":41},"absMinHeatSetpointLimit":{"ID":3,"default":700,"max":32767,"min":-27315,"type":41},"acCapacity":{"ID":65,"default":0,"max":65535,"type":33,"write":true},"acCapacityFormat":{"ID":71,"default":0,"type":48,"write":true},"acCollTemp":{"ID":70,"max":32767,"min":-27315,"type":41},"acConpressorType":{"ID":67,"default":0,"type":48,"write":true},"acErrorCode":{"ID":68,"default":0,"max":4294967295,"type":27,"write":true},"acLouverPosition":{"ID":69,"default":0,"type":48,"write":true},"acRefrigerantType":{"ID":66,"default":0,"type":48,"write":true},"acType":{"ID":64,"default":0,"type":48,"write":true},"alarmMask":{"ID":29,"default":0,"type":24},"ctrlSeqeOfOper":{"ID":27,"default":4,"required":true,"type":48,"write":true},"danfossAdaptionRunControl":{"ID":16460,"manufacturerCode":4678,"max":255,"type":48,"write":true},"danfossAdaptionRunSettings":{"ID":16462,"manufacturerCode":4678,"type":24,"write":true},"danfossAdaptionRunStatus":{"ID":16461,"manufacturerCode":4678,"type":24,"write":true},"danfossAlgorithmScaleFactor":{"ID":16416,"manufacturerCode":4678,"max":255,"type":32,"write":true},"danfossDayOfWeek":{"ID":16400,"manufacturerCode":4678,"max":255,"type":48,"write":true},"danfossExternalMeasuredRoomSensor":{"ID":16405,"manufacturerCode":4678,"max":32767,"min":-32768,"type":41,"write":true},"danfossFloorMaxSetpoint":{"ID":16674,"manufacturerCode":4678,"max":32767,"min":-32768,"type":41,"write":true},"danfossFloorMinSetpoint":{"ID":16673,"manufacturerCode":4678,"max":32767,"min":-32768,"type":41,"write":true},"danfossHeatAvailable":{"ID":16432,"manufacturerCode":4678,"type":16,"write":true},"danfossHeatRequired":{"ID":16433,"manufacturerCode":4678,"type":16,"write":true},"danfossIcon2PreHeat":{"ID":16689,"manufacturerCode":4678,"max":255,"type":48,"write":true},"danfossIcon2PreHeatStatus":{"ID":16719,"manufacturerCode":4678,"max":255,"type":48,"write":true},"danfossLoadBalancingEnable":{"ID":16434,"manufacturerCode":4678,"type":16,"write":true},"danfossLoadEstimate":{"ID":16458,"manufacturerCode":4678,"max":32767,"min":-32768,"type":41,"write":true},"danfossLoadRoomMean":{"ID":16448,"manufacturerCode":4678,"max":32767,"min":-32768,"type":41,"write":true},"danfossMountedModeActive":{"ID":16402,"manufacturerCode":4678,"type":16,"write":true},"danfossMountedModeControl":{"ID":16403,"manufacturerCode":4678,"type":16,"write":true},"danfossOutputStatus":{"ID":16656,"manufacturerCode":4678,"max":255,"type":48,"write":true},"danfossPreheatStatus":{"ID":16463,"manufacturerCode":4678,"type":16,"write":true},"danfossPreheatTime":{"ID":16464,"manufacturerCode":4678,"type":35,"write":true},"danfossRadiatorCovered":{"ID":16406,"manufacturerCode":4678,"type":16,"write":true},"danfossRegulationSetpointOffset":{"ID":16459,"manufacturerCode":4678,"max":127,"min":-128,"type":40,"write":true},"danfossRoomFloorSensorMode":{"ID":16672,"manufacturerCode":4678,"max":255,"type":48,"write":true},"danfossRoomStatusCode":{"ID":16640,"manufacturerCode":4678,"type":25,"write":true},"danfossScheduleTypeUsed":{"ID":16688,"manufacturerCode":4678,"max":255,"type":48,"write":true},"danfossThermostatOrientation":{"ID":16404,"manufacturerCode":4678,"type":16,"write":true},"danfossTriggerTime":{"ID":16401,"manufacturerCode":4678,"max":65535,"type":33,"write":true},"danfossWindowOpenExternal":{"ID":16387,"manufacturerCode":4678,"type":16,"write":true},"danfossWindowOpenFeatureEnable":{"ID":16465,"manufacturerCode":4678,"type":16,"write":true},"danfossWindowOpenInternal":{"ID":16384,"manufacturerCode":4678,"max":255,"type":48,"write":true},"elkoCalibration":{"ID":1047,"max":127,"min":-128,"type":40,"write":true},"elkoChildLock":{"ID":1043,"type":16,"write":true},"elkoDateTime":{"ID":1031,"type":65,"write":true},"elkoDisplayText":{"ID":1026,"type":66,"write":true},"elkoExternalTemp":{"ID":1033,"max":32767,"min":-32768,"type":41,"write":true},"elkoFrostGuard":{"ID":1042,"type":16,"write":true},"elkoLastMessageId":{"ID":1048,"max":255,"type":32,"write":true},"elkoLastMessageStatus":{"ID":1049,"max":255,"type":32,"write":true},"elkoLoad":{"ID":1025,"max":65535,"type":33,"write":true},"elkoMaxFloorTemp":{"ID":1044,"max":255,"type":32,"write":true},"elkoMeanPower":{"ID":1032,"max":65535,"type":33,"write":true},"elkoNightSwitching":{"ID":1041,"type":16,"write":true},"elkoPowerStatus":{"ID":1030,"type":16,"write":true},"elkoRegulatorMode":{"ID":1029,"type":16,"write":true},"elkoRegulatorTime":{"ID":1028,"max":255,"type":32,"write":true},"elkoRelayState":{"ID":1045,"type":16,"write":true},"elkoSensor":{"ID":1027,"max":255,"type":48,"write":true},"elkoVersion":{"ID":1046,"type":65,"write":true},"emergencyHeatDelta":{"ID":58,"type":32,"write":true},"fourNoksHysteresisHigh":{"ID":257,"manufacturerCode":4209,"max":65535,"type":33,"write":true},"fourNoksHysteresisLow":{"ID":258,"manufacturerCode":4209,"max":65535,"type":33,"write":true},"localTemp":{"ID":0,"max":32767,"min":-27315,"report":true,"required":true,"type":41},"localTemperatureCalibration":{"ID":16,"default":0,"max":25,"min":-25,"type":40,"write":true},"maxCoolSetpointLimit":{"ID":24,"default":3200,"max":32767,"min":-27315,"type":41,"write":true},"maxHeatSetpointLimit":{"ID":22,"default":3000,"max":32767,"min":-27315,"type":41,"write":true},"minCoolSetpointLimit":{"ID":23,"default":1600,"max":32767,"min":-27315,"type":41,"write":true},"minHeatSetpointLimit":{"ID":21,"default":700,"max":32767,"min":-27315,"type":41,"write":true},"minSetpointDeadBand":{"ID":25,"default":25,"max":25,"min":10,"type":40,"write":true,"writeOptional":true},"numberOfDailyTrans":{"ID":34,"default":0,"max":255,"type":32},"numberOfWeeklyTrans":{"ID":33,"default":0,"max":255,"type":32},"occupancy":{"ID":2,"default":1,"type":24},"occupiedCoolingSetpoint":{"ID":17,"default":2600,"scene":true,"type":41,"write":true},"occupiedHeatingSetpoint":{"ID":18,"default":2000,"scene":true,"type":41,"write":true},"occupiedSetback":{"ID":52,"type":32,"write":true},"occupiedSetbackMax":{"ID":54,"type":32},"occupiedSetbackMin":{"ID":53,"min":0,"type":32},"outdoorTemp":{"ID":1,"max":32767,"min":-27315,"type":41},"pICoolingDemand":{"ID":7,"max":100,"report":true,"type":32},"pIHeatingDemand":{"ID":8,"max":100,"report":true,"type":32},"programingOperMode":{"ID":37,"default":0,"report":true,"type":24,"write":true},"remoteSensing":{"ID":26,"default":0,"type":24,"write":true},"runningMode":{"ID":30,"default":0,"type":48},"runningState":{"ID":41,"type":25},"schneiderWiserSpecific":{"ID":57616,"manufacturerCode":4190,"max":255,"type":48,"write":true},"setpointChangeAmount":{"ID":49,"max":65535,"min":0,"type":41},"setpointChangeSource":{"ID":48,"default":0,"type":48},"setpointChangeSourceTimeStamp":{"ID":50,"default":0,"max":4294967294,"type":226},"startOfWeek":{"ID":32,"type":48},"systemMode":{"ID":28,"default":1,"required":true,"type":48,"write":true},"systemTypeConfig":{"ID":9,"default":0,"type":24,"write":true,"writeOptional":true},"tempSetpointHold":{"ID":35,"default":0,"type":48,"write":true},"tempSetpointHoldDuration":{"ID":36,"max":1440,"min":0,"type":33,"write":true},"unoccupiedCoolingSetpoint":{"ID":19,"default":2600,"type":41,"write":true},"unoccupiedHeatingSetpoint":{"ID":20,"default":2000,"type":41,"write":true},"unoccupiedSetback":{"ID":55,"type":32,"write":true},"unoccupiedSetbackMax":{"ID":57,"type":32},"unoccupiedSetbackMin":{"ID":56,"min":0,"type":32},"viessmannAssemblyMode":{"ID":16402,"manufacturerCode":4641,"type":16,"write":true},"viessmannWindowOpenForce":{"ID":16387,"manufacturerCode":4641,"type":16,"write":true},"viessmannWindowOpenInternal":{"ID":16384,"manufacturerCode":4641,"max":255,"type":48,"write":true}},"commands":{"clearWeeklySchedule":{"ID":3,"parameters":[]},"danfossSetpointCommand":{"ID":64,"parameters":[{"max":255,"name":"setpointType","type":48},{"max":32767,"min":-32768,"name":"setpoint","type":41}]},"getRelayStatusLog":{"ID":4,"parameters":[],"response":1},"getWeeklySchedule":{"ID":2,"parameters":[{"name":"daystoreturn","type":24},{"name":"modetoreturn","type":24}],"response":0},"plugwiseCalibrateValve":{"ID":160,"parameters":[]},"schneiderWiserThermostatBoost":{"ID":128,"parameters":[{"max":255,"name":"command","type":48},{"max":255,"name":"enable","type":48},{"max":65535,"name":"temperature","type":33},{"max":65535,"name":"duration","type":33}]},"setWeeklySchedule":{"ID":1,"parameters":[{"max":10,"min":0,"name":"numoftrans","type":32},{"name":"dayofweek","type":24},{"name":"mode","type":24},{"name":"transitions","type":1007}]},"setpointRaiseLower":{"ID":0,"parameters":[{"name":"mode","type":48},{"name":"amount","type":40}],"required":true},"wiserSmartCalibrateValve":{"ID":226,"parameters":[]},"wiserSmartSetFipMode":{"ID":225,"parameters":[{"max":255,"name":"zonemode","type":32},{"max":255,"name":"fipmode","type":48},{"max":255,"name":"reserved","type":32}]},"wiserSmartSetSetpoint":{"ID":224,"parameters":[{"max":255,"name":"operatingmode","type":32},{"max":255,"name":"zonemode","type":32},{"max":32767,"min":-32768,"name":"setpoint","type":41},{"max":255,"name":"reserved","type":32}]}},"commandsResponse":{"getRelayStatusLogRsp":{"ID":1,"parameters":[{"name":"timeofday","type":33},{"name":"relaystatus","type":24},{"name":"localtemp","type":41},{"name":"humidity","type":32},{"name":"setpoint","type":41},{"name":"unreadentries","type":33}]},"getWeeklyScheduleRsp":{"ID":0,"parameters":[{"max":10,"min":0,"name":"numoftrans","type":32},{"name":"dayofweek","type":24},{"name":"mode","type":24},{"name":"transitions","type":1007}]}}},"hvacUserInterfaceCfg":{"ID":516,"attributes":{"danfossViewingDirection":{"ID":16384,"manufacturerCode":4678,"max":255,"type":48,"write":true},"keypadLockout":{"ID":1,"default":0,"max":5,"required":true,"type":48,"write":true},"programmingVisibility":{"ID":2,"default":0,"max":1,"type":48,"write":true},"tempDisplayMode":{"ID":0,"default":0,"max":1,"required":true,"type":48,"write":true}},"commands":{},"commandsResponse":{}},"keepAlive":{"ID":37,"attributes":{"tcKeepAliveBase":{"ID":0,"default":10,"max":255,"required":true,"type":32},"tcKeepAliveJitter":{"ID":1,"default":300,"max":65535,"required":true,"type":33}},"commands":{},"commandsResponse":{}},"lightingBallastCfg":{"ID":769,"attributes":{"ballastFactorAdjustment":{"ID":21,"default":255,"min":100,"type":32,"write":true},"ballastStatus":{"ID":2,"default":0,"type":24},"elkoControlMode":{"ID":57344,"manufacturerCode":4727,"max":255,"type":48,"write":true},"intrinsicBallastFactor":{"ID":20,"max":254,"type":32,"write":true},"lampAlarmMode":{"ID":52,"default":0,"type":24,"write":true},"lampBurnHours":{"ID":51,"default":0,"max":16777214,"type":34,"write":true},"lampBurnHoursTripPoint":{"ID":53,"default":16777215,"max":16777214,"type":34,"write":true},"lampManufacturer":{"ID":49,"default":"","maxLen":16,"type":66,"write":true},"lampQuantity":{"ID":32,"max":254,"type":32},"lampRatedHours":{"ID":50,"default":16777215,"max":16777214,"type":34,"write":true},"lampType":{"ID":48,"default":"","maxLen":16,"type":66,"write":true},"maxLevel":{"ID":17,"max":254,"min":1,"required":true,"type":32,"write":true},"minLevel":{"ID":16,"max":254,"min":1,"required":true,"type":32,"write":true},"physicalMaxLevel":{"ID":1,"default":254,"max":254,"min":1,"required":true,"type":32},"physicalMinLevel":{"ID":0,"default":1,"max":254,"min":1,"required":true,"type":32},"powerOnFadeTime":{"ID":19,"default":0,"max":65534,"type":33,"write":true},"powerOnLevel":{"ID":18,"max":254,"type":32,"write":true},"wiserControlMode":{"ID":57344,"manufacturerCode":4190,"max":255,"type":48,"write":true}},"commands":{},"commandsResponse":{}},"lightingColorCtrl":{"ID":768,"attributes":{"colorCapabilities":{"ID":16394,"default":0,"max":31,"required":true,"type":25},"colorLoopActive":{"ID":16386,"default":0,"max":255,"scene":true,"type":32},"colorLoopDirection":{"ID":16387,"default":0,"max":255,"scene":true,"type":32},"colorLoopStartEnhancedHue":{"ID":16389,"default":8960,"max":65535,"type":33},"colorLoopStoredEnhancedHue":{"ID":16390,"default":0,"max":65535,"type":33},"colorLoopTime":{"ID":16388,"default":25,"max":65535,"scene":true,"type":33},"colorMode":{"ID":8,"default":1,"max":2,"required":true,"type":48},"colorPointBIntensity":{"ID":60,"max":255,"type":32,"write":true},"colorPointBX":{"ID":58,"max":65279,"type":33,"write":true},"colorPointBY":{"ID":59,"max":65279,"type":33,"write":true},"colorPointGIntensity":{"ID":56,"max":255,"type":32,"write":true},"colorPointGX":{"ID":54,"max":65279,"type":33,"write":true},"colorPointGY":{"ID":55,"max":65279,"type":33,"write":true},"colorPointRIntensity":{"ID":52,"max":255,"type":32,"write":true},"colorPointRX":{"ID":50,"max":65279,"type":33,"write":true},"colorPointRY":{"ID":51,"max":65279,"type":33,"write":true},"colorTempPhysicalMax":{"ID":16396,"default":65279,"max":65279,"type":33},"colorTempPhysicalMin":{"ID":16395,"default":0,"max":65279,"type":33},"colorTemperature":{"ID":7,"default":250,"max":65279,"report":true,"scene":true,"special":[["Undefined","0000"]],"type":33},"compensationText":{"ID":6,"maxLen":254,"type":66},"coupleColorTempToLevelMin":{"ID":16397,"type":33},"currentHue":{"ID":0,"default":0,"max":254,"report":true,"type":32},"currentSaturation":{"ID":1,"default":0,"max":254,"report":true,"scene":true,"type":32},"currentX":{"ID":3,"default":24939,"max":65279,"report":true,"scene":true,"type":33},"currentY":{"ID":4,"default":24701,"max":65279,"report":true,"scene":true,"type":33},"driftCompensation":{"ID":5,"max":4,"type":48},"enhancedColorMode":{"ID":16385,"default":1,"max":255,"required":true,"type":48},"enhancedCurrentHue":{"ID":16384,"default":0,"max":65535,"scene":true,"type":33},"numPrimaries":{"ID":16,"max":6,"required":true,"type":32},"options":{"ID":15,"default":0,"required":true,"type":24,"write":true},"primary1Intensity":{"ID":19,"max":255,"type":32},"primary1X":{"ID":17,"max":65279,"type":33},"primary1Y":{"ID":18,"max":65279,"type":33},"primary2Intensity":{"ID":23,"type":32},"primary2X":{"ID":21,"max":65279,"type":33},"primary2Y":{"ID":22,"max":65279,"type":33},"primary3Intensity":{"ID":27,"max":255,"type":32},"primary3X":{"ID":25,"max":65279,"type":33},"primary3Y":{"ID":26,"max":65279,"type":33},"primary4Intensity":{"ID":34,"max":255,"type":32},"primary4X":{"ID":32,"max":65279,"type":33},"primary4Y":{"ID":33,"max":65279,"type":33},"primary5Intensity":{"ID":38,"max":255,"type":32},"primary5X":{"ID":36,"max":65279,"type":33},"primary5Y":{"ID":37,"max":65279,"type":33},"primary6Intensity":{"ID":42,"max":255,"type":32},"primary6X":{"ID":40,"max":65279,"type":33},"primary6Y":{"ID":41,"max":65279,"type":33},"remainingTime":{"ID":2,"default":0,"max":65534,"type":33},"startUpColorTemperature":{"ID":16400,"max":65279,"special":[["SetColorTempToPreviousValue","ffff"]],"type":33,"write":true},"tuyaBrightness":{"ID":61441,"max":255,"type":32,"write":true},"tuyaRgbMode":{"ID":61440,"max":255,"type":32,"write":true},"whitePointX":{"ID":48,"max":65279,"type":33,"write":true},"whitePointY":{"ID":49,"max":65279,"type":33,"write":true}},"commands":{"colorLoopSet":{"ID":68,"parameters":[{"name":"updateflags","type":24},{"name":"action","type":48},{"name":"direction","type":48},{"name":"time","type":33},{"name":"starthue","type":33},{"conditions":[{"type":"minimumRemainingBufferBytes","value":1}],"name":"optionsMask","type":24},{"conditions":[{"type":"minimumRemainingBufferBytes","value":1}],"name":"optionsOverride","type":24}]},"enhancedMoveHue":{"ID":65,"parameters":[{"name":"movemode","type":48},{"name":"rate","type":33},{"conditions":[{"type":"minimumRemainingBufferBytes","value":1}],"name":"optionsMask","type":24},{"conditions":[{"type":"minimumRemainingBufferBytes","value":1}],"name":"optionsOverride","type":24}]},"enhancedMoveToHue":{"ID":64,"parameters":[{"name":"enhancehue","type":33},{"name":"direction","type":48},{"name":"transtime","type":33},{"conditions":[{"type":"minimumRemainingBufferBytes","value":1}],"name":"optionsMask","type":24},{"conditions":[{"type":"minimumRemainingBufferBytes","value":1}],"name":"optionsOverride","type":24}]},"enhancedMoveToHueAndSaturation":{"ID":67,"parameters":[{"name":"enhancehue","type":33},{"name":"saturation","type":32},{"name":"transtime","type":33},{"conditions":[{"type":"minimumRemainingBufferBytes","value":1}],"name":"optionsMask","type":24},{"conditions":[{"type":"minimumRemainingBufferBytes","value":1}],"name":"optionsOverride","type":24}]},"enhancedStepHue":{"ID":66,"parameters":[{"name":"stepmode","type":48},{"name":"stepsize","type":33},{"name":"transtime","type":33},{"conditions":[{"type":"minimumRemainingBufferBytes","value":1}],"name":"optionsMask","type":24},{"conditions":[{"type":"minimumRemainingBufferBytes","value":1}],"name":"optionsOverride","type":24}]},"moveColor":{"ID":8,"parameters":[{"name":"ratex","type":41},{"name":"ratey","type":41},{"conditions":[{"type":"minimumRemainingBufferBytes","value":1}],"name":"optionsMask","type":24},{"conditions":[{"type":"minimumRemainingBufferBytes","value":1}],"name":"optionsOverride","type":24}]},"moveColorTemp":{"ID":75,"parameters":[{"name":"movemode","type":48},{"name":"rate","type":33},{"name":"minimum","type":33},{"name":"maximum","type":33},{"conditions":[{"type":"minimumRemainingBufferBytes","value":1}],"name":"optionsMask","type":24},{"conditions":[{"type":"minimumRemainingBufferBytes","value":1}],"name":"optionsOverride","type":24}]},"moveHue":{"ID":1,"parameters":[{"name":"movemode","type":48},{"name":"rate","type":32},{"conditions":[{"type":"minimumRemainingBufferBytes","value":1}],"name":"optionsMask","type":24},{"conditions":[{"type":"minimumRemainingBufferBytes","value":1}],"name":"optionsOverride","type":24}]},"moveSaturation":{"ID":4,"parameters":[{"name":"movemode","type":48},{"name":"rate","type":32},{"conditions":[{"type":"minimumRemainingBufferBytes","value":1}],"name":"optionsMask","type":24},{"conditions":[{"type":"minimumRemainingBufferBytes","value":1}],"name":"optionsOverride","type":24}]},"moveToColor":{"ID":7,"parameters":[{"name":"colorx","type":33},{"name":"colory","type":33},{"name":"transtime","type":33},{"conditions":[{"type":"minimumRemainingBufferBytes","value":1}],"name":"optionsMask","type":24},{"conditions":[{"type":"minimumRemainingBufferBytes","value":1}],"name":"optionsOverride","type":24}]},"moveToColorTemp":{"ID":10,"parameters":[{"name":"colortemp","type":33},{"name":"transtime","type":33},{"conditions":[{"type":"minimumRemainingBufferBytes","value":1}],"name":"optionsMask","type":24},{"conditions":[{"type":"minimumRemainingBufferBytes","value":1}],"name":"optionsOverride","type":24}]},"moveToHue":{"ID":0,"parameters":[{"name":"hue","type":32},{"name":"direction","type":48},{"name":"transtime","type":33},{"conditions":[{"type":"minimumRemainingBufferBytes","value":1}],"name":"optionsMask","type":24},{"conditions":[{"type":"minimumRemainingBufferBytes","value":1}],"name":"optionsOverride","type":24}]},"moveToHueAndSaturation":{"ID":6,"parameters":[{"name":"hue","type":32},{"name":"saturation","type":32},{"name":"transtime","type":33},{"conditions":[{"type":"minimumRemainingBufferBytes","value":1}],"name":"optionsMask","type":24},{"conditions":[{"type":"minimumRemainingBufferBytes","value":1}],"name":"optionsOverride","type":24}]},"moveToSaturation":{"ID":3,"parameters":[{"name":"saturation","type":32},{"name":"transtime","type":33},{"conditions":[{"type":"minimumRemainingBufferBytes","value":1}],"name":"optionsMask","type":24},{"conditions":[{"type":"minimumRemainingBufferBytes","value":1}],"name":"optionsOverride","type":24}]},"stepColor":{"ID":9,"parameters":[{"name":"stepx","type":41},{"name":"stepy","type":41},{"name":"transtime","type":33},{"conditions":[{"type":"minimumRemainingBufferBytes","value":1}],"name":"optionsMask","type":24},{"conditions":[{"type":"minimumRemainingBufferBytes","value":1}],"name":"optionsOverride","type":24}]},"stepColorTemp":{"ID":76,"parameters":[{"name":"stepmode","type":48},{"name":"stepsize","type":33},{"name":"transtime","type":33},{"name":"minimum","type":33},{"name":"maximum","type":33},{"conditions":[{"type":"minimumRemainingBufferBytes","value":1}],"name":"optionsMask","type":24},{"conditions":[{"type":"minimumRemainingBufferBytes","value":1}],"name":"optionsOverride","type":24}]},"stepHue":{"ID":2,"parameters":[{"name":"stepmode","type":48},{"name":"stepsize","type":32},{"name":"transtime","type":32},{"conditions":[{"type":"minimumRemainingBufferBytes","value":1}],"name":"optionsMask","type":24},{"conditions":[{"type":"minimumRemainingBufferBytes","value":1}],"name":"optionsOverride","type":24}]},"stepSaturation":{"ID":5,"parameters":[{"name":"stepmode","type":48},{"name":"stepsize","type":32},{"name":"transtime","type":32},{"conditions":[{"type":"minimumRemainingBufferBytes","value":1}],"name":"optionsMask","type":24},{"conditions":[{"type":"minimumRemainingBufferBytes","value":1}],"name":"optionsOverride","type":24}]},"stopMoveStep":{"ID":71,"parameters":[{"conditions":[{"type":"minimumRemainingBufferBytes","value":1}],"name":"optionsMask","type":24},{"conditions":[{"type":"minimumRemainingBufferBytes","value":1}],"name":"optionsOverride","type":24}]},"tuyaDoNotDisturb":{"ID":250,"parameters":[{"max":255,"name":"enable","type":32}]},"tuyaMoveToHueAndSaturationBrightness":{"ID":6,"parameters":[{"max":255,"name":"hue","type":32},{"max":255,"name":"saturation","type":32},{"max":65535,"name":"transtime","type":33},{"max":255,"name":"brightness","type":32}]},"tuyaMoveToHueAndSaturationBrightness2":{"ID":225,"parameters":[{"max":65535,"name":"hue","type":33},{"max":65535,"name":"saturation","type":33},{"max":65535,"name":"brightness","type":33}]},"tuyaOnOffTransitionTime":{"ID":251,"parameters":[{"max":255,"name":"unknown","type":32},{"name":"onTransitionTime","type":1013},{"name":"offTransitionTime","type":1013}]},"tuyaOnStartUp":{"ID":249,"parameters":[{"max":65535,"name":"mode","type":33},{"name":"data","type":1001}]},"tuyaRgbMode":{"ID":240,"parameters":[{"max":255,"name":"enable","type":32}]},"tuyaSetMinimumBrightness":{"ID":224,"parameters":[{"max":65535,"name":"minimum","type":33}]}},"commandsResponse":{}},"manuSpecificAmazonWWAH":{"ID":64599,"attributes":{"clusterRevision":{"ID":65533,"max":65535,"type":33,"write":true},"configurationModeEnabled":{"ID":13,"type":16,"write":true},"currentDebugReportID":{"ID":14,"max":255,"type":32,"write":true},"disableOTADowngrades":{"ID":2,"type":16,"write":true},"macPollFailureWaitTime":{"ID":12,"max":255,"type":32,"write":true},"macRetryCount":{"ID":5,"max":255,"type":32,"write":true},"mgmtLeaveWithoutRejoinEnabled":{"ID":3,"type":16,"write":true},"nwkRetryCount":{"ID":4,"max":255,"type":32,"write":true},"otaMaxOfflineDuration":{"ID":19,"max":65535,"type":33,"write":true},"pendingNetworkUpdateChannel":{"ID":17,"max":255,"type":32,"write":true},"pendingNetworkUpdatePANID":{"ID":18,"max":65535,"type":33,"write":true},"routerCheckInEnabled":{"ID":6,"type":16,"write":true},"tcSecurityOnNwkKeyRotationEnabled":{"ID":15,"type":16,"write":true},"touchlinkInterpanEnabled":{"ID":7,"type":16,"write":true},"wwahAppEventRetryEnabled":{"ID":9,"type":16,"write":true},"wwahAppEventRetryQueueSize":{"ID":10,"max":255,"type":32,"write":true},"wwahBadParentRecoveryEnabled":{"ID":16,"type":16,"write":true},"wwahParentClassificationEnabled":{"ID":8,"type":16,"write":true},"wwahRejoinEnabled":{"ID":11,"type":16,"write":true}},"commands":{"clearBindingTable":{"ID":10,"parameters":[]}},"commandsResponse":{},"manufacturerCode":4631},"manuSpecificAssaDoorLock":{"ID":64512,"attributes":{"alarmMask":{"ID":80,"max":255,"type":32,"write":true},"allCodesLockout":{"ID":26,"type":16,"write":true},"autoLockTime":{"ID":18,"max":255,"type":32,"write":true},"batteryLevel":{"ID":21,"max":255,"type":32,"write":true},"insideEscutcheonLED":{"ID":22,"max":255,"type":32,"write":true},"language":{"ID":25,"max":255,"type":32,"write":true},"lockMode":{"ID":24,"max":255,"type":32,"write":true},"numberLogRecordsSupported":{"ID":33,"max":65535,"type":33,"write":true},"numberPinsSupported":{"ID":48,"max":255,"type":32,"write":true},"numberScheduleSlotsPerUser":{"ID":64,"max":255,"type":32,"write":true},"oneTouchLocking":{"ID":27,"type":16,"write":true},"privacyButtonSetting":{"ID":28,"type":16,"write":true},"shutdownTime":{"ID":20,"max":255,"type":32,"write":true},"volume":{"ID":23,"max":255,"type":32,"write":true},"wrongCodeAttempts":{"ID":19,"max":255,"type":32,"write":true}},"commands":{"clearAllUserCodes":{"ID":51,"parameters":[]},"configureReporting":{"ID":179,"parameters":[]},"getBasicClusterAttributes":{"ID":180,"parameters":[]},"getBatteryLevel":{"ID":18,"parameters":[]},"getHistory":{"ID":160,"parameters":[]},"getLastUserIdEntered":{"ID":54,"parameters":[]},"getLockStatus":{"ID":16,"parameters":[],"response":0},"getLogin":{"ID":161,"parameters":[]},"getMandatoryAttributes":{"ID":176,"parameters":[]},"getReflashLock":{"ID":144,"parameters":[]},"getScheduleSlot":{"ID":65,"parameters":[{"name":"payload","type":66}]},"getUser":{"ID":162,"parameters":[]},"getUserCodeStatus":{"ID":53,"parameters":[]},"getUsers":{"ID":163,"parameters":[]},"readAttribute":{"ID":177,"parameters":[]},"reflash":{"ID":96,"parameters":[{"name":"payload","type":66}],"response":1},"reflashData":{"ID":97,"parameters":[{"name":"payload","type":66}],"response":2},"reflashStatus":{"ID":98,"parameters":[{"name":"payload","type":66}],"response":3},"setRFLockoutTime":{"ID":19,"parameters":[]},"setScheduleSlot":{"ID":64,"parameters":[{"name":"payload","type":66}]},"setScheduleSlotStatus":{"ID":66,"parameters":[{"name":"payload","type":66}]},"setUserCodeStatus":{"ID":52,"parameters":[]},"userAdded":{"ID":55,"parameters":[]},"userCodeClear":{"ID":50,"parameters":[{"name":"payload","type":66}]},"userCodeGet":{"ID":49,"parameters":[{"name":"payload","type":66}]},"userCodeSet":{"ID":48,"parameters":[{"name":"payload","type":66}]},"userDeleted":{"ID":56,"parameters":[]},"writeAttribute":{"ID":178,"parameters":[]}},"commandsResponse":{"getLockStatusRsp":{"ID":0,"parameters":[{"max":255,"name":"status","type":32}]},"reflashDataRsp":{"ID":2,"parameters":[{"max":255,"name":"status","type":32}]},"reflashRsp":{"ID":1,"parameters":[{"max":255,"name":"status","type":32}]},"reflashStatusRsp":{"ID":3,"parameters":[{"max":255,"name":"status","type":32}]}}},"manuSpecificCentraliteHumidity":{"ID":64581,"attributes":{"measuredValue":{"ID":0,"max":65535,"type":33,"write":true}},"commands":{},"commandsResponse":{},"manufacturerCode":4174},"manuSpecificClusterAduroSmart":{"ID":64716,"attributes":{},"commands":{"cmd0":{"ID":0,"parameters":[]}},"commandsResponse":{}},"manuSpecificDoorman":{"ID":60108,"attributes":{},"commands":{"armDisarm":{"ID":78,"parameters":[{"name":"payload","type":66}]},"getConfigurationParameter":{"ID":252,"parameters":[{"name":"payload","type":66}]},"integrationModeActivation":{"ID":37,"parameters":[{"name":"payload","type":66}]},"setConfigurationParameter":{"ID":253,"parameters":[{"name":"payload","type":66}]}},"commandsResponse":{}},"manuSpecificLegrandDevices":{"ID":64513,"attributes":{},"commands":{},"commandsResponse":{},"manufacturerCode":4129},"manuSpecificLegrandDevices2":{"ID":64576,"attributes":{},"commands":{"command0":{"ID":0,"parameters":[{"name":"data","type":1008}]}},"commandsResponse":{},"manufacturerCode":4129},"manuSpecificLegrandDevices3":{"ID":64577,"attributes":{},"commands":{"command0":{"ID":0,"parameters":[{"name":"data","type":1008}]}},"commandsResponse":{},"manufacturerCode":4129},"manuSpecificLumi":{"ID":64704,"attributes":{"airQuality":{"ID":297,"max":255,"type":32,"write":true},"curtainCalibrated":{"ID":1026,"type":16,"write":true},"curtainHandOpen":{"ID":1025,"type":16,"write":true},"curtainReverse":{"ID":1024,"type":16,"write":true},"displayUnit":{"ID":276,"max":255,"type":32,"write":true},"illuminance":{"ID":274,"max":4294967295,"type":35,"write":true},"mode":{"ID":9,"max":255,"type":32,"write":true}},"commands":{},"commandsResponse":{},"manufacturerCode":4447},"manuSpecificOsram":{"ID":64527,"attributes":{},"commands":{"resetStartupParams":{"ID":2,"parameters":[]},"saveStartupParams":{"ID":1,"parameters":[]}},"commandsResponse":{"saveStartupParamsRsp":{"ID":0,"parameters":[]}}},"manuSpecificPhilips":{"ID":64512,"attributes":{"config":{"ID":49,"type":25,"write":true}},"commands":{},"commandsResponse":{"hueNotification":{"ID":0,"parameters":[{"max":255,"name":"button","type":32},{"max":16777215,"name":"unknown1","type":34},{"max":255,"name":"type","type":32},{"max":255,"name":"unknown2","type":32},{"max":255,"name":"time","type":32},{"max":255,"name":"unknown3","type":32}]}},"manufacturerCode":4107},"manuSpecificPhilips2":{"ID":64515,"attributes":{"state":{"ID":2,"type":65,"write":true}},"commands":{"multiColor":{"ID":0,"parameters":[{"name":"data","type":1008}]}},"commandsResponse":{},"manufacturerCode":4107},"manuSpecificProfalux1":{"ID":64545,"attributes":{"motorCoverType":{"ID":0,"max":255,"type":32,"write":true}},"commands":{},"commandsResponse":{},"manufacturerCode":4368},"manuSpecificSamsungAccelerometer":{"ID":64514,"attributes":{"acceleration":{"ID":16,"max":255,"type":24,"write":true},"motion_threshold":{"ID":2,"max":65535,"type":33,"write":true},"motion_threshold_multiplier":{"ID":0,"max":255,"type":32,"write":true},"x_axis":{"ID":18,"max":32767,"min":-32768,"type":41,"write":true},"y_axis":{"ID":19,"max":32767,"min":-32768,"type":41,"write":true},"z_axis":{"ID":20,"max":32767,"min":-32768,"type":41,"write":true}},"commands":{},"commandsResponse":{},"manufacturerCode":4362},"manuSpecificSchneiderFanSwitchConfiguration":{"ID":64516,"attributes":{"ledIndication":{"ID":2,"max":255,"type":32,"write":true},"ledOrientation":{"ID":96,"max":255,"type":32,"write":true}},"commands":{},"commandsResponse":{},"manufacturerCode":4190},"manuSpecificSchneiderLightSwitchConfiguration":{"ID":65303,"attributes":{"downGroupID":{"ID":33,"max":65535,"type":33,"write":true},"downSceneID":{"ID":32,"max":255,"type":32,"write":true},"ledIndication":{"ID":0,"max":255,"type":48,"write":true},"switchActions":{"ID":1,"max":255,"type":48,"write":true},"upGroupID":{"ID":17,"max":65535,"type":33,"write":true},"upSceneID":{"ID":16,"max":255,"type":32,"write":true}},"commands":{},"commandsResponse":{},"manufacturerCode":4190},"manuSpecificSiglisZigfred":{"ID":64578,"attributes":{"buttonEvent":{"ID":8,"max":4294967295,"type":35,"write":true}},"commands":{"siglisZigfredButtonEvent":{"ID":2,"parameters":[{"max":255,"name":"button","type":32},{"max":255,"name":"type","type":32},{"max":65535,"name":"duration","type":33}]}},"commandsResponse":{},"manufacturerCode":4764},"manuSpecificSinope":{"ID":65281,"attributes":{"GFCiStatus":{"ID":277,"max":255,"type":48,"write":true},"actionReport":{"ID":84,"max":255,"type":48,"write":true},"ambiantMaxHeatSetpointLimit":{"ID":264,"max":65535,"type":41,"write":true},"auxConnectedLoad":{"ID":280,"max":255,"type":33,"write":true},"auxOutputMode":{"ID":262,"max":255,"type":48,"write":true},"coldLoadPickupStatus":{"ID":643,"max":255,"type":32,"write":true},"connectedLoad":{"ID":281,"max":65535,"type":33,"write":true},"connectedLoadRM":{"ID":96,"max":65535,"type":33,"write":true},"currentLoad":{"ID":112,"type":24,"write":true},"currentSetpoint":{"ID":299,"max":65535,"type":41,"write":true},"currentTimeToDisplay":{"ID":32,"max":4294967295,"type":35,"write":true},"dimmerTimmer":{"ID":160,"max":4294967295,"type":35,"write":true},"drConfigWaterTempMin":{"ID":118,"max":255,"type":32,"write":true},"drConfigWaterTempTime":{"ID":119,"default":2,"max":255,"type":32,"write":true},"drWTTimeOn":{"ID":120,"max":65535,"type":33,"write":true},"ecoMode":{"ID":113,"default":-128,"max":127,"min":-128,"type":40,"write":true},"ecoMode1":{"ID":114,"default":255,"max":255,"type":32,"write":true},"ecoMode2":{"ID":115,"default":255,"max":255,"type":32,"write":true},"firmwareVersion":{"ID":4,"type":66,"write":true},"floorControlMode":{"ID":261,"max":255,"type":48,"write":true},"floorLimitStatus":{"ID":268,"max":255,"type":48,"write":true},"floorMaxHeatSetpointLimit":{"ID":266,"max":65535,"type":41,"write":true},"floorMinHeatSetpointLimit":{"ID":265,"max":65535,"type":41,"write":true},"floorTemperature":{"ID":263,"max":65535,"type":41,"write":true},"flowMeterConfig":{"ID":576,"type":72,"write":true},"keypadLockout":{"ID":2,"max":255,"type":48,"write":true},"ledColorOff":{"ID":81,"max":16777215,"type":34,"write":true},"ledColorOn":{"ID":80,"max":16777215,"type":34,"write":true},"ledIntensityOff":{"ID":83,"max":255,"type":32,"write":true},"ledIntensityOn":{"ID":82,"max":255,"type":32,"write":true},"minimumBrightness":{"ID":85,"max":65535,"type":33,"write":true},"offLedIntensity":{"ID":83,"max":255,"type":32,"write":true},"onLedIntensity":{"ID":82,"max":255,"type":32,"write":true},"outdoorTempToDisplay":{"ID":16,"max":65535,"type":41,"write":true},"outdoorTempToDisplayTimeout":{"ID":17,"max":65535,"type":33,"write":true},"pumpProtection":{"ID":296,"max":255,"type":32,"write":true},"reportLocalTemperature":{"ID":301,"max":32767,"min":-32768,"type":41,"write":true},"roomTemperature":{"ID":269,"max":65535,"type":41,"write":true},"secondScreenBehavior":{"ID":18,"max":255,"type":48,"write":true},"temperatureSensor":{"ID":267,"max":255,"type":48,"write":true},"timeFormatToDisplay":{"ID":276,"max":255,"type":48,"write":true},"unknown":{"ID":117,"max":4294967295,"type":27,"write":true},"unknown1":{"ID":128,"max":4294967295,"type":35},"unknown2":{"ID":256,"max":255,"type":32},"unknown3":{"ID":298,"default":60,"max":255,"type":48,"write":true}},"commands":{},"commandsResponse":{},"manufacturerCode":4508},"manuSpecificSmartThingsArrivalSensor":{"ID":64517,"attributes":{},"commands":{},"commandsResponse":{"arrivalSensorNotify":{"ID":1,"parameters":[]}},"manufacturerCode":4362},"manuSpecificTuya":{"ID":61184,"attributes":{},"commands":{"dataQuery":{"ID":3,"parameters":[]},"dataRequest":{"ID":0,"parameters":[{"max":65535,"name":"seq","type":33},{"name":"dpValues","type":1011}]},"mcuGatewayConnectionStatus":{"ID":37,"parameters":[{"max":65535,"name":"payloadSize","type":33},{"max":255,"name":"payload","type":32}]},"mcuOtaBlockDataResponse":{"ID":20,"parameters":[{"max":65535,"name":"seq","type":33},{"max":255,"name":"status","type":32},{"max":4294967295,"name":"key_hi","type":35},{"max":4294967295,"name":"key_lo","type":35},{"max":255,"name":"version","type":32},{"max":4294967295,"name":"offset","type":35},{"name":"imageData","type":1001}]},"mcuOtaNotify":{"ID":18,"parameters":[{"max":65535,"name":"seq","type":33},{"max":4294967295,"name":"key_hi","type":35},{"max":4294967295,"name":"key_lo","type":35},{"max":255,"name":"version","type":32},{"max":4294967295,"name":"imageSize","type":35},{"max":4294967295,"name":"crc","type":35}]},"mcuSyncTime":{"ID":36,"parameters":[{"max":65535,"name":"payloadSize","type":33},{"name":"payload","type":1001}]},"mcuVersionRequest":{"ID":16,"parameters":[{"max":65535,"name":"seq","type":33}]},"sendData":{"ID":4,"parameters":[{"max":65535,"name":"seq","type":33},{"name":"dpValues","type":1011}]},"tuyaWeatherSync":{"ID":97,"parameters":[{"name":"payload","type":1008}]}},"commandsResponse":{"activeStatusReport":{"ID":6,"parameters":[{"max":65535,"name":"seq","type":33},{"name":"dpValues","type":1011}]},"activeStatusReportAlt":{"ID":5,"parameters":[{"max":65535,"name":"seq","type":33},{"name":"dpValues","type":1011}]},"dataReport":{"ID":2,"parameters":[{"max":65535,"name":"seq","type":33},{"name":"dpValues","type":1011}]},"dataResponse":{"ID":1,"parameters":[{"max":65535,"name":"seq","type":33},{"name":"dpValues","type":1011}]},"mcuGatewayConnectionStatus":{"ID":37,"parameters":[{"max":65535,"name":"payloadSize","type":33}]},"mcuOtaBlockDataRequest":{"ID":19,"parameters":[{"max":65535,"name":"seq","type":33},{"max":4294967295,"name":"key_hi","type":35},{"max":4294967295,"name":"key_lo","type":35},{"max":255,"name":"version","type":32},{"max":4294967295,"name":"offset","type":35},{"max":4294967295,"name":"size","type":35}]},"mcuOtaResult":{"ID":21,"parameters":[{"max":65535,"name":"seq","type":33},{"max":255,"name":"status","type":32},{"max":4294967295,"name":"key_hi","type":35},{"max":4294967295,"name":"key_lo","type":35},{"max":255,"name":"version","type":32}]},"mcuSyncTime":{"ID":36,"parameters":[{"max":65535,"name":"payloadSize","type":33}]},"mcuVersionResponse":{"ID":17,"parameters":[{"max":65535,"name":"seq","type":33},{"max":255,"name":"version","type":32}]},"tuyaWeatherRequest":{"ID":96,"parameters":[{"name":"payload","type":1008}]}}},"manuSpecificTuya2":{"ID":57346,"attributes":{"alarm_humidity":{"ID":53263,"max":255,"type":48,"write":true},"alarm_humidity_max":{"ID":53261,"max":32767,"min":-32768,"type":41,"write":true},"alarm_humidity_min":{"ID":53262,"max":32767,"min":-32768,"type":41,"write":true},"alarm_temperature":{"ID":53254,"max":255,"type":48,"write":true},"alarm_temperature_max":{"ID":53258,"max":32767,"min":-32768,"type":41,"write":true},"alarm_temperature_min":{"ID":53259,"max":32767,"min":-32768,"type":41,"write":true},"unknown":{"ID":53264,"max":255,"type":32,"write":true}},"commands":{},"commandsResponse":{}},"manuSpecificTuya3":{"ID":57345,"attributes":{"powerOnBehavior":{"ID":53264,"max":255,"type":48,"write":true},"switchMode":{"ID":53280,"max":255,"type":48,"write":true},"switchType":{"ID":53296,"max":255,"type":48,"write":true}},"commands":{"setOptions1":{"ID":229,"parameters":[{"name":"data","type":1008}]},"setOptions2":{"ID":230,"parameters":[{"name":"data","type":1008}]},"setOptions3":{"ID":231,"parameters":[{"name":"data","type":1008}]}},"commandsResponse":{}},"mobileDeviceCfg":{"ID":34,"attributes":{"keepAliveTime":{"ID":0,"default":15,"max":65535,"min":1,"required":true,"type":33,"write":true},"rejoinTimeout":{"ID":1,"default":65535,"max":65535,"required":true,"special":[["Never","ffff"]],"type":33,"write":true}},"commands":{},"commandsResponse":{"keepAliveNotification":{"ID":0,"parameters":[{"name":"keepAliveTime","type":33},{"name":"rejoinTimeout","type":33}],"required":true}}},"msBromate":{"ID":1048,"attributes":{"maxMeasuredValue":{"ID":2,"max":1,"required":true,"type":57},"measuredValue":{"ID":0,"report":true,"required":true,"type":57},"minMeasuredValue":{"ID":1,"min":0,"required":true,"type":57},"tolerance":{"ID":3,"type":57}},"commands":{},"commandsResponse":{}},"msBromodichloromethane":{"ID":1061,"attributes":{"maxMeasuredValue":{"ID":2,"max":1,"required":true,"type":57},"measuredValue":{"ID":0,"report":true,"required":true,"type":57},"minMeasuredValue":{"ID":1,"min":0,"required":true,"type":57},"tolerance":{"ID":3,"type":57}},"commands":{},"commandsResponse":{}},"msBromoform":{"ID":1062,"attributes":{"maxMeasuredValue":{"ID":2,"max":1,"required":true,"type":57},"measuredValue":{"ID":0,"report":true,"required":true,"type":57},"minMeasuredValue":{"ID":1,"min":0,"required":true,"type":57},"tolerance":{"ID":3,"type":57}},"commands":{},"commandsResponse":{}},"msCO2":{"ID":1037,"attributes":{"maxMeasuredValue":{"ID":2,"max":1,"required":true,"type":57},"measuredValue":{"ID":0,"report":true,"required":true,"type":57},"minMeasuredValue":{"ID":1,"min":0,"required":true,"type":57},"sprutCO2AutoCalibration":{"ID":26113,"manufacturerCode":26214,"type":16,"write":true},"sprutCO2Calibration":{"ID":26112,"manufacturerCode":26214,"type":16,"write":true},"tolerance":{"ID":3,"type":57}},"commands":{},"commandsResponse":{}},"msCarbonMonoxide":{"ID":1036,"attributes":{"maxMeasuredValue":{"ID":2,"max":1,"required":true,"type":57},"measuredValue":{"ID":0,"report":true,"required":true,"type":57},"minMeasuredValue":{"ID":1,"min":0,"required":true,"type":57},"tolerance":{"ID":3,"type":57}},"commands":{},"commandsResponse":{}},"msChloramines":{"ID":1049,"attributes":{"maxMeasuredValue":{"ID":2,"max":1,"required":true,"type":57},"measuredValue":{"ID":0,"report":true,"required":true,"type":57},"minMeasuredValue":{"ID":1,"min":0,"required":true,"type":57},"tolerance":{"ID":3,"type":57}},"commands":{},"commandsResponse":{}},"msChlorine":{"ID":1050,"attributes":{"maxMeasuredValue":{"ID":2,"max":1,"required":true,"type":57},"measuredValue":{"ID":0,"report":true,"required":true,"type":57},"minMeasuredValue":{"ID":1,"min":0,"required":true,"type":57},"tolerance":{"ID":3,"type":57}},"commands":{},"commandsResponse":{}},"msChlorodibromomethane":{"ID":1063,"attributes":{"maxMeasuredValue":{"ID":2,"max":1,"required":true,"type":57},"measuredValue":{"ID":0,"report":true,"required":true,"type":57},"minMeasuredValue":{"ID":1,"min":0,"required":true,"type":57},"tolerance":{"ID":3,"type":57}},"commands":{},"commandsResponse":{}},"msChloroform":{"ID":1064,"attributes":{"maxMeasuredValue":{"ID":2,"max":1,"required":true,"type":57},"measuredValue":{"ID":0,"report":true,"required":true,"type":57},"minMeasuredValue":{"ID":1,"min":0,"required":true,"type":57},"tolerance":{"ID":3,"type":57}},"commands":{},"commandsResponse":{}},"msCopper":{"ID":1057,"attributes":{"maxMeasuredValue":{"ID":2,"max":1,"required":true,"type":57},"measuredValue":{"ID":0,"report":true,"required":true,"type":57},"minMeasuredValue":{"ID":1,"min":0,"required":true,"type":57},"tolerance":{"ID":3,"type":57}},"commands":{},"commandsResponse":{}},"msDissolvedOxygen":{"ID":1047,"attributes":{"maxMeasuredValue":{"ID":2,"max":1,"required":true,"type":57},"measuredValue":{"ID":0,"report":true,"required":true,"type":57},"minMeasuredValue":{"ID":1,"min":0,"required":true,"type":57},"tolerance":{"ID":3,"type":57}},"commands":{},"commandsResponse":{}},"msElectricalConductivity":{"ID":1034,"attributes":{"maxMeasuredValue":{"ID":2,"max":65534,"min":1,"required":true,"type":33},"measuredValue":{"ID":0,"report":true,"required":true,"type":33},"minMeasuredValue":{"ID":1,"max":65533,"required":true,"type":33},"tolerance":{"ID":3,"max":100,"type":33}},"commands":{},"commandsResponse":{}},"msEthylene":{"ID":1038,"attributes":{"maxMeasuredValue":{"ID":2,"max":1,"required":true,"type":57},"measuredValue":{"ID":0,"report":true,"required":true,"type":57},"minMeasuredValue":{"ID":1,"min":0,"required":true,"type":57},"tolerance":{"ID":3,"type":57}},"commands":{},"commandsResponse":{}},"msEthyleneOxide":{"ID":1039,"attributes":{"maxMeasuredValue":{"ID":2,"max":1,"required":true,"type":57},"measuredValue":{"ID":0,"report":true,"required":true,"type":57},"minMeasuredValue":{"ID":1,"min":0,"required":true,"type":57},"tolerance":{"ID":3,"type":57}},"commands":{},"commandsResponse":{}},"msFecalColiformAndEColi":{"ID":1051,"attributes":{"maxMeasuredValue":{"ID":2,"max":1,"required":true,"type":57},"measuredValue":{"ID":0,"report":true,"required":true,"type":57},"minMeasuredValue":{"ID":1,"min":0,"required":true,"type":57},"tolerance":{"ID":3,"type":57}},"commands":{},"commandsResponse":{}},"msFlowMeasurement":{"ID":1028,"attributes":{"maxMeasuredValue":{"ID":2,"max":65534,"min":1,"required":true,"type":33},"measuredValue":{"ID":0,"report":true,"required":true,"type":33},"minMeasuredValue":{"ID":1,"max":65533,"required":true,"type":33},"tolerance":{"ID":3,"max":2048,"type":33}},"commands":{},"commandsResponse":{}},"msFluoride":{"ID":1052,"attributes":{"maxMeasuredValue":{"ID":2,"max":1,"required":true,"type":57},"measuredValue":{"ID":0,"report":true,"required":true,"type":57},"minMeasuredValue":{"ID":1,"min":0,"required":true,"type":57},"tolerance":{"ID":3,"type":57}},"commands":{},"commandsResponse":{}},"msFormaldehyde":{"ID":1067,"attributes":{"maxMeasuredValue":{"ID":2,"max":1,"required":true,"type":57},"measuredValue":{"ID":0,"report":true,"required":true,"type":57},"minMeasuredValue":{"ID":1,"min":0,"required":true,"type":57},"tolerance":{"ID":3,"type":57}},"commands":{},"commandsResponse":{}},"msHaloaceticAcids":{"ID":1053,"attributes":{"maxMeasuredValue":{"ID":2,"max":1,"required":true,"type":57},"measuredValue":{"ID":0,"report":true,"required":true,"type":57},"minMeasuredValue":{"ID":1,"min":0,"required":true,"type":57},"tolerance":{"ID":3,"type":57}},"commands":{},"commandsResponse":{}},"msHydrogen":{"ID":1040,"attributes":{"maxMeasuredValue":{"ID":2,"max":1,"required":true,"type":57},"measuredValue":{"ID":0,"report":true,"required":true,"type":57},"minMeasuredValue":{"ID":1,"min":0,"required":true,"type":57},"tolerance":{"ID":3,"type":57}},"commands":{},"commandsResponse":{}},"msHydrogenSulfide":{"ID":1041,"attributes":{"maxMeasuredValue":{"ID":2,"max":1,"required":true,"type":57},"measuredValue":{"ID":0,"report":true,"required":true,"type":57},"minMeasuredValue":{"ID":1,"min":0,"required":true,"type":57},"tolerance":{"ID":3,"type":57}},"commands":{},"commandsResponse":{}},"msIlluminanceLevelSensing":{"ID":1025,"attributes":{"illuminanceTargetLevel":{"ID":16,"max":65534,"required":true,"type":33,"write":true},"levelStatus":{"ID":0,"max":254,"report":true,"required":true,"type":48},"lightSensorType":{"ID":1,"max":254,"type":48}},"commands":{},"commandsResponse":{}},"msIlluminanceMeasurement":{"ID":1024,"attributes":{"lightSensorType":{"ID":4,"default":255,"special":[["Unknown","ff"]],"type":48},"maxMeasuredValue":{"ID":2,"max":65534,"min":2,"required":true,"type":33},"measuredValue":{"ID":0,"default":0,"max":65535,"report":true,"required":true,"special":[["TooLowToBeMeasured","0000"],["Invalid","ffff"]],"type":33},"minMeasuredValue":{"ID":1,"max":65533,"min":1,"required":true,"type":33},"tolerance":{"ID":3,"max":2048,"type":33}},"commands":{},"commandsResponse":{}},"msLead":{"ID":1058,"attributes":{"maxMeasuredValue":{"ID":2,"max":1,"required":true,"type":57},"measuredValue":{"ID":0,"report":true,"required":true,"type":57},"minMeasuredValue":{"ID":1,"min":0,"required":true,"type":57},"tolerance":{"ID":3,"type":57}},"commands":{},"commandsResponse":{}},"msLeafWetness":{"ID":1031,"attributes":{"maxMeasuredValue":{"ID":2,"max":10000,"min":1,"required":true,"type":33},"measuredValue":{"ID":0,"report":true,"required":true,"type":33},"minMeasuredValue":{"ID":1,"max":9999,"required":true,"type":33},"tolerance":{"ID":3,"max":2048,"type":33}},"commands":{},"commandsResponse":{}},"msManganese":{"ID":1059,"attributes":{"maxMeasuredValue":{"ID":2,"max":1,"required":true,"type":57},"measuredValue":{"ID":0,"report":true,"required":true,"type":57},"minMeasuredValue":{"ID":1,"min":0,"required":true,"type":57},"tolerance":{"ID":3,"type":57}},"commands":{},"commandsResponse":{}},"msNitricOxide":{"ID":1042,"attributes":{"maxMeasuredValue":{"ID":2,"max":1,"required":true,"type":57},"measuredValue":{"ID":0,"report":true,"required":true,"type":57},"minMeasuredValue":{"ID":1,"min":0,"required":true,"type":57},"tolerance":{"ID":3,"type":57}},"commands":{},"commandsResponse":{}},"msNitrogenDioxide":{"ID":1043,"attributes":{"maxMeasuredValue":{"ID":2,"max":1,"required":true,"type":57},"measuredValue":{"ID":0,"report":true,"required":true,"type":57},"minMeasuredValue":{"ID":1,"min":0,"required":true,"type":57},"tolerance":{"ID":3,"type":57}},"commands":{},"commandsResponse":{}},"msOccupancySensing":{"ID":1030,"attributes":{"contactOToUDelay":{"ID":48,"default":0,"max":65534,"type":33,"write":true},"contactUToODelay":{"ID":49,"default":0,"max":65534,"type":33,"write":true},"contactUToOThreshold":{"ID":50,"default":1,"max":254,"min":1,"type":32,"write":true},"elkoForceOffTimeout":{"ID":57346,"manufacturerCode":4727,"max":65535,"type":33,"write":true},"elkoOccupancyDfltOperationMode":{"ID":57344,"manufacturerCode":4727,"max":255,"type":48,"write":true},"elkoOccupancyOperationMode":{"ID":57345,"manufacturerCode":4727,"max":255,"type":48,"write":true},"elkoOccupancySensitivity":{"ID":57347,"manufacturerCode":4727,"max":255,"type":32,"write":true},"occupancy":{"ID":0,"report":true,"required":true,"type":24},"occupancySensorType":{"ID":1,"default":0,"required":true,"type":48},"occupancySensorTypeBitmap":{"ID":2,"required":true,"type":24},"pirOToUDelay":{"ID":16,"default":0,"max":65534,"type":33,"write":true},"pirUToODelay":{"ID":17,"default":0,"max":65534,"type":33,"write":true},"pirUToOThreshold":{"ID":18,"default":1,"max":254,"min":1,"type":32,"write":true},"sprutOccupancyLevel":{"ID":26112,"manufacturerCode":26214,"max":65535,"type":33,"write":true},"sprutOccupancySensitivity":{"ID":26113,"manufacturerCode":26214,"max":65535,"type":33,"write":true},"ultrasonicOToUDelay":{"ID":32,"default":0,"max":65534,"type":33,"write":true},"ultrasonicUToODelay":{"ID":33,"default":0,"max":65534,"type":33,"write":true},"ultrasonicUToOThreshold":{"ID":34,"default":1,"max":254,"min":1,"type":32,"write":true}},"commands":{},"commandsResponse":{}},"msOxygen":{"ID":1044,"attributes":{"maxMeasuredValue":{"ID":2,"max":1,"required":true,"type":57},"measuredValue":{"ID":0,"report":true,"required":true,"type":57},"minMeasuredValue":{"ID":1,"min":0,"required":true,"type":57},"tolerance":{"ID":3,"type":57}},"commands":{},"commandsResponse":{}},"msOzone":{"ID":1045,"attributes":{"maxMeasuredValue":{"ID":2,"max":1,"required":true,"type":57},"measuredValue":{"ID":0,"report":true,"required":true,"type":57},"minMeasuredValue":{"ID":1,"min":0,"required":true,"type":57},"tolerance":{"ID":3,"type":57}},"commands":{},"commandsResponse":{}},"msPressureMeasurement":{"ID":1027,"attributes":{"maxMeasuredValue":{"ID":2,"max":32767,"min":-32766,"required":true,"type":41},"maxScaledValue":{"ID":18,"max":32767,"min":-32766,"type":41},"measuredValue":{"ID":0,"report":true,"required":true,"type":41},"minMeasuredValue":{"ID":1,"max":32766,"min":-32767,"required":true,"type":41},"minScaledValue":{"ID":17,"max":32766,"min":-32767,"type":41},"scale":{"ID":20,"max":127,"min":-127,"type":40},"scaledTolerance":{"ID":19,"max":2048,"type":33},"scaledValue":{"ID":16,"default":0,"type":41},"tolerance":{"ID":3,"max":2048,"type":33}},"commands":{},"commandsResponse":{}},"msRelativeHumidity":{"ID":1029,"attributes":{"maxMeasuredValue":{"ID":2,"max":10000,"min":1,"required":true,"type":33},"measuredValue":{"ID":0,"report":true,"required":true,"type":33},"minMeasuredValue":{"ID":1,"max":9999,"required":true,"type":33},"sprutHeater":{"ID":26112,"manufacturerCode":26214,"type":16,"write":true},"tolerance":{"ID":3,"max":2048,"type":33}},"commands":{},"commandsResponse":{}},"msSodium":{"ID":1065,"attributes":{"maxMeasuredValue":{"ID":2,"max":1,"required":true,"type":57},"measuredValue":{"ID":0,"report":true,"required":true,"type":57},"minMeasuredValue":{"ID":1,"min":0,"required":true,"type":57},"tolerance":{"ID":3,"type":57}},"commands":{},"commandsResponse":{}},"msSoilMoisture":{"ID":1032,"attributes":{"maxMeasuredValue":{"ID":2,"max":10000,"min":1,"required":true,"type":33},"measuredValue":{"ID":0,"report":true,"required":true,"type":33},"minMeasuredValue":{"ID":1,"max":9999,"required":true,"type":33},"tolerance":{"ID":3,"max":2048,"type":33}},"commands":{},"commandsResponse":{}},"msSulfate":{"ID":1060,"attributes":{"maxMeasuredValue":{"ID":2,"max":1,"required":true,"type":57},"measuredValue":{"ID":0,"report":true,"required":true,"type":57},"minMeasuredValue":{"ID":1,"min":0,"required":true,"type":57},"tolerance":{"ID":3,"type":57}},"commands":{},"commandsResponse":{}},"msSulfurDioxide":{"ID":1046,"attributes":{"maxMeasuredValue":{"ID":2,"max":1,"required":true,"type":57},"measuredValue":{"ID":0,"report":true,"required":true,"type":57},"minMeasuredValue":{"ID":1,"min":0,"required":true,"type":57},"tolerance":{"ID":3,"type":57}},"commands":{},"commandsResponse":{}},"msTemperatureMeasurement":{"ID":1026,"attributes":{"maxMeasuredValue":{"ID":2,"max":32767,"min":-27314,"required":true,"type":41},"measuredValue":{"ID":0,"report":true,"required":true,"type":41},"minAbsoluteChange":{"ID":17,"type":255,"write":true},"minMeasuredValue":{"ID":1,"max":32766,"min":-27315,"required":true,"type":41},"minPercentChange":{"ID":16,"type":255,"write":true},"sprutTemperatureOffset":{"ID":26112,"manufacturerCode":26214,"max":32767,"min":-32768,"type":41,"write":true},"tolerance":{"ID":3,"max":2048,"type":33}},"commands":{},"commandsResponse":{}},"msTotalColiformBacteria":{"ID":1055,"attributes":{"maxMeasuredValue":{"ID":2,"max":1,"required":true,"type":57},"measuredValue":{"ID":0,"report":true,"required":true,"type":57},"minMeasuredValue":{"ID":1,"min":0,"required":true,"type":57},"tolerance":{"ID":3,"type":57}},"commands":{},"commandsResponse":{}},"msTotalTrihalomethanes":{"ID":1054,"attributes":{"maxMeasuredValue":{"ID":2,"max":1,"required":true,"type":57},"measuredValue":{"ID":0,"report":true,"required":true,"type":57},"minMeasuredValue":{"ID":1,"min":0,"required":true,"type":57},"tolerance":{"ID":3,"type":57}},"commands":{},"commandsResponse":{}},"msTurbidity":{"ID":1056,"attributes":{"maxMeasuredValue":{"ID":2,"max":1,"required":true,"type":57},"measuredValue":{"ID":0,"report":true,"required":true,"type":57},"minMeasuredValue":{"ID":1,"min":0,"required":true,"type":57},"tolerance":{"ID":3,"type":57}},"commands":{},"commandsResponse":{}},"msWindSpeed":{"ID":1035,"attributes":{"maxMeasuredValue":{"ID":2,"max":65534,"min":1,"required":true,"type":33},"measuredValue":{"ID":0,"report":true,"required":true,"type":33},"minMeasuredValue":{"ID":1,"max":65533,"required":true,"type":33},"tolerance":{"ID":3,"default":0,"max":776,"type":33}},"commands":{},"commandsResponse":{}},"nearestGateway":{"ID":36,"attributes":{"nearestGateway":{"ID":0,"default":0,"max":65528,"required":true,"type":33,"write":true},"newMobileNode":{"ID":1,"default":0,"max":65528,"read":false,"required":true,"type":33,"write":true}},"commands":{},"commandsResponse":{}},"neighborCleaning":{"ID":35,"attributes":{"neighborCleaningTimeout":{"ID":0,"default":30,"max":65535,"min":1,"required":true,"type":33,"write":true}},"commands":{"purgeEntries":{"ID":0,"parameters":[],"required":true}},"commandsResponse":{}},"owonClearMetering":{"ID":65504,"attributes":{},"commands":{"owonClearMeasurementData":{"ID":0,"parameters":[]}},"commandsResponse":{},"manufacturerCode":4412},"pHMeasurement":{"ID":1033,"attributes":{"maxMeasuredValue":{"ID":2,"max":1400,"min":1,"required":true,"type":33},"measuredValue":{"ID":0,"report":true,"required":true,"type":33},"minMeasuredValue":{"ID":1,"max":1399,"required":true,"type":33},"tolerance":{"ID":3,"max":200,"type":33}},"commands":{},"commandsResponse":{}},"pi11073ProtocolTunnel":{"ID":1556,"attributes":{"connected":{"ID":3,"type":16},"deviceidList":{"ID":0,"default":65535,"type":72},"idleTimeout":{"ID":5,"default":0,"max":65535,"min":1,"type":33},"managerEndpoint":{"ID":2,"max":255,"min":1,"type":32},"managerTarget":{"ID":1,"type":240},"preemptible":{"ID":4,"type":16}},"commands":{"connectRequest":{"ID":1,"parameters":[{"name":"control","type":24},{"name":"idleTimeout","type":33},{"name":"managerTarget","type":240},{"name":"managerEndpoint","type":32}]},"connectStatusNotification":{"ID":3,"parameters":[{"name":"status","type":48}]},"disconnectRequest":{"ID":2,"parameters":[{"name":"managerTarget","type":240}]},"transferApdu":{"ID":0,"parameters":[{"name":"apdu","type":65}],"required":true}},"commandsResponse":{}},"piAnalogInputExt":{"ID":1539,"attributes":{"ackedTransitions":{"ID":0,"default":0,"required":true,"type":24,"write":true,"writeOptional":true},"deadband":{"ID":25,"default":0,"required":true,"type":57,"write":true,"writeOptional":true},"eventEnable":{"ID":35,"default":0,"required":true,"type":24,"write":true,"writeOptional":true},"eventState":{"ID":36,"default":0,"type":48},"eventTimeStamps":{"ID":130,"type":72},"highLimit":{"ID":45,"default":0,"required":true,"type":57,"write":true,"writeOptional":true},"limitEnable":{"ID":52,"default":0,"max":17,"required":true,"type":24,"write":true,"writeOptional":true},"lowLimit":{"ID":59,"default":0,"required":true,"type":57,"write":true,"writeOptional":true},"notificationClass":{"ID":17,"default":0,"max":65535,"required":true,"type":33,"write":true,"writeOptional":true},"notifyType":{"ID":72,"default":0,"required":true,"type":48,"write":true,"writeOptional":true},"timeDelay":{"ID":113,"default":0,"required":true,"type":32,"write":true,"writeOptional":true}},"commands":{"connectReq":{"ID":1,"parameters":[]},"connectStatusNoti":{"ID":3,"parameters":[]},"disconnectReq":{"ID":2,"parameters":[]},"transferApdu":{"ID":0,"parameters":[]}},"commandsResponse":{}},"piAnalogInputReg":{"ID":1538,"attributes":{"covIncrement":{"ID":22,"type":57,"write":true,"writeOptional":true},"deviceType":{"ID":31,"default":"\u0000","type":66},"objectId":{"ID":75,"max":4294967295,"required":true,"type":234},"objectName":{"ID":77,"default":"\u0000","required":true,"type":66},"objectType":{"ID":79,"required":true,"type":49},"profileName":{"ID":168,"default":"\u0000","type":66,"write":true,"writeOptional":true},"updateInterval":{"ID":118,"type":32,"write":true,"writeOptional":true}},"commands":{},"commandsResponse":{}},"piAnalogOutputExt":{"ID":1541,"attributes":{"ackedTransitions":{"ID":0,"default":0,"required":true,"type":24,"write":true,"writeOptional":true},"deadband":{"ID":25,"default":0,"required":true,"type":57,"write":true,"writeOptional":true},"eventEnable":{"ID":35,"default":0,"required":true,"type":24,"write":true,"writeOptional":true},"eventState":{"ID":36,"default":0,"type":48},"eventTimeStamps":{"ID":130,"type":72},"highLimit":{"ID":45,"default":0,"required":true,"type":57,"write":true,"writeOptional":true},"limitEnable":{"ID":52,"default":0,"max":17,"required":true,"type":24,"write":true,"writeOptional":true},"lowLimit":{"ID":59,"default":0,"required":true,"type":57,"write":true,"writeOptional":true},"notificationClass":{"ID":17,"default":0,"max":65535,"required":true,"type":33,"write":true,"writeOptional":true},"notifyType":{"ID":72,"default":0,"required":true,"type":48,"write":true,"writeOptional":true},"timeDelay":{"ID":113,"default":0,"required":true,"type":32,"write":true,"writeOptional":true}},"commands":{},"commandsResponse":{}},"piAnalogOutputReg":{"ID":1540,"attributes":{"covIncrement":{"ID":22,"default":0,"type":57,"write":true,"writeOptional":true},"deviceType":{"ID":31,"default":"\u0000","type":66},"objectId":{"ID":75,"max":4294967295,"required":true,"type":234},"objectName":{"ID":77,"default":"\u0000","required":true,"type":66},"objectType":{"ID":79,"required":true,"type":49},"profileName":{"ID":168,"default":"\u0000","type":66,"write":true,"writeOptional":true}},"commands":{},"commandsResponse":{}},"piAnalogValueExt":{"ID":1543,"attributes":{"ackedTransitions":{"ID":0,"default":0,"required":true,"type":24,"write":true,"writeOptional":true},"deadband":{"ID":25,"default":0,"required":true,"type":57,"write":true,"writeOptional":true},"eventEnable":{"ID":35,"default":0,"required":true,"type":24,"write":true,"writeOptional":true},"eventState":{"ID":36,"default":0,"type":48},"eventTimeStamps":{"ID":130,"required":true,"type":72},"highLimit":{"ID":45,"default":0,"required":true,"type":57,"write":true,"writeOptional":true},"limitEnable":{"ID":52,"default":0,"max":17,"required":true,"type":24,"write":true,"writeOptional":true},"lowLimit":{"ID":59,"default":0,"required":true,"type":57,"write":true,"writeOptional":true},"notificationClass":{"ID":17,"default":0,"max":65535,"required":true,"type":33,"write":true,"writeOptional":true},"notifyType":{"ID":72,"default":0,"required":true,"type":48,"write":true,"writeOptional":true},"timeDelay":{"ID":113,"default":0,"required":true,"type":32,"write":true,"writeOptional":true}},"commands":{},"commandsResponse":{}},"piAnalogValueReg":{"ID":1542,"attributes":{"covIncrement":{"ID":22,"default":0,"type":57,"write":true,"writeOptional":true},"objectId":{"ID":75,"max":4294967295,"required":true,"type":234},"objectName":{"ID":77,"default":"\u0000","required":true,"type":66},"objectType":{"ID":79,"required":true,"type":49},"profileName":{"ID":168,"default":"\u0000","type":66}},"commands":{},"commandsResponse":{}},"piBacnetProtocolTunnel":{"ID":1537,"attributes":{},"commands":{"transferNpdu":{"ID":0,"parameters":[{"name":"npdu","type":1001}],"required":true}},"commandsResponse":{}},"piBinaryInputExt":{"ID":1545,"attributes":{"ackedTransitions":{"ID":0,"default":0,"required":true,"type":24,"write":true,"writeOptional":true},"alarmValue":{"ID":6,"required":true,"type":16,"write":true,"writeOptional":true},"eventEnable":{"ID":35,"default":0,"required":true,"type":24,"write":true,"writeOptional":true},"eventState":{"ID":36,"type":48},"eventTimeStamps":{"ID":130,"required":true,"type":72},"notificationClass":{"ID":17,"default":0,"required":true,"type":33,"write":true,"writeOptional":true},"notifyType":{"ID":72,"default":0,"required":true,"type":48,"write":true,"writeOptional":true},"timeDelay":{"ID":113,"default":0,"required":true,"type":32,"write":true,"writeOptional":true}},"commands":{},"commandsResponse":{}},"piBinaryInputReg":{"ID":1544,"attributes":{"changeOfStateCount":{"ID":15,"default":4294967295,"type":35,"write":true,"writeOptional":true},"changeOfStateTime":{"ID":16,"type":76},"deviceType":{"ID":31,"default":"\u0000","type":66},"elapsedActiveTime":{"ID":33,"default":4294967295,"type":35,"write":true,"writeOptional":true},"objectIdentifier":{"ID":75,"max":4294967295,"required":true,"type":234},"objectName":{"ID":77,"default":"\u0000","required":true,"type":66},"objectType":{"ID":79,"required":true,"type":49},"profileName":{"ID":168,"default":"\u0000","type":66},"timeOfATReset":{"ID":114,"type":76},"timeOfSCReset":{"ID":115,"type":76}},"commands":{},"commandsResponse":{}},"piBinaryOutputExt":{"ID":1547,"attributes":{"ackedTransitions":{"ID":0,"default":0,"required":true,"type":24,"write":true,"writeOptional":true},"eventEnable":{"ID":35,"default":0,"required":true,"type":24,"write":true,"writeOptional":true},"eventState":{"ID":36,"default":0,"type":48},"eventTimeStamps":{"ID":130,"type":72},"notificationClass":{"ID":17,"default":0,"required":true,"type":33,"write":true,"writeOptional":true},"notifyType":{"ID":72,"default":0,"required":true,"type":48,"write":true,"writeOptional":true},"timeDelay":{"ID":113,"default":0,"required":true,"type":32,"write":true,"writeOptional":true}},"commands":{},"commandsResponse":{}},"piBinaryOutputReg":{"ID":1546,"attributes":{"changeOfStateCount":{"ID":15,"default":4294967295,"type":35,"write":true,"writeOptional":true},"changeOfStateTime":{"ID":16,"type":76},"deviceType":{"ID":31,"default":"\u0000","type":66},"elapsedActiveTime":{"ID":33,"default":4294967295,"type":35,"write":true,"writeOptional":true},"feedBackValue":{"ID":40,"default":0,"max":1,"type":48},"objectIdentifier":{"ID":75,"max":4294967295,"required":true,"type":234},"objectName":{"ID":77,"default":"\u0000","required":true,"type":66},"objectType":{"ID":79,"required":true,"type":49},"profileName":{"ID":168,"default":"\u0000","type":66},"timeOfATReset":{"ID":114,"type":76},"timeOfSCReset":{"ID":115,"type":76}},"commands":{},"commandsResponse":{}},"piBinaryValueExt":{"ID":1549,"attributes":{"ackedTransitions":{"ID":0,"default":0,"required":true,"type":24,"write":true,"writeOptional":true},"alarmValue":{"ID":6,"required":true,"type":16,"write":true,"writeOptional":true},"eventEnable":{"ID":35,"default":0,"required":true,"type":24,"write":true,"writeOptional":true},"eventState":{"ID":36,"default":0,"type":48},"eventTimeStamps":{"ID":130,"required":true,"type":72},"notificationClass":{"ID":17,"default":0,"required":true,"type":33,"write":true,"writeOptional":true},"notifyType":{"ID":72,"default":0,"required":true,"type":48,"write":true,"writeOptional":true},"timeDelay":{"ID":113,"default":0,"required":true,"type":32,"write":true,"writeOptional":true}},"commands":{},"commandsResponse":{}},"piBinaryValueReg":{"ID":1548,"attributes":{"changeOfStateCount":{"ID":15,"default":4294967295,"type":35,"write":true,"writeOptional":true},"changeOfStateTime":{"ID":16,"type":76},"elapsedActiveTime":{"ID":33,"default":4294967295,"type":35,"write":true,"writeOptional":true},"objectIdentifier":{"ID":75,"max":4294967295,"required":true,"type":234},"objectName":{"ID":77,"default":"\u0000","required":true,"type":66},"objectType":{"ID":79,"required":true,"type":49},"profileName":{"ID":168,"default":"\u0000","type":66},"timeOfATReset":{"ID":114,"type":76},"timeOfSCReset":{"ID":115,"type":76}},"commands":{},"commandsResponse":{}},"piGenericTunnel":{"ID":1536,"attributes":{"maxIncomeTransSize":{"ID":1,"max":65535,"required":true,"type":33},"maxOutgoTransSize":{"ID":2,"max":65535,"required":true,"type":33},"protocolAddr":{"ID":3,"default":"\u0000","maxLen":255,"minLen":0,"required":true,"type":65}},"commands":{"matchProtocolAddr":{"ID":0,"parameters":[{"name":"protocoladdr","type":65}],"required":true}},"commandsResponse":{"advertiseProtocolAddr":{"ID":1,"parameters":[{"name":"protocoladdr","type":65}]},"matchProtocolAddrRsp":{"ID":0,"parameters":[{"name":"devieeeaddr","type":240},{"name":"protocoladdr","type":65}],"required":true}}},"piIso7818ProtocolTunnel":{"ID":1557,"attributes":{"status":{"ID":0,"default":0,"max":1,"required":true,"type":32}},"commands":{"extractSmartCard":{"ID":2,"parameters":[],"required":true},"insertSmartCard":{"ID":1,"parameters":[],"required":true},"transferApdu":{"ID":0,"parameters":[{"name":"apdu","type":65}],"required":true}},"commandsResponse":{"transferApdu":{"ID":0,"parameters":[{"name":"apdu","type":65}],"required":true}}},"piMultistateInputExt":{"ID":1551,"attributes":{"ackedTransitions":{"ID":0,"default":0,"required":true,"type":24,"write":true,"writeOptional":true},"alarmValues":{"ID":6,"max":65535,"required":true,"type":80,"write":true,"writeOptional":true},"eventEnable":{"ID":35,"default":0,"required":true,"type":24,"write":true,"writeOptional":true},"eventState":{"ID":36,"default":0,"type":48},"eventTimeStamps":{"ID":130,"required":true,"type":72},"faultValues":{"ID":37,"default":0,"max":65535,"required":true,"type":80,"write":true,"writeOptional":true},"notificationClass":{"ID":17,"default":0,"required":true,"type":33,"write":true,"writeOptional":true},"notifyType":{"ID":72,"default":0,"required":true,"type":48,"write":true,"writeOptional":true},"timeDelay":{"ID":113,"default":0,"required":true,"type":32,"write":true,"writeOptional":true}},"commands":{},"commandsResponse":{}},"piMultistateInputReg":{"ID":1550,"attributes":{"deviceType":{"ID":31,"default":"\u0000","type":66},"objectIdentifier":{"ID":75,"max":4294967295,"required":true,"type":234},"objectName":{"ID":77,"default":"\u0000","required":true,"type":66},"objectType":{"ID":79,"required":true,"type":49},"profileName":{"ID":168,"default":"\u0000","type":66}},"commands":{},"commandsResponse":{}},"piMultistateOutputExt":{"ID":1553,"attributes":{"ackedTransitions":{"ID":0,"default":0,"required":true,"type":24,"write":true,"writeOptional":true},"eventEnable":{"ID":35,"default":0,"required":true,"type":24,"write":true,"writeOptional":true},"eventState":{"ID":36,"default":0,"type":48},"eventTimeStamps":{"ID":130,"required":true,"type":72},"notificationClass":{"ID":17,"default":0,"max":65535,"required":true,"type":33,"write":true,"writeOptional":true},"notifyType":{"ID":72,"default":0,"required":true,"type":48,"write":true,"writeOptional":true},"timeDelay":{"ID":113,"default":0,"required":true,"type":32,"write":true,"writeOptional":true}},"commands":{},"commandsResponse":{}},"piMultistateOutputReg":{"ID":1552,"attributes":{"deviceType":{"ID":31,"default":"\u0000","type":66},"feedBackValue":{"ID":40,"max":1,"type":48,"write":true,"writeOptional":true},"objectIdentifier":{"ID":75,"max":4294967295,"required":true,"type":234},"objectName":{"ID":77,"default":"\u0000","required":true,"type":66},"objectType":{"ID":79,"required":true,"type":49},"profileName":{"ID":168,"default":"\u0000","type":66}},"commands":{},"commandsResponse":{}},"piMultistateValueExt":{"ID":1555,"attributes":{"ackedTransitions":{"ID":0,"default":0,"required":true,"type":24,"write":true,"writeOptional":true},"alarmValues":{"ID":6,"max":65535,"required":true,"type":80,"write":true,"writeOptional":true},"eventEnable":{"ID":35,"default":0,"required":true,"type":24,"write":true,"writeOptional":true},"eventState":{"ID":36,"type":48},"eventTimeStamps":{"ID":130,"required":true,"type":72},"faultValues":{"ID":37,"default":0,"max":65535,"required":true,"type":80,"write":true,"writeOptional":true},"notificationClass":{"ID":17,"default":0,"max":65535,"required":true,"type":33,"write":true,"writeOptional":true},"notifyType":{"ID":72,"default":0,"required":true,"type":48,"write":true,"writeOptional":true},"timeDelay":{"ID":113,"default":0,"required":true,"type":32,"write":true,"writeOptional":true}},"commands":{},"commandsResponse":{}},"piMultistateValueReg":{"ID":1554,"attributes":{"objectIdentifier":{"ID":75,"max":4294967295,"required":true,"type":234},"objectName":{"ID":77,"default":"\u0000","required":true,"type":66},"objectType":{"ID":79,"required":true,"type":49},"profileName":{"ID":168,"default":"\u0000","type":66}},"commands":{},"commandsResponse":{}},"piPartition":{"ID":22,"attributes":{"interframeDelay":{"ID":6,"max":255,"required":true,"type":32,"write":true},"largeFrameSize":{"ID":3,"default":1280,"max":65535,"required":true,"type":33,"write":true},"maximumIncomingTransferSize":{"ID":0,"default":1280,"max":65535,"required":true,"type":33},"maximumOutgoingTransferSize":{"ID":1,"default":1280,"max":65535,"required":true,"type":33},"nackTimeout":{"ID":5,"max":65535,"required":true,"type":33},"numberOfAckFrame":{"ID":4,"default":100,"max":255,"required":true,"type":32,"write":true},"numberOfSendRetries":{"ID":7,"default":3,"max":255,"required":true,"type":32},"partionedFrameSize":{"ID":2,"default":80,"max":255,"required":true,"type":32,"write":true},"receiverTimeout":{"ID":9,"max":65535,"required":true,"type":33},"senderTimeout":{"ID":8,"max":65535,"required":true,"type":33}},"commands":{"readHandshakeParam":{"ID":1,"parameters":[{"name":"partitionedClusterId","type":232},{"name":"attributeIds","type":1002}],"required":true,"response":1},"transferPartionedFrame":{"ID":0,"parameters":[{"name":"fragmentionOptions","type":24},{"conditions":[{"mask":2,"param":"fragmentationOptions","reversed":true,"type":"bitMaskSet"}],"name":"partitionIndicator","type":32},{"conditions":[{"mask":2,"param":"fragmentationOptions","type":"bitMaskSet"}],"name":"partitionIndicator","type":33},{"name":"partitionedFrame","type":65}],"required":true},"writeHandshakeParam":{"ID":2,"parameters":[{"name":"partitionedClusterId","type":232}],"required":true}},"commandsResponse":{"multipleAck":{"ID":0,"parameters":[{"name":"ackOptions","type":24},{"conditions":[{"mask":1,"param":"fragmentationOptions","reversed":true,"type":"bitMaskSet"}],"name":"firstFrameId","type":32},{"conditions":[{"mask":1,"param":"fragmentationOptions","type":"bitMaskSet"}],"name":"firstFrameId","type":33},{"conditions":[{"mask":1,"param":"fragmentationOptions","reversed":true,"type":"bitMaskSet"}],"name":"nackId","type":1001},{"conditions":[{"mask":1,"param":"fragmentationOptions","type":"bitMaskSet"}],"name":"nackId","type":1002}],"required":true},"readHandshakeParamResponse":{"ID":1,"parameters":[{"name":"partitionedClusterId","type":232}],"required":true}}},"pm25Measurement":{"ID":1066,"attributes":{"measuredMaxValue":{"ID":2,"max":1,"required":true,"type":57},"measuredMinValue":{"ID":1,"min":0,"required":true,"type":57},"measuredValue":{"ID":0,"report":true,"required":true,"type":57},"tolerance":{"ID":3,"type":57}},"commands":{},"commandsResponse":{}},"powerProfile":{"ID":26,"attributes":{"energyFormatting":{"ID":2,"default":1,"required":true,"type":24},"energyRemote":{"ID":3,"default":0,"required":true,"type":16},"multipleScheduling":{"ID":1,"default":0,"required":true,"type":16},"scheduleMode":{"ID":4,"default":0,"report":true,"required":true,"type":24,"write":true},"totalProfileNum":{"ID":0,"default":1,"max":254,"min":1,"required":true,"type":32}},"commands":{"energyPhasesScheduleNotification":{"ID":4,"parameters":[{"name":"powerProfileId","type":32},{"name":"numScheduledPhases","type":32}],"required":true},"energyPhasesScheduleResponse":{"ID":5,"parameters":[{"name":"powerProfileId","type":32},{"name":"numScheduledPhases","type":32}],"required":true},"energyPhasesScheduleStateRequest":{"ID":7,"parameters":[{"name":"powerProfileId","type":32}],"required":true},"getOverallSchedulePriceResponse":{"ID":3,"parameters":[{"name":"currency","type":33},{"name":"price","type":35},{"name":"priceTrailingDigit","type":32}],"required":true},"getPowerProfilePriceExtendedResponse":{"ID":8,"parameters":[{"name":"powerProfileId","type":32},{"name":"currency","type":33},{"name":"price","type":35},{"name":"priceTrailingDigit","type":32}],"required":true},"getPowerProfilePriceResponse":{"ID":2,"parameters":[{"name":"powerProfileId","type":32},{"name":"currency","type":33},{"name":"price","type":35},{"name":"priceTrailingDigit","type":32}],"required":true},"powerProfileRequest":{"ID":0,"parameters":[{"name":"powerProfileId","type":32}],"required":true},"powerProfileScheduleConstraintsRequest":{"ID":6,"parameters":[{"name":"powerProfileId","type":32}],"required":true},"powerProfileStateRequest":{"ID":1,"parameters":[],"required":true}},"commandsResponse":{"energyPhasesScheduleRequest":{"ID":6,"parameters":[{"name":"powerProfileId","type":32}],"required":true},"energyPhasesScheduleStateNotification":{"ID":8,"parameters":[{"name":"powerProfileId","type":32},{"name":"numScheduledPhases","type":32}],"required":true},"energyPhasesScheduleStateResponse":{"ID":7,"parameters":[{"name":"powerProfileId","type":32},{"name":"numScheduledPhases","type":32}],"required":true},"getOverallSchedulePrice":{"ID":5,"parameters":[]},"getPowerProfilePrice":{"ID":3,"parameters":[{"name":"powerProfileId","type":32}]},"getPowerProfilePriceExtended":{"ID":11,"parameters":[{"name":"options","type":24},{"name":"powerProfileId","type":32},{"conditions":[{"type":"minimumRemainingBufferBytes","value":2}],"name":"powerProfileStartTime","type":33}]},"powerProfileNotification":{"ID":0,"parameters":[{"name":"totalProfileNum","type":32},{"name":"powerProfileId","type":32},{"name":"numTransferredPhases","type":32}],"required":true},"powerProfileResponse":{"ID":1,"parameters":[{"name":"totalProfileNum","type":32},{"name":"powerProfileId","type":32},{"name":"numTransferredPhases","type":32}],"required":true},"powerProfileScheduleConstraintsNotification":{"ID":9,"parameters":[{"name":"powerProfileId","type":32},{"name":"startAfter","type":33},{"name":"stopBefore","type":33}],"required":true},"powerProfileScheduleConstraintsResponse":{"ID":10,"parameters":[{"name":"powerProfileId","type":32},{"name":"startAfter","type":33},{"name":"stopBefore","type":33}],"required":true},"powerProfileStateResponse":{"ID":2,"parameters":[{"name":"powerProfileCount","type":32}],"required":true},"powerProfilesStateNotification":{"ID":4,"parameters":[{"name":"powerProfileCount","type":32}],"required":true}}},"pulseWidthModulation":{"ID":28,"attributes":{"currentFrequency":{"ID":4,"default":0,"report":true,"required":true,"type":33},"currentLevel":{"ID":0,"default":255,"report":true,"required":true,"scene":true,"type":32},"defaultMoveRate":{"ID":20,"max":254,"type":32,"write":true},"maxFrequency":{"ID":6,"default":0,"max":65535,"required":true,"type":33},"maxLevel":{"ID":3,"default":100,"max":100,"required":true,"type":32},"minFrequency":{"ID":5,"default":0,"required":true,"type":33},"minLevel":{"ID":2,"default":0,"required":true,"type":32},"offTransitionTime":{"ID":19,"default":65535,"max":65534,"type":33,"write":true},"onLevel":{"ID":17,"default":255,"type":32,"write":true},"onOffTransitionTime":{"ID":16,"default":0,"max":65535,"type":33,"write":true},"onTransitionTime":{"ID":18,"default":65535,"max":65534,"type":33,"write":true},"options":{"ID":15,"default":0,"type":24,"write":true},"remainingTime":{"ID":1,"default":0,"max":65535,"type":33},"startUpCurrentLevel":{"ID":16384,"max":255,"special":[["MinimumDeviceValuePermitted","00"],["SetToPreviousValue","ff"]],"type":32,"write":true}},"commands":{"move":{"ID":1,"parameters":[{"name":"movemode","type":32},{"name":"rate","type":32},{"conditions":[{"type":"minimumRemainingBufferBytes","value":1}],"name":"optionsMask","type":24},{"conditions":[{"type":"minimumRemainingBufferBytes","value":1}],"name":"optionsOverride","type":24}],"required":true},"moveToClosestFrequency":{"ID":8,"parameters":[{"name":"frequency","type":33}],"required":true},"moveToLevel":{"ID":0,"parameters":[{"name":"level","type":32},{"name":"transtime","type":33},{"conditions":[{"type":"minimumRemainingBufferBytes","value":1}],"name":"optionsMask","type":24},{"conditions":[{"type":"minimumRemainingBufferBytes","value":1}],"name":"optionsOverride","type":24}],"required":true},"moveToLevelWithOnOff":{"ID":4,"parameters":[{"name":"level","type":32},{"name":"transtime","type":33},{"conditions":[{"type":"minimumRemainingBufferBytes","value":1}],"name":"optionsMask","type":24},{"conditions":[{"type":"minimumRemainingBufferBytes","value":1}],"name":"optionsOverride","type":24}],"required":true},"moveWithOnOff":{"ID":5,"parameters":[{"name":"movemode","type":32},{"name":"rate","type":32},{"conditions":[{"type":"minimumRemainingBufferBytes","value":1}],"name":"optionsMask","type":24},{"conditions":[{"type":"minimumRemainingBufferBytes","value":1}],"name":"optionsOverride","type":24}],"required":true},"step":{"ID":2,"parameters":[{"name":"stepmode","type":32},{"name":"stepsize","type":32},{"name":"transtime","type":33},{"conditions":[{"type":"minimumRemainingBufferBytes","value":1}],"name":"optionsMask","type":24},{"conditions":[{"type":"minimumRemainingBufferBytes","value":1}],"name":"optionsOverride","type":24}],"required":true},"stepWithOnOff":{"ID":6,"parameters":[{"name":"stepmode","type":32},{"name":"stepsize","type":32},{"name":"transtime","type":33},{"conditions":[{"type":"minimumRemainingBufferBytes","value":1}],"name":"optionsMask","type":24},{"conditions":[{"type":"minimumRemainingBufferBytes","value":1}],"name":"optionsOverride","type":24}],"required":true},"stop":{"ID":3,"parameters":[{"conditions":[{"type":"minimumRemainingBufferBytes","value":1}],"name":"optionsMask","type":24},{"conditions":[{"type":"minimumRemainingBufferBytes","value":1}],"name":"optionsOverride","type":24}],"required":true},"stopWithOnOff":{"ID":7,"parameters":[{"conditions":[{"type":"minimumRemainingBufferBytes","value":1}],"name":"optionsMask","type":24},{"conditions":[{"type":"minimumRemainingBufferBytes","value":1}],"name":"optionsOverride","type":24}],"required":true}},"commandsResponse":{}},"retailTunnel":{"ID":1559,"attributes":{"manufacturerCode":{"ID":0,"max":4351,"min":4096,"required":true,"type":33},"msProfile":{"ID":1,"max":65535,"min":49152,"required":true,"type":33}},"commands":{"transferApdu":{"ID":0,"parameters":[{"name":"apdu","type":65}],"required":true}},"commandsResponse":{}},"schneiderSpecificPilotMode":{"ID":65315,"attributes":{"pilotMode":{"ID":49,"max":255,"type":48,"write":true}},"commands":{},"commandsResponse":{},"manufacturerCode":4190},"seMeterIdentification":{"ID":2817,"attributes":{"availablePower":{"ID":13,"max":16777215,"required":true,"type":42},"companyName":{"ID":0,"maxLen":16,"minLen":0,"required":true,"type":66},"customerName":{"ID":5,"maxLen":16,"minLen":0,"type":66,"write":true},"dataQualityId":{"ID":4,"max":65535,"required":true,"type":33},"meterTypeId":{"ID":1,"max":65535,"required":true,"type":33},"model":{"ID":6,"maxLen":16,"minLen":0,"type":65},"partNumber":{"ID":7,"maxLen":16,"minLen":0,"type":65},"pod":{"ID":12,"maxLen":16,"minLen":0,"required":true,"type":66},"powerThreshold":{"ID":14,"max":16777215,"required":true,"type":42},"productRevision":{"ID":8,"maxLen":16,"minLen":0,"type":65},"softwareRevision":{"ID":10,"maxLen":16,"minLen":0,"type":65},"utilityName":{"ID":11,"maxLen":16,"minLen":0,"type":66}},"commands":{},"commandsResponse":{}},"seMetering":{"ID":1794,"attributes":{"DFTSummationReceived":{"ID":31,"max":281474976710655,"type":37},"activeRegisterTierDelivered":{"ID":32,"max":48,"type":48},"activeRegisterTierReceived":{"ID":33,"max":48,"type":48},"alternativeConsumptionFormatting":{"ID":786,"max":255,"type":24},"alternativeDemandFormatting":{"ID":786,"max":255,"type":24},"alternativeUnitOfMeasure":{"ID":786,"default":0,"type":48},"ambientConsumptionIndicator":{"ID":519,"max":2,"type":48},"billDeliveredTrailingDigit":{"ID":2564,"type":24},"billReceivedTrailingDigit":{"ID":2580,"type":24},"billToDateDelivered":{"ID":2560,"default":0,"max":4294967295,"type":35},"billToDateReceived":{"ID":2576,"default":0,"max":4294967295,"type":35},"billToDateTimeStampDelivered":{"ID":2561,"default":0,"type":226},"billToDateTimeStampReceived":{"ID":2577,"default":0,"type":226},"controlTempreature":{"ID":25,"max":8388607,"min":-8388607,"type":42},"cpp1SummationDelivered":{"ID":508,"max":281474976710655,"type":37},"cpp2SummationDelivered":{"ID":510,"max":281474976710655,"type":37},"curMonthMaxEnergyCarrDemand":{"ID":1043,"max":8388607,"min":-8388607,"type":42},"curMonthMinEnergyCarrDemand":{"ID":1044,"max":8388607,"min":-8388607,"type":42},"curPartProfileIntStartTimeDelivered":{"ID":1029,"type":226},"curPartProfileIntStartTimeReceived":{"ID":1030,"type":226},"curPartProfileIntValueDelivered":{"ID":1031,"max":16777215,"type":34},"curPartProfileIntValueReceived":{"ID":1032,"max":16777215,"type":34},"curYearMaxEnergyCarrDemand":{"ID":1045,"max":8388607,"min":-8388607,"type":42},"curYearMinEnergyCarrDemand":{"ID":1046,"max":8388607,"min":-8388607,"type":42},"currentBlock":{"ID":14,"max":16,"type":48},"currentBlockPeriodConsumpDelivered":{"ID":12,"max":281474976710655,"type":37},"currentBlockPeriodConsumpReceived":{"ID":29,"max":281474976710655,"type":37},"currentBlockReceived":{"ID":30,"max":255,"type":48},"currentDayConsumpDelivered":{"ID":1025,"max":16777215,"type":34},"currentDayConsumpReceived":{"ID":1026,"max":16777215,"type":34},"currentDayMaxDemand":{"ID":1037,"max":8388607,"min":-8388607,"type":42},"currentDayMaxEnergyCarrDemand":{"ID":1041,"max":8388607,"min":-8388607,"type":42},"currentDayMaxPressure":{"ID":1033,"max":281474976710655,"type":37},"currentDayMinPressure":{"ID":1034,"max":281474976710655,"type":37},"currentDemandDelivered":{"ID":1536,"max":16777215,"type":34},"currentInEnergyCarrierDemand":{"ID":26,"max":8388607,"min":-8388607,"type":42},"currentInEnergyCarrierSumm":{"ID":21,"max":281474976710655,"type":37},"currentMaxDemandDeliverdTime":{"ID":8,"type":226},"currentMaxDemandDelivered":{"ID":2,"max":281474976710655,"type":37},"currentMaxDemandReceived":{"ID":3,"max":281474976710655,"type":37},"currentMaxDemandReceivedTime":{"ID":9,"type":226},"currentMeterId":{"ID":518,"type":65},"currentMonthConsumptionDelivered":{"ID":1088,"max":4294967295,"type":35},"currentMonthConsumptionReceived":{"ID":1089,"max":4294967295,"type":35},"currentMonthMaxDemand":{"ID":1039,"max":8388607,"min":-8388607,"type":42},"currentOutEnergyCarrierDemand":{"ID":27,"max":8388607,"min":-8388607,"type":42},"currentOutEnergyCarrierSumm":{"ID":22,"max":281474976710655,"type":37},"currentSummDelivered":{"ID":0,"max":281474976710655,"required":true,"type":37},"currentSummReceived":{"ID":1,"max":281474976710655,"type":37},"currentTier10SummDelivered":{"ID":274,"max":281474976710655,"type":37},"currentTier10SummReceived":{"ID":275,"max":281474976710655,"type":37},"currentTier11SummDelivered":{"ID":276,"max":281474976710655,"type":37},"currentTier11SummReceived":{"ID":277,"max":281474976710655,"type":37},"currentTier12SummDelivered":{"ID":278,"max":281474976710655,"type":37},"currentTier12SummReceived":{"ID":279,"max":281474976710655,"type":37},"currentTier13SummDelivered":{"ID":280,"max":281474976710655,"type":37},"currentTier13SummReceived":{"ID":281,"max":281474976710655,"type":37},"currentTier14SummDelivered":{"ID":282,"max":281474976710655,"type":37},"currentTier14SummReceived":{"ID":283,"max":281474976710655,"type":37},"currentTier15SummDelivered":{"ID":284,"max":281474976710655,"type":37},"currentTier15SummReceived":{"ID":285,"max":281474976710655,"type":37},"currentTier1SummDelivered":{"ID":256,"max":281474976710655,"type":37},"currentTier1SummReceived":{"ID":257,"max":281474976710655,"type":37},"currentTier2SummDelivered":{"ID":258,"max":281474976710655,"type":37},"currentTier2SummReceived":{"ID":259,"max":281474976710655,"type":37},"currentTier3SummDelivered":{"ID":260,"max":281474976710655,"type":37},"currentTier3SummReceived":{"ID":261,"max":281474976710655,"type":37},"currentTier4SummDelivered":{"ID":262,"max":281474976710655,"type":37},"currentTier4SummReceived":{"ID":263,"max":281474976710655,"type":37},"currentTier5SummDelivered":{"ID":264,"max":281474976710655,"type":37},"currentTier5SummReceived":{"ID":265,"max":281474976710655,"type":37},"currentTier6SummDelivered":{"ID":266,"max":281474976710655,"type":37},"currentTier6SummReceived":{"ID":267,"max":281474976710655,"type":37},"currentTier7SummDelivered":{"ID":268,"max":281474976710655,"type":37},"currentTier7SummReceived":{"ID":269,"max":281474976710655,"type":37},"currentTier8SummDelivered":{"ID":270,"max":281474976710655,"type":37},"currentTier8SummReceived":{"ID":271,"max":281474976710655,"type":37},"currentTier9SummDelivered":{"ID":272,"max":281474976710655,"type":37},"currentTier9SummReceived":{"ID":273,"max":281474976710655,"type":37},"currentWeekConsumptionDelivered":{"ID":1072,"max":16777215,"type":34},"currentWeekConsumptionReceived":{"ID":1073,"max":16777215,"type":34},"currentYearMaxDemand":{"ID":1040,"max":8388607,"min":-8388607,"type":42},"customIdNumber":{"ID":785,"maxLen":25,"minLen":1,"type":65},"dailyConsumpTarget":{"ID":13,"max":16777215,"type":34},"dailyFreezeTime":{"ID":5,"default":0,"max":5947,"type":33},"defaultUpdatePeriod":{"ID":10,"default":30,"max":255,"type":32},"demandFormatting":{"ID":772,"max":255,"type":24},"demandIntegrationPeriod":{"ID":1538,"max":255,"min":1,"type":32},"demandLimit":{"ID":1537,"max":16777215,"type":34},"demandLimitArmDuration":{"ID":1540,"default":60,"max":65535,"type":33},"develcoCurrentSummation":{"ID":769,"manufacturerCode":4117,"max":281474976710655,"type":37,"write":true},"develcoInterfaceMode":{"ID":770,"manufacturerCode":4117,"max":65535,"type":49,"write":true},"develcoPulseConfiguration":{"ID":768,"manufacturerCode":4117,"max":65535,"type":33,"write":true},"dftSumm":{"ID":4,"max":281474976710655,"type":37},"divisor":{"ID":770,"max":16777215,"type":34},"electricityAlarmMask":{"ID":2049,"default":4294967295,"max":4294967295,"type":27},"energyCarrierDemandFormatting":{"ID":779,"max":255,"type":24},"energyCarrierSummFormatting":{"ID":778,"max":255,"type":24},"energyCarrierUnitOfMeas":{"ID":777,"max":255,"type":48},"extendedGenericAlarmMask":{"ID":2054,"default":281474976710655,"max":281474976710655,"type":29},"extendedStatus":{"ID":516,"type":31},"fastPollUpdatePeriod":{"ID":11,"default":5,"max":255,"type":32},"flowRestriction":{"ID":19,"max":255,"type":32},"gasSpecificAlarmMask":{"ID":2053,"default":65535,"max":65535,"type":25},"genFlowPressureAlarmMask":{"ID":2050,"default":65535,"max":65535,"type":25},"genericAlarmMask":{"ID":2048,"default":65535,"max":65535,"type":25},"heatCoolSpecificAlarmMASK":{"ID":2052,"default":65535,"max":65535,"type":25},"historicalConsumpFormatting":{"ID":773,"max":255,"type":24},"historicalFreezeTime":{"ID":1116,"default":0,"max":5947,"type":33},"hoursInFault":{"ID":515,"max":16777215,"type":34},"hoursInOperation":{"ID":514,"max":16777215,"type":34},"inletTempreature":{"ID":23,"max":8388607,"min":-8388607,"type":42},"instantaneousDemand":{"ID":1024,"default":0,"max":8388607,"min":-8388607,"type":42},"lastBlockSwitchTime":{"ID":34,"type":226},"loadLimitCounter":{"ID":1542,"default":1,"max":255,"type":32},"loadLimitSupplyState":{"ID":1541,"default":0,"max":255,"type":48},"manufactureAlarmMask":{"ID":2055,"default":65535,"max":65535,"type":25},"maxNumberOfPeriodsDelivered":{"ID":1280,"default":24,"max":255,"type":32},"meterSerialNumber":{"ID":776,"maxLen":25,"minLen":1,"type":65},"meteringDeviceType":{"ID":774,"max":255,"type":24},"moduleSerialNumber":{"ID":782,"maxLen":25,"minLen":1,"type":65},"multiplier":{"ID":769,"max":16777215,"type":34},"numberOfDemandSubintervals":{"ID":1539,"max":255,"min":1,"type":32},"operatingTariffLevelDelivered":{"ID":783,"maxLen":25,"minLen":1,"type":65},"operatingTariffLevelReceived":{"ID":784,"maxLen":25,"minLen":1,"type":65},"outletTempreature":{"ID":24,"max":8388607,"min":-8388607,"type":42},"owonAccumulativeEnergyThreshold":{"ID":20486,"manufacturerCode":4412,"max":255,"type":32,"write":true},"owonCurrentSum":{"ID":12547,"manufacturerCode":4412,"max":16777215,"type":34,"write":true},"owonFrequency":{"ID":20485,"manufacturerCode":4412,"max":255,"type":32,"write":true},"owonL1Energy":{"ID":16384,"manufacturerCode":4412,"max":281474976710655,"type":37,"write":true},"owonL1PhaseCurrent":{"ID":12544,"manufacturerCode":4412,"max":16777215,"type":34,"write":true},"owonL1PhasePower":{"ID":8192,"manufacturerCode":4412,"max":8388607,"min":-8388608,"type":42,"write":true},"owonL1PhaseReactivePower":{"ID":8448,"manufacturerCode":4412,"max":8388607,"min":-8388608,"type":42,"write":true},"owonL1PhaseVoltage":{"ID":12288,"manufacturerCode":4412,"max":16777215,"type":34,"write":true},"owonL1PowerFactor":{"ID":16644,"manufacturerCode":4412,"max":127,"min":-128,"type":40,"write":true},"owonL1ReactiveEnergy":{"ID":16640,"manufacturerCode":4412,"max":281474976710655,"type":37,"write":true},"owonL2Energy":{"ID":16385,"manufacturerCode":4412,"max":281474976710655,"type":37,"write":true},"owonL2PhaseCurrent":{"ID":12545,"manufacturerCode":4412,"max":16777215,"type":34,"write":true},"owonL2PhasePower":{"ID":8193,"manufacturerCode":4412,"max":8388607,"min":-8388608,"type":42,"write":true},"owonL2PhaseReactivePower":{"ID":8449,"manufacturerCode":4412,"max":8388607,"min":-8388608,"type":42,"write":true},"owonL2PhaseVoltage":{"ID":12289,"manufacturerCode":4412,"max":16777215,"type":34,"write":true},"owonL2PowerFactor":{"ID":16645,"manufacturerCode":4412,"max":127,"min":-128,"type":40,"write":true},"owonL2ReactiveEnergy":{"ID":16641,"manufacturerCode":4412,"max":281474976710655,"type":37,"write":true},"owonL3Energy":{"ID":16386,"manufacturerCode":4412,"max":281474976710655,"type":37,"write":true},"owonL3PhaseCurrent":{"ID":12546,"manufacturerCode":4412,"max":16777215,"type":34,"write":true},"owonL3PhasePower":{"ID":8194,"manufacturerCode":4412,"max":8388607,"min":-8388608,"type":42,"write":true},"owonL3PhaseReactivePower":{"ID":8450,"manufacturerCode":4412,"max":8388607,"min":-8388608,"type":42,"write":true},"owonL3PhaseVoltage":{"ID":12290,"manufacturerCode":4412,"max":16777215,"type":34,"write":true},"owonL3PowerFactor":{"ID":16646,"manufacturerCode":4412,"max":127,"min":-128,"type":40,"write":true},"owonL3ReactiveEnergy":{"ID":16642,"manufacturerCode":4412,"max":281474976710655,"type":37,"write":true},"owonLastHistoricalRecordTime":{"ID":20480,"manufacturerCode":4412,"max":4294967295,"type":35,"write":true},"owonLeakageCurrent":{"ID":12548,"manufacturerCode":4412,"max":16777215,"type":34,"write":true},"owonMaximumReportCycle":{"ID":20483,"manufacturerCode":4412,"max":4294967295,"type":35,"write":true},"owonMinimumReportCycle":{"ID":20482,"manufacturerCode":4412,"max":4294967295,"type":35,"write":true},"owonOldestHistoricalRecordTime":{"ID":20481,"manufacturerCode":4412,"max":4294967295,"type":35,"write":true},"owonPercentChangeInPower":{"ID":20488,"manufacturerCode":4412,"max":255,"type":32,"write":true},"owonReactiveEnergySum":{"ID":16643,"manufacturerCode":4412,"max":281474976710655,"type":37,"write":true},"owonReactivePowerSum":{"ID":8451,"manufacturerCode":4412,"max":8388607,"min":-8388608,"type":42,"write":true},"owonReportMap":{"ID":4096,"manufacturerCode":4412,"type":24,"write":true},"owonReportMode":{"ID":20487,"manufacturerCode":4412,"max":255,"type":32,"write":true},"owonSentHistoricalRecordState":{"ID":20484,"manufacturerCode":4412,"max":255,"type":32,"write":true},"powerFactor":{"ID":6,"default":0,"max":100,"min":-100,"type":40},"presetReadingTime":{"ID":17,"default":0,"max":5947,"type":33},"previousBlockPeriodConsumpReceived":{"ID":28,"max":281474976710655,"type":37},"previousDay2ConsumptionDelivered":{"ID":1056,"max":16777215,"type":34},"previousDay2ConsumptionReceived":{"ID":1057,"max":16777215,"type":34},"previousDay3ConsumptionDelivered":{"ID":1058,"max":16777215,"type":34},"previousDay3ConsumptionReceived":{"ID":1059,"max":16777215,"type":34},"previousDay4ConsumptionDelivered":{"ID":1060,"max":16777215,"type":34},"previousDay4ConsumptionReceived":{"ID":1061,"max":16777215,"type":34},"previousDay5ConsumptionDelivered":{"ID":1062,"max":16777215,"type":34},"previousDay5ConsumptionReceived":{"ID":1063,"max":16777215,"type":34},"previousDay6ConsumptionDelivered":{"ID":1064,"max":16777215,"type":34},"previousDay6ConsumptionReceived":{"ID":1056,"max":16777215,"type":34},"previousDay7ConsumptionDelivered":{"ID":1066,"max":16777215,"type":34},"previousDay7ConsumptionReceived":{"ID":1067,"max":16777215,"type":34},"previousDay8ConsumptionDelivered":{"ID":1068,"max":16777215,"type":34},"previousDay8ConsumptionReceived":{"ID":1069,"max":16777215,"type":34},"previousDayConsumpDelivered":{"ID":1027,"max":16777215,"type":34},"previousDayConsumpReceived":{"ID":1028,"max":16777215,"type":34},"previousDayMaxDemand":{"ID":1038,"max":8388607,"min":-8388607,"type":42},"previousDayMaxEnergyCarrDemand":{"ID":1042,"max":8388607,"min":-8388607,"type":42},"previousDayMaxPressure":{"ID":1035,"max":281474976710655,"type":37},"previousDayMinPressure":{"ID":1036,"max":281474976710655,"type":37},"previousMonth10ConsumptionDelivered":{"ID":1108,"max":4294967295,"type":35},"previousMonth10ConsumptionReceived":{"ID":1109,"max":4294967295,"type":35},"previousMonth11ConsumptionDelivered":{"ID":1110,"max":4294967295,"type":35},"previousMonth11ConsumptionReceived":{"ID":1111,"max":4294967295,"type":35},"previousMonth12ConsumptionDelivered":{"ID":1112,"max":4294967295,"type":35},"previousMonth12ConsumptionReceived":{"ID":1113,"max":4294967295,"type":35},"previousMonth13ConsumptionDelivered":{"ID":1114,"max":4294967295,"type":35},"previousMonth13ConsumptionReceived":{"ID":1115,"max":4294967295,"type":35},"previousMonth2ConsumptionDelivered":{"ID":1092,"max":4294967295,"type":35},"previousMonth2ConsumptionReceived":{"ID":1093,"max":4294967295,"type":35},"previousMonth3ConsumptionDelivered":{"ID":1094,"max":4294967295,"type":35},"previousMonth3ConsumptionReceived":{"ID":1095,"max":4294967295,"type":35},"previousMonth4ConsumptionDelivered":{"ID":1096,"max":4294967295,"type":35},"previousMonth4ConsumptionReceived":{"ID":1097,"max":4294967295,"type":35},"previousMonth5ConsumptionDelivered":{"ID":1098,"max":4294967295,"type":35},"previousMonth5ConsumptionReceived":{"ID":1099,"max":4294967295,"type":35},"previousMonth6ConsumptionDelivered":{"ID":1100,"max":4294967295,"type":35},"previousMonth6ConsumptionReceived":{"ID":1101,"max":4294967295,"type":35},"previousMonth7ConsumptionDelivered":{"ID":1102,"max":4294967295,"type":35},"previousMonth7ConsumptionReceived":{"ID":1103,"max":4294967295,"type":35},"previousMonth8ConsumptionDelivered":{"ID":1104,"max":4294967295,"type":35},"previousMonth8ConsumptionReceived":{"ID":1105,"max":4294967295,"type":35},"previousMonth9ConsumptionDelivered":{"ID":1106,"max":4294967295,"type":35},"previousMonth9ConsumptionReceived":{"ID":1107,"max":4294967295,"type":35},"previousMonthConsumptionDelivered":{"ID":1090,"max":4294967295,"type":35},"previousMonthConsumptionReceived":{"ID":1091,"max":4294967295,"type":35},"previousWeek2ConsumptionDelivered":{"ID":1076,"max":16777215,"type":34},"previousWeek2ConsumptionReceived":{"ID":1077,"max":16777215,"type":34},"previousWeek3ConsumptionDelivered":{"ID":1078,"max":16777215,"type":34},"previousWeek3ConsumptionReceived":{"ID":1079,"max":16777215,"type":34},"previousWeek4ConsumptionDelivered":{"ID":1080,"max":16777215,"type":34},"previousWeek4ConsumptionReceived":{"ID":1081,"max":16777215,"type":34},"previousWeek5ConsumptionDelivered":{"ID":1082,"max":16777215,"type":34},"previousWeek5ConsumptionReceived":{"ID":1083,"max":16777215,"type":34},"previousWeekConsumptionDelivered":{"ID":1074,"max":16777215,"type":34},"previousWeekConsumptionReceived":{"ID":1075,"max":16777215,"type":34},"profileIntervalPeriod":{"ID":15,"max":255,"type":48},"projectedBillDelivered":{"ID":2562,"default":0,"max":4294967295,"type":35},"projectedBillReceived":{"ID":2578,"default":0,"max":4294967295,"type":35},"projectedBillTimeStampDelivered":{"ID":2563,"default":0,"type":226},"projectedBillTimeStampReceived":{"ID":2579,"default":0,"type":226},"readingSnapshotTime":{"ID":7,"type":226},"remainingBattLife":{"ID":513,"max":255,"type":32},"remainingBattLifeInDays":{"ID":517,"max":65535,"type":33},"schneiderActiveEnergyDivisor":{"ID":17409,"manufacturerCode":4190,"max":16777215,"type":34,"write":true},"schneiderActiveEnergyL1Phase":{"ID":16643,"manufacturerCode":4190,"max":140737488355327,"min":-140737488355328,"type":45,"write":true},"schneiderActiveEnergyL2Phase":{"ID":16899,"manufacturerCode":4190,"max":140737488355327,"min":-140737488355328,"type":45,"write":true},"schneiderActiveEnergyL3Phase":{"ID":17155,"manufacturerCode":4190,"max":140737488355327,"min":-140737488355328,"type":45,"write":true},"schneiderActiveEnergyMultiplier":{"ID":17408,"manufacturerCode":4190,"max":16777215,"type":34,"write":true},"schneiderActiveEnergyTotal":{"ID":16400,"manufacturerCode":4190,"max":140737488355327,"min":-140737488355328,"type":45,"write":true},"schneiderApparentEnergyDivisor":{"ID":17413,"manufacturerCode":4190,"max":16777215,"type":34,"write":true},"schneiderApparentEnergyL1Phase":{"ID":16645,"manufacturerCode":4190,"max":140737488355327,"min":-140737488355328,"type":45,"write":true},"schneiderApparentEnergyL2Phase":{"ID":16901,"manufacturerCode":4190,"max":140737488355327,"min":-140737488355328,"type":45,"write":true},"schneiderApparentEnergyL3Phase":{"ID":17157,"manufacturerCode":4190,"max":140737488355327,"min":-140737488355328,"type":45,"write":true},"schneiderApparentEnergyMultiplier":{"ID":17412,"manufacturerCode":4190,"max":16777215,"type":34,"write":true},"schneiderApparentEnergyTotal":{"ID":16402,"manufacturerCode":4190,"max":140737488355327,"min":-140737488355328,"type":45,"write":true},"schneiderEnergyCountersReportingPeriod":{"ID":17920,"manufacturerCode":4190,"max":65535,"type":33,"write":true},"schneiderEnergyResetDateTime":{"ID":17665,"manufacturerCode":4190,"max":4294967295,"type":226,"write":true},"schneiderPartialActiveEnergyL1Phase":{"ID":16640,"manufacturerCode":4190,"max":140737488355327,"min":-140737488355328,"type":45,"write":true},"schneiderPartialActiveEnergyL2Phase":{"ID":16896,"manufacturerCode":4190,"max":140737488355327,"min":-140737488355328,"type":45,"write":true},"schneiderPartialActiveEnergyL3Phase":{"ID":17152,"manufacturerCode":4190,"max":140737488355327,"min":-140737488355328,"type":45,"write":true},"schneiderPartialActiveEnergyTotal":{"ID":16404,"manufacturerCode":4190,"max":140737488355327,"min":-140737488355328,"type":45,"write":true},"schneiderPartialApparentEnergyL1Phase":{"ID":16642,"manufacturerCode":4190,"max":140737488355327,"min":-140737488355328,"type":45,"write":true},"schneiderPartialApparentEnergyL2Phase":{"ID":16898,"manufacturerCode":4190,"max":140737488355327,"min":-140737488355328,"type":45,"write":true},"schneiderPartialApparentEnergyL3Phase":{"ID":17154,"manufacturerCode":4190,"max":140737488355327,"min":-140737488355328,"type":45,"write":true},"schneiderPartialApparentEnergyTotal":{"ID":16406,"manufacturerCode":4190,"max":140737488355327,"min":-140737488355328,"type":45,"write":true},"schneiderPartialReactiveEnergyL1Phase":{"ID":16641,"manufacturerCode":4190,"max":140737488355327,"min":-140737488355328,"type":45,"write":true},"schneiderPartialReactiveEnergyL2Phase":{"ID":16897,"manufacturerCode":4190,"max":140737488355327,"min":-140737488355328,"type":45,"write":true},"schneiderPartialReactiveEnergyL3Phase":{"ID":17153,"manufacturerCode":4190,"max":140737488355327,"min":-140737488355328,"type":45,"write":true},"schneiderPartialReactiveEnergyTotal":{"ID":16405,"manufacturerCode":4190,"max":140737488355327,"min":-140737488355328,"type":45,"write":true},"schneiderReactiveEnergyDivisor":{"ID":17411,"manufacturerCode":4190,"max":16777215,"type":34,"write":true},"schneiderReactiveEnergyL1Phase":{"ID":16644,"manufacturerCode":4190,"max":140737488355327,"min":-140737488355328,"type":45,"write":true},"schneiderReactiveEnergyL2Phase":{"ID":16900,"manufacturerCode":4190,"max":140737488355327,"min":-140737488355328,"type":45,"write":true},"schneiderReactiveEnergyL3Phase":{"ID":17156,"manufacturerCode":4190,"max":140737488355327,"min":-140737488355328,"type":45,"write":true},"schneiderReactiveEnergyMultiplier":{"ID":17410,"manufacturerCode":4190,"max":16777215,"type":34,"write":true},"schneiderReactiveEnergyTotal":{"ID":16401,"manufacturerCode":4190,"max":140737488355327,"min":-140737488355328,"type":45,"write":true},"siteId":{"ID":775,"maxLen":33,"minLen":1,"type":65},"status":{"ID":512,"default":0,"max":255,"required":true,"type":24},"summaFormatting":{"ID":771,"max":255,"required":true,"type":24},"supplyDepletionState":{"ID":1544,"default":0,"max":255,"type":48},"supplyStatus":{"ID":20,"max":255,"type":48},"supplyTamperState":{"ID":1543,"default":0,"max":255,"type":48},"supplyUncontrolledFlowState":{"ID":1545,"default":0,"max":255,"type":48},"temperatureFormatting":{"ID":781,"max":255,"type":24},"temperatureUnitOfMeas":{"ID":780,"max":255,"type":48},"unitOfMeasure":{"ID":768,"default":0,"max":255,"required":true,"type":48},"volumePerReport":{"ID":18,"max":65535,"type":33},"waterSpecificAlarmMask":{"ID":2051,"default":65535,"max":65535,"type":25}},"commands":{"changeSupply":{"ID":11,"parameters":[{"name":"providerId","type":35},{"name":"issuerEventId","type":35},{"name":"requestDateTime","type":226},{"name":"implDateTime","type":226},{"name":"proposedSupplyStatusAfterImpl","type":48},{"name":"SupplyControlBits","type":24}]},"getProfile":{"ID":0,"parameters":[{"name":"intervalChannel","type":48},{"name":"endTime","type":226},{"name":"numberOfPeriods","type":32}],"response":0},"getSampledData":{"ID":8,"parameters":[{"name":"sampleId","type":33},{"name":"earliestSampleTime","type":226},{"name":"type","type":48},{"name":"numberOfSamples","type":33}],"response":7},"getSnapshot":{"ID":6,"parameters":[{"name":"earliestStartTime","type":226},{"name":"latestEndTime","type":226},{"name":"offset","type":32},{"name":"cause","type":27}]},"localChangeSupply":{"ID":12,"parameters":[{"name":"proposedSupplyStatus","type":48}]},"mirrorRemoved":{"ID":2,"parameters":[{"name":"removedEndpointId","type":33}],"response":2},"mirrorReportAttributeRsp":{"ID":9,"parameters":[{"name":"notificationScheme","type":32},{"name":"notificationFlags","type":27}]},"owonGetHistoryRecord":{"ID":32,"parameters":[]},"owonStopSendingHistoricalRecord":{"ID":33,"parameters":[]},"requestFastPollMode":{"ID":3,"parameters":[{"name":"fastPollUpdatePeriod","type":32},{"name":"duration","type":32}],"response":3},"requestMirrorRsp":{"ID":1,"parameters":[{"name":"endpointId","type":33}],"response":1},"resetLoadLimitCounter":{"ID":10,"parameters":[{"name":"providerId","type":35},{"name":"issuerEventId","type":35}]},"schneduleSnapshot":{"ID":4,"parameters":[{"name":"issuerEventId","type":35},{"name":"commandIndex","type":32},{"name":"totalNumberOfCommands","type":32}],"response":4},"setSupplyStatus":{"ID":13,"parameters":[{"name":"issuerEventId","type":35},{"name":"tamperState","type":48},{"name":"depletionState","type":48},{"name":"uncontrolledFlowState","type":48},{"name":"loadLimitSupplyState","type":48}]},"setUncontrolledFlowThreshold":{"ID":14,"parameters":[{"name":"providerId","type":35},{"name":"issuerEventId","type":35},{"name":"uncontrolledFlowThreshold","type":33},{"name":"unitOfMeasure","type":48},{"name":"multiplier","type":33},{"name":"divisor","type":33},{"name":"stabilisationPeriod","type":32},{"name":"measurementPeriod","type":33}]},"startSampling":{"ID":7,"parameters":[{"name":"issuerEventId","type":35},{"name":"startTime","type":226},{"name":"type","type":48},{"name":"requestInterval","type":33},{"name":"maxNumberOfSamples","type":33}],"response":13},"takeSnapshot":{"ID":5,"parameters":[{"name":"cause","type":27}],"response":5}},"commandsResponse":{"configureMirror":{"ID":8,"parameters":[{"name":"issuerEventId","type":35},{"name":"reportingInterval","type":34},{"name":"mirrorNotificationReporting","type":16},{"name":"notificationScheme","type":32}]},"configureNotificationFlag":{"ID":10,"parameters":[{"name":"issuerEventId","type":35},{"name":"notificationScheme","type":32},{"name":"notificationFlagAttributeId","type":33},{"name":"clusterId","type":232},{"name":"manufacturerCode","type":33},{"name":"numberOfCommands","type":32},{"name":"commandIds","type":1001}]},"configureNotificationScheme":{"ID":9,"parameters":[{"name":"issuerEventId","type":35},{"name":"notificationScheme","type":32},{"name":"notificationFlagOrder","type":27}]},"getNotifiedMessage":{"ID":11,"parameters":[{"name":"notificationScheme","type":32},{"name":"notificationFlagAttributeId","type":33},{"name":"notificationFlags","type":27}]},"getProfileRsp":{"ID":0,"parameters":[{"name":"endTime","type":226},{"name":"status","type":48},{"name":"profileIntervalPeriod","type":48},{"name":"numberOfPeriodsDelivered","type":32},{"name":"intervals","type":1003}]},"getSampledDataRsp":{"ID":7,"parameters":[{"name":"id","type":33},{"name":"startTime","type":226},{"name":"type","type":48},{"name":"requestInterval","type":33},{"name":"numberOfSamples","type":33},{"name":"samples","type":1003}]},"owonGetHistoryRecordRsp":{"ID":32,"parameters":[]},"publishSnapshot":{"ID":6,"parameters":[{"name":"id","type":35},{"name":"time","type":226},{"name":"totalSnapshotsFound","type":32},{"name":"commandIndex","type":32},{"name":"totalNumberOfCommands","type":32},{"name":"cause","type":27},{"name":"payloadType","type":48}]},"removeMirror":{"ID":2,"parameters":[]},"requestFastPollModeRsp":{"ID":3,"parameters":[{"name":"appliedUpdatePeriod","type":32},{"name":"fastPollModeEndTime","type":226}]},"requestMirror":{"ID":1,"parameters":[]},"scheduleSnapshotRsp":{"ID":4,"parameters":[{"name":"issuerEventId","type":35}]},"startSamplingRsp":{"ID":13,"parameters":[{"name":"sampleId","type":33}]},"supplyStatusRsp":{"ID":12,"parameters":[{"name":"providerId","type":35},{"name":"issuerEventId","type":35},{"name":"implDateTime","type":226},{"name":"supplyStatusAfterImpl","type":48}]},"takeSnapshotRsp":{"ID":5,"parameters":[{"name":"id","type":35},{"name":"confirmation","type":32}]}}},"seTunneling":{"ID":1796,"attributes":{"closeTunnelTimeout":{"ID":0,"default":65535,"min":1,"required":true,"type":33}},"commands":{"ackTransferData":{"ID":4,"parameters":[{"max":65535,"name":"tunnelId","type":33},{"name":"numberOfBytesLeft","type":33}]},"closeTunnel":{"ID":1,"parameters":[{"max":65535,"name":"tunnelId","type":33}],"required":true},"getSupportedTunnelProtocols":{"ID":6,"parameters":[{"name":"protocolOffset","type":32}]},"readyData":{"ID":5,"parameters":[{"max":65535,"name":"tunnelId","type":33},{"name":"numberOfOctetsLeft","type":33}]},"requestTunnel":{"ID":0,"parameters":[{"max":255,"min":1,"name":"protocolId","type":48},{"max":65535,"name":"manufacturerCode","type":33},{"name":"flowControl","type":16},{"max":65535,"name":"maxIncomingTransferSize","type":33}],"required":true,"response":0},"transferData":{"ID":2,"parameters":[{"max":65535,"name":"tunnelId","type":33},{"name":"data","type":1008}],"required":true},"transferDataError":{"ID":3,"parameters":[{"max":65535,"name":"tunnelId","type":33},{"name":"status","type":32}],"required":true}},"commandsResponse":{"ackTransferData":{"ID":3,"parameters":[{"max":65535,"name":"tunnelId","type":33},{"name":"numberOfBytesLeft","type":33}]},"closureNotification":{"ID":6,"parameters":[{"name":"tunnelId","type":33}]},"readyData":{"ID":4,"parameters":[{"max":65535,"name":"tunnelId","type":33},{"name":"numberOfOctetsLeft","type":33}]},"requestTunnelRsp":{"ID":0,"parameters":[{"max":65535,"name":"tunnelId","type":33},{"name":"status","type":32},{"name":"maxIncomingTransferSize","type":33}],"required":true},"supportedProtocolsRsp":{"ID":5,"parameters":[{"name":"listComplete","type":16},{"name":"count","type":32}]},"transferData":{"ID":1,"parameters":[{"max":65535,"name":"tunnelId","type":33},{"name":"data","type":1008}],"required":true},"transferDataError":{"ID":2,"parameters":[{"max":65535,"name":"tunnelId","type":33},{"name":"status","type":32}],"required":true}}},"sprutIrBlaster":{"ID":26115,"attributes":{},"commands":{"clearStore":{"ID":3,"parameters":[]},"learnRamStart":{"ID":5,"parameters":[]},"learnRamStop":{"ID":6,"parameters":[]},"learnStart":{"ID":1,"parameters":[{"max":255,"name":"value","type":32}]},"learnStop":{"ID":2,"parameters":[{"max":255,"name":"value","type":32}]},"playRam":{"ID":4,"parameters":[]},"playStore":{"ID":0,"parameters":[{"max":255,"name":"param","type":32}]}},"commandsResponse":{},"manufacturerCode":26214},"sprutNoise":{"ID":26114,"attributes":{"noise":{"ID":26112,"type":57,"write":true},"noiseAfterDetectDelay":{"ID":26115,"max":65535,"type":33,"write":true},"noiseDetectLevel":{"ID":26114,"type":57,"write":true},"noiseDetected":{"ID":26113,"type":24,"write":true}},"commands":{},"commandsResponse":{},"manufacturerCode":26214},"sprutVoc":{"ID":26113,"attributes":{"voc":{"ID":26112,"max":65535,"type":33,"write":true}},"commands":{},"commandsResponse":{},"manufacturerCode":26214},"ssIasAce":{"ID":1281,"attributes":{},"commands":{"arm":{"ID":0,"parameters":[{"name":"armmode","type":48},{"name":"code","type":66},{"name":"zoneid","type":32}],"required":true,"response":0},"bypass":{"ID":1,"parameters":[{"name":"numofzones","type":32},{"name":"zoneidlist","type":1001},{"name":"armDisarmCode","type":66}],"required":true},"emergency":{"ID":2,"parameters":[],"required":true},"fire":{"ID":3,"parameters":[],"required":true},"getBypassedZoneList":{"ID":8,"parameters":[],"required":true},"getPanelStatus":{"ID":7,"parameters":[],"required":true,"response":5},"getZoneIDMap":{"ID":5,"parameters":[],"required":true,"response":1},"getZoneInfo":{"ID":6,"parameters":[{"name":"zoneid","type":32}],"required":true,"response":2},"getZoneStatus":{"ID":9,"parameters":[{"name":"startzoneid","type":32},{"name":"maxnumzoneid","type":32},{"name":"zonestatusmaskflag","type":16},{"name":"zonestatusmask","type":25}],"required":true,"response":8},"panic":{"ID":4,"parameters":[],"required":true}},"commandsResponse":{"armRsp":{"ID":0,"parameters":[{"name":"armnotification","type":48}],"required":true},"bypassRsp":{"ID":7,"parameters":[{"name":"numofzones","type":32},{"name":"bypassresult","type":1001}],"required":true},"getPanelStatusRsp":{"ID":5,"parameters":[{"name":"panelstatus","type":48},{"name":"secondsremain","type":32},{"name":"audiblenotif","type":48},{"name":"alarmstatus","type":48}],"required":true},"getZoneIDMapRsp":{"ID":1,"parameters":[{"name":"zoneidmapsection0","type":25},{"name":"zoneidmapsection1","type":25},{"name":"zoneidmapsection2","type":25},{"name":"zoneidmapsection3","type":25},{"name":"zoneidmapsection4","type":25},{"name":"zoneidmapsection5","type":25},{"name":"zoneidmapsection6","type":25},{"name":"zoneidmapsection7","type":25},{"name":"zoneidmapsection8","type":25},{"name":"zoneidmapsection9","type":25},{"name":"zoneidmapsection10","type":25},{"name":"zoneidmapsection11","type":25},{"name":"zoneidmapsection12","type":25},{"name":"zoneidmapsection13","type":25},{"name":"zoneidmapsection14","type":25},{"name":"zoneidmapsection15","type":25}],"required":true},"getZoneInfoRsp":{"ID":2,"parameters":[{"name":"zoneid","type":32},{"name":"zonetype","type":49},{"name":"ieeeaddr","type":240},{"name":"zonelabel","type":66}],"required":true},"getZoneStatusRsp":{"ID":8,"parameters":[{"name":"zonestatuscomplete","type":16},{"name":"numofzones","type":32},{"name":"zoneinfo","type":1005}],"required":true},"panelStatusChanged":{"ID":4,"parameters":[{"name":"panelstatus","type":48},{"name":"secondsremain","type":32},{"name":"audiblenotif","type":48},{"name":"alarmstatus","type":48}],"required":true},"setBypassedZoneList":{"ID":6,"parameters":[{"name":"numofzones","type":32},{"name":"zoneid","type":1001}],"required":true},"zoneStatusChanged":{"ID":3,"parameters":[{"name":"zoneid","type":32},{"name":"zonestatus","type":49},{"name":"audiblenotif","type":48},{"name":"zonelabel","type":66}],"required":true}}},"ssIasWd":{"ID":1282,"attributes":{"maxDuration":{"ID":0,"default":240,"max":65534,"required":true,"type":33,"write":true}},"commands":{"squawk":{"ID":1,"parameters":[{"name":"squawkinfo","type":24}],"required":true},"startWarning":{"ID":0,"parameters":[{"name":"startwarninginfo","type":24},{"name":"warningduration","type":33},{"max":100,"name":"strobedutycycle","type":32},{"name":"strobelevel","type":48}],"required":true}},"commandsResponse":{}},"ssIasZone":{"ID":1280,"attributes":{"currentZoneSensitivityLevel":{"ID":19,"default":0,"max":255,"type":32,"write":true},"develcoAlarmOffDelay":{"ID":32769,"manufacturerCode":4117,"max":65535,"type":33,"write":true},"iasCieAddr":{"ID":16,"required":true,"type":240,"write":true},"numZoneSensitivityLevelsSupported":{"ID":18,"default":2,"max":255,"min":2,"type":32},"zoneId":{"ID":17,"default":255,"max":255,"required":true,"type":32},"zoneState":{"ID":0,"default":0,"required":true,"type":48},"zoneStatus":{"ID":2,"default":0,"required":true,"type":25},"zoneType":{"ID":1,"required":true,"type":49}},"commands":{"enrollRsp":{"ID":0,"parameters":[{"name":"enrollrspcode","type":48},{"name":"zoneid","type":32}],"required":true},"initNormalOpMode":{"ID":1,"parameters":[]},"initTestMode":{"ID":2,"parameters":[{"name":"testModeDuration","type":32},{"name":"currentZoneSensitivityLevel","type":32}]}},"commandsResponse":{"enrollReq":{"ID":1,"parameters":[{"name":"zonetype","type":49},{"name":"manucode","type":33}],"required":true},"statusChangeNotification":{"ID":0,"parameters":[{"name":"zonestatus","type":25},{"name":"extendedstatus","type":24},{"name":"zoneID","type":32},{"name":"delay","type":33}],"required":true}}},"telecommunicationsChatting":{"ID":2309,"attributes":{"cID":{"ID":16,"max":65535,"required":true,"type":33},"enableAddChat":{"ID":18,"type":16},"name":{"ID":17,"required":true,"type":66},"nickname":{"ID":1,"required":true,"type":66},"uID":{"ID":0,"max":65535,"required":true,"type":33}},"commands":{"chatMessage":{"ID":5,"parameters":[{"name":"destUID","type":33},{"name":"srcUID","type":33},{"name":"cID","type":33},{"name":"nickname","type":66},{"name":"message","type":66}],"required":true},"getNodeInfoReq":{"ID":6,"parameters":[{"name":"cID","type":33},{"name":"uID","type":33}],"response":8},"joinChatReq":{"ID":0,"parameters":[{"name":"uID","type":33},{"name":"nickname","type":66},{"name":"cID","type":33}],"required":true,"response":1},"leaveChatReq":{"ID":1,"parameters":[{"name":"cID","type":33},{"name":"uID","type":33}],"required":true},"searchChatReq":{"ID":2,"parameters":[],"required":true,"response":4},"startChatReq":{"ID":4,"parameters":[{"name":"name","type":66},{"name":"uID","type":33},{"name":"nickname","type":66}],"response":0},"switchCharmanRsp":{"ID":3,"parameters":[{"name":"cID","type":33},{"name":"uID","type":33}]}},"commandsResponse":{"getNodeInfoRsp":{"ID":8,"parameters":[{"name":"status","type":48},{"name":"cID","type":33},{"name":"uID","type":33},{"name":"address","type":9},{"name":"endpoint","type":32},{"name":"nickName","type":66}],"required":true},"joinChatRsp":{"ID":1,"parameters":[{"name":"status","type":48},{"name":"cID","type":33}],"required":true},"searchChatRsp":{"ID":4,"parameters":[{"name":"options","type":24}],"required":true},"startChatRsp":{"ID":0,"parameters":[{"name":"status","type":48},{"name":"cID","type":33}],"required":true},"switchChairmanConfirm":{"ID":6,"parameters":[{"name":"cID","type":33}],"required":true},"switchChairmanNotification":{"ID":7,"parameters":[{"name":"cID","type":33},{"name":"uID","type":33},{"name":"address","type":9},{"name":"endpoint","type":32}],"required":true},"switchChairmanReq":{"ID":5,"parameters":[{"name":"cID","type":33}],"required":true},"userJoined":{"ID":3,"parameters":[{"name":"cID","type":33},{"name":"uID","type":33},{"name":"nickName","type":66}],"required":true},"userLeft":{"ID":2,"parameters":[{"name":"cID","type":33},{"name":"uID","type":33},{"name":"nickName","type":66}],"required":true}}},"telecommunicationsInformation":{"ID":2304,"attributes":{"contentRootID":{"ID":17,"max":65535,"type":33},"deliveryEnable":{"ID":1,"required":true,"type":16},"enableSecureConfiguration":{"ID":3,"required":true,"type":16},"nodeDescription":{"ID":0,"required":true,"type":66},"numberOfContents":{"ID":16,"max":65535,"type":33},"pushInformationTimer":{"ID":2,"type":35}},"commands":{"configureDeliveryEnable":{"ID":7,"parameters":[]},"configureNodeDescription":{"ID":6,"parameters":[]},"configurePushInfoTimer":{"ID":8,"parameters":[]},"configureSetRootId":{"ID":9,"parameters":[]},"delete":{"ID":5,"parameters":[],"response":6},"pushInfoResponse":{"ID":1,"parameters":[],"required":true},"requestInfo":{"ID":0,"parameters":[],"required":true,"response":0},"requestPreferenceRsp":{"ID":3,"parameters":[]},"sendPreference":{"ID":2,"parameters":[],"response":2},"update":{"ID":4,"parameters":[],"response":5}},"commandsResponse":{"deleteRsp":{"ID":6,"parameters":[],"required":true},"pushInfo":{"ID":1,"parameters":[],"required":true},"requestInfoRsp":{"ID":0,"parameters":[],"required":true},"requestPreferenceConfirmation":{"ID":4,"parameters":[],"required":true},"sendPreferenceRsp":{"ID":2,"parameters":[],"required":true},"serverRequestPreference":{"ID":3,"parameters":[],"required":true},"updateRsp":{"ID":5,"parameters":[],"required":true}}},"telecommunicationsVoiceOverZigbee":{"ID":2308,"attributes":{"codecType":{"ID":0,"required":true,"type":48,"write":true},"codecTypeSub1":{"ID":4,"type":48,"write":true},"codecTypeSub2":{"ID":5,"type":48,"write":true},"codecTypeSub3":{"ID":6,"type":48,"write":true},"codecrate":{"ID":2,"required":true,"type":48,"write":true},"compressionRate":{"ID":8,"type":48},"compressionType":{"ID":7,"type":48},"establishmentTimeout":{"ID":3,"max":255,"min":1,"required":true,"type":32},"optionFlags":{"ID":9,"max":255,"type":24,"write":true},"samplingFrequency":{"ID":1,"required":true,"type":48,"write":true},"threshold":{"ID":10,"max":255,"type":32,"write":true}},"commands":{"controlResponse":{"ID":0,"parameters":[{"name":"status","type":48}]},"establishmentRequest":{"ID":0,"parameters":[{"name":"flag","type":24},{"name":"codecType","type":48},{"name":"sampFreq","type":48},{"name":"codecRate","type":48},{"name":"serviceType","type":48},{"conditions":[{"mask":1,"param":"flag","type":"bitMaskSet"}],"name":"codecTypeS1","type":48},{"conditions":[{"mask":2,"param":"flag","type":"bitMaskSet"}],"name":"codecTypeS2","type":48},{"conditions":[{"mask":4,"param":"flag","type":"bitMaskSet"}],"name":"codecTypeS3","type":48},{"conditions":[{"mask":8,"param":"flag","type":"bitMaskSet"}],"name":"compType","type":48},{"conditions":[{"mask":8,"param":"flag","type":"bitMaskSet"}],"name":"compRate","type":48}],"required":true,"response":0},"voiceTransmission":{"ID":0,"parameters":[{"name":"voiceData","type":255}],"required":true},"voiceTransmissionCompletion":{"ID":0,"parameters":[{"name":"zclHeader","type":255}]}},"commandsResponse":{"control":{"ID":2,"parameters":[{"name":"controlType","type":48}]},"establishmentRsp":{"ID":0,"parameters":[{"name":"status","type":48},{"name":"codecType","type":48}],"required":true},"voiceTransmissionRsp":{"ID":1,"parameters":[{"name":"zclHeaderSeqNum","type":32},{"name":"errorFlag","type":48}],"required":true}}},"touchlink":{"ID":4096,"attributes":{},"commands":{"deviceInformation":{"ID":2,"parameters":[{"min":1,"name":"transactionID","type":35},{"name":"startIndex","type":32}],"required":true,"response":3},"getEndpointList":{"ID":66,"parameters":[{"name":"startIndex","type":32}],"response":66},"getGroupIdentifiers":{"ID":65,"parameters":[{"name":"startIndex","type":32}],"response":65},"identifyRequest":{"ID":6,"parameters":[{"min":1,"name":"transactionID","type":35},{"max":65535,"name":"duration","special":[["ExitIdentifyMode","0000"],["IdentifyForReceiverKnownTime","ffff"]],"type":33}],"required":true},"networkJoinEndDevice":{"ID":20,"parameters":[{"min":1,"name":"transactionID","type":35},{"name":"extendedPANID","type":240},{"max":15,"name":"keyIndex","type":32},{"name":"encryptedNetworkKey","type":241},{"name":"networkUpdateID","type":32},{"name":"logicalChannel","type":32},{"max":65534,"min":1,"name":"panID","type":33},{"max":65527,"min":1,"name":"nwkAddr","type":33},{"name":"groupIDsBegin","type":33},{"name":"groupIDsEnd","type":33},{"name":"freeNwkAddrRangeBegin","type":33},{"name":"freeNwkAddrRangeEnd","type":33},{"name":"freeGroupIDRangeBegin","type":33},{"name":"freeGroupIDRangeEnd","type":33}],"required":true,"response":21},"networkJoinRouter":{"ID":18,"parameters":[{"min":1,"name":"transactionID","type":35},{"name":"extendedPANID","type":240},{"max":15,"name":"keyIndex","type":32},{"name":"encryptedNetworkKey","type":241},{"name":"networkUpdateID","type":32},{"name":"logicalChannel","type":32},{"max":65534,"min":1,"name":"panID","type":33},{"max":65527,"min":1,"name":"nwkAddr","type":33},{"name":"groupIDsBegin","type":33},{"name":"groupIDsEnd","type":33},{"name":"freeNwkAddrRangeBegin","type":33},{"name":"freeNwkAddrRangeEnd","type":33},{"name":"freeGroupIDRangeBegin","type":33},{"name":"freeGroupIDRangeEnd","type":33}],"required":true,"response":19},"networkStart":{"ID":16,"parameters":[{"min":1,"name":"transactionID","type":35},{"name":"extendedPANID","type":240},{"max":15,"name":"keyIndex","type":32},{"name":"encryptedNetworkKey","type":241},{"name":"logicalChannel","type":32},{"max":65534,"name":"panID","type":33},{"max":65527,"min":1,"name":"nwkAddr","type":33},{"name":"groupIDsBegin","type":33},{"name":"groupIDsEnd","type":33},{"name":"freeNwkAddrRangeBegin","type":33},{"name":"freeNwkAddrRangeEnd","type":33},{"name":"freeGroupIDRangeBegin","type":33},{"name":"freeGroupIDRangeEnd","type":33},{"name":"initiatorIEEE","type":240},{"name":"initiatorNwkAddr","type":33}],"required":true,"response":17},"networkUpdate":{"ID":22,"parameters":[{"min":1,"name":"transactionID","type":35},{"name":"extendedPANID","type":240},{"name":"networkUpdateID","type":32},{"name":"logicalChannel","type":32},{"max":65534,"min":1,"name":"panID","type":33},{"max":65527,"min":1,"name":"nwkAddr","type":33}],"required":true},"resetToFactoryNew":{"ID":7,"parameters":[{"min":1,"name":"transactionID","type":35}],"required":true},"scanRequest":{"ID":0,"parameters":[{"min":1,"name":"transactionID","type":35},{"name":"zigbeeInformation","type":24},{"name":"touchlinkInformation","type":24}],"required":true,"response":1}},"commandsResponse":{"deviceInformation":{"ID":3,"parameters":[{"min":1,"name":"transactionID","type":35},{"name":"numberOfSubDevices","type":32},{"name":"startIndex","type":32},{"max":5,"name":"deviceInfoCount","type":32}],"required":true},"endpointInformation":{"ID":64,"parameters":[{"name":"ieeeAddress","type":240},{"name":"networkAddress","type":33},{"name":"endpointID","type":32},{"name":"profileID","type":33},{"name":"deviceID","type":33},{"name":"version","type":32}]},"getEndpointList":{"ID":66,"parameters":[{"name":"total","type":32},{"name":"startIndex","type":32},{"name":"count","type":32}]},"getGroupIdentifiers":{"ID":65,"parameters":[{"name":"total","type":32},{"name":"startIndex","type":32},{"name":"count","type":32}]},"networkJoinEndDevice":{"ID":21,"parameters":[{"min":1,"name":"transactionID","type":35},{"name":"status","type":32}],"required":true},"networkJoinRouter":{"ID":19,"parameters":[{"min":1,"name":"transactionID","type":35},{"name":"status","type":32}],"required":true},"networkStart":{"ID":17,"parameters":[{"min":1,"name":"transactionID","type":35},{"name":"status","type":32},{"name":"extendedPANID","type":240},{"name":"networkUpdateID","type":32},{"name":"logicalChannel","type":32},{"name":"panID","type":33}],"required":true},"scanResponse":{"ID":1,"parameters":[{"min":1,"name":"transactionID","type":35},{"max":20,"min":0,"name":"rssiCorrection","type":32},{"name":"zigbeeInformation","type":24},{"name":"touchlinkInformation","type":24},{"name":"keyBitmask","type":25},{"name":"responseID","type":35},{"name":"extendedPanID","type":240},{"name":"networkUpdateID","type":32},{"name":"logicalChannel","type":32},{"name":"panID","type":33},{"max":65527,"min":1,"name":"networkAddress","type":33},{"name":"numberOfSubDevices","type":32},{"name":"totalGroupIdentifiers","type":32},{"conditions":[{"field":"numberOfSubDevices","type":"fieldEquals","value":1}],"name":"endpointID","type":32},{"conditions":[{"field":"numberOfSubDevices","type":"fieldEquals","value":1}],"name":"profileID","type":33},{"conditions":[{"field":"numberOfSubDevices","type":"fieldEquals","value":1}],"name":"deviceID","type":33},{"conditions":[{"field":"numberOfSubDevices","type":"fieldEquals","value":1}],"name":"version","type":32},{"conditions":[{"field":"numberOfSubDevices","type":"fieldEquals","value":1}],"name":"groupIDCount","type":32}],"required":true}}},"tradfriButton":{"ID":64640,"attributes":{},"commands":{"action1":{"ID":1,"parameters":[{"max":255,"name":"data","type":32}]},"action2":{"ID":2,"parameters":[{"max":255,"name":"data","type":32}]},"action3":{"ID":3,"parameters":[{"max":255,"name":"data","type":32}]},"action4":{"ID":4,"parameters":[{"max":255,"name":"data","type":32}]},"action6":{"ID":6,"parameters":[{"max":255,"name":"data","type":32}]}},"commandsResponse":{},"manufacturerCode":4476},"wiserDeviceInfo":{"ID":65027,"attributes":{"deviceInfo":{"ID":32,"type":66,"write":true}},"commands":{},"commandsResponse":{}},"zosungIRControl":{"ID":57348,"attributes":{},"commands":{"zosungControlIRCommand00":{"ID":0,"parameters":[{"name":"data","type":1008}]}},"commandsResponse":{}},"zosungIRTransmit":{"ID":60672,"attributes":{},"commands":{"zosungSendIRCode00":{"ID":0,"parameters":[{"max":65535,"name":"seq","type":33},{"max":4294967295,"name":"length","type":35},{"max":4294967295,"name":"unk1","type":35},{"max":65535,"name":"unk2","type":33},{"max":255,"name":"unk3","type":32},{"max":255,"name":"cmd","type":32},{"max":65535,"name":"unk4","type":33}]},"zosungSendIRCode01":{"ID":1,"parameters":[{"max":255,"name":"zero","type":32},{"max":65535,"name":"seq","type":33},{"max":4294967295,"name":"length","type":35},{"max":4294967295,"name":"unk1","type":35},{"max":65535,"name":"unk2","type":33},{"max":255,"name":"unk3","type":32},{"max":255,"name":"cmd","type":32},{"max":65535,"name":"unk4","type":33}]},"zosungSendIRCode02":{"ID":2,"parameters":[{"max":65535,"name":"seq","type":33},{"max":4294967295,"name":"position","type":35},{"max":255,"name":"maxlen","type":32}]},"zosungSendIRCode03":{"ID":3,"parameters":[{"max":255,"name":"zero","type":32},{"max":65535,"name":"seq","type":33},{"max":4294967295,"name":"position","type":35},{"name":"msgpart","type":65},{"max":255,"name":"msgpartcrc","type":32}]},"zosungSendIRCode04":{"ID":4,"parameters":[{"max":255,"name":"zero0","type":32},{"max":65535,"name":"seq","type":33},{"max":65535,"name":"zero1","type":33}]},"zosungSendIRCode05":{"ID":5,"parameters":[{"max":65535,"name":"seq","type":33},{"max":65535,"name":"zero","type":33}]}},"commandsResponse":{"zosungSendIRCode03Resp":{"ID":3,"parameters":[{"max":255,"name":"zero","type":32},{"max":65535,"name":"seq","type":33},{"max":4294967295,"name":"position","type":35},{"name":"msgpart","type":65},{"max":255,"name":"msgpartcrc","type":32}]},"zosungSendIRCode05Resp":{"ID":5,"parameters":[{"max":65535,"name":"seq","type":33},{"max":65535,"name":"zero","type":33}]}}}},"custom_clusters":{"0x30fb10fffe4c12d6":{"manuSpecificIkeaUnknown":{"ID":64636,"attributes":{},"commands":{},"commandsResponse":{},"manufacturerCode":4476}},"0x30fb10fffe4c1e7d":{"manuSpecificIkeaUnknown":{"ID":64636,"attributes":{},"commands":{},"commandsResponse":{},"manufacturerCode":4476}},"0x6cfd22fffe610d7c":{"manuSpecificIkeaUnknown":{"ID":64636,"attributes":{},"commands":{},"commandsResponse":{},"manufacturerCode":4476}},"0x842712fffedb8ddb":{"manuSpecificIkeaUnknown":{"ID":64636,"attributes":{},"commands":{},"commandsResponse":{},"manufacturerCode":4476}},"0x8c8b48fffe18b6d8":{"manuSpecificIkeaUnknown":{"ID":64636,"attributes":{},"commands":{},"commandsResponse":{},"manufacturerCode":4476}},"0xd44867fffeff5bc8":{"manuSpecificIkeaUnknown":{"ID":64636,"attributes":{},"commands":{},"commandsResponse":{},"manufacturerCode":4476}}}}'
[2026-02-02 21:59:19] debug: 	z2m:mqtt: Received MQTT message on 'zigbee2mqtt/bridge/extensions' with data '[]'
[2026-02-02 21:59:19] debug: 	z2m:mqtt: Received MQTT message on 'zigbee2mqtt/bridge/health' with data '{"response_time":1769749150556,"os":{"load_average":[0.2,0.09,0.02],"memory_used_mb":1381.54,"memory_percent":35.2133},"process":{"uptime_sec":580212,"memory_used_mb":119.6,"memory_percent":3.0484},"mqtt":{"connected":true,"queued":0,"published":66904,"received":128},"devices":{"0x6cfd22fffe610d7c":{"messages":9942,"messages_per_sec":0.0171,"leave_count":0,"network_address_changes":0},"0xa4c138247a1a948b":{"messages":28025,"messages_per_sec":0.0483,"leave_count":0,"network_address_changes":0},"0x8c8b48fffe18b6d8":{"messages":89,"messages_per_sec":0.0002,"leave_count":0,"network_address_changes":0},"0x30fb10fffe4c12d6":{"messages":74,"messages_per_sec":0.0001,"leave_count":0,"network_address_changes":0},"0xd44867fffeff5bc8":{"messages":75,"messages_per_sec":0.0001,"leave_count":0,"network_address_changes":0},"0x30fb10fffe4c1e7d":{"messages":63,"messages_per_sec":0.0001,"leave_count":0,"network_address_changes":0},"0x842712fffedb8ddb":{"messages":35,"messages_per_sec":0.0001,"leave_count":0,"network_address_changes":0}}}'
[2026-02-02 21:59:20] info: 	z2m: Started frontend on port 8099
[2026-02-02 21:59:20] debug: 	z2m: Discovering entities to Home Assistant in 5s
[2026-02-02 21:59:20] debug: 	z2m:mqtt: Received MQTT message on 'homeassistant/binary_sensor/1221051039810110150109113116116_0x6c5cb1fffe9940a9/connection_state/config' with data '{"default_entity_id":"binary_sensor.zigbee2mqtt_bridge_connection_state","device":{"hw_version":"EmberZNet 7.4.4 [GA]","identifiers":["zigbee2mqtt_bridge_0x6c5cb1fffe9940a9"],"manufacturer":"Zigbee2MQTT","model":"Bridge","name":"Zigbee2MQTT Bridge","sw_version":"2.7.2"},"device_class":"connectivity","entity_category":"diagnostic","name":"Connection state","object_id":"zigbee2mqtt_bridge_connection_state","origin":{"name":"Zigbee2MQTT","sw":"2.7.2","url":"https://www.zigbee2mqtt.io"},"payload_off":"offline","payload_on":"online","state_topic":"zigbee2mqtt/bridge/state","unique_id":"bridge_0x6c5cb1fffe9940a9_connection_state_zigbee2mqtt","value_template":"{{ value_json.state }}"}'
[2026-02-02 21:59:20] debug: 	z2m:mqtt: Received MQTT message on 'homeassistant/binary_sensor/1221051039810110150109113116116_0x6c5cb1fffe9940a9/restart_required/config' with data '{"availability":[{"topic":"zigbee2mqtt/bridge/state","value_template":"{{ value_json.state }}"}],"availability_mode":"all","default_entity_id":"binary_sensor.zigbee2mqtt_bridge_restart_required","device":{"hw_version":"EmberZNet 7.4.4 [GA]","identifiers":["zigbee2mqtt_bridge_0x6c5cb1fffe9940a9"],"manufacturer":"Zigbee2MQTT","model":"Bridge","name":"Zigbee2MQTT Bridge","sw_version":"2.7.2"},"device_class":"problem","enabled_by_default":false,"entity_category":"diagnostic","name":"Restart required","object_id":"zigbee2mqtt_bridge_restart_required","origin":{"name":"Zigbee2MQTT","sw":"2.7.2","url":"https://www.zigbee2mqtt.io"},"payload_off":false,"payload_on":true,"state_topic":"zigbee2mqtt/bridge/info","unique_id":"bridge_0x6c5cb1fffe9940a9_restart_required_zigbee2mqtt","value_template":"{{ value_json.restart_required }}"}'
[2026-02-02 21:59:20] debug: 	z2m:mqtt: Received MQTT message on 'homeassistant/binary_sensor/0x6cfd22fffe610d7c/occupancy/config' with data '{"availability":[{"topic":"zigbee2mqtt/bridge/state","value_template":"{{ value_json.state }}"}],"default_entity_id":"binary_sensor.ikea_vallhorn_detector_1_occupancy","device":{"hw_version":1,"identifiers":["zigbee2mqtt_0x6cfd22fffe610d7c"],"manufacturer":"IKEA","model":"VALLHORN wireless motion sensor","model_id":"E2134","name":"IKEA Vallhorn Detector 1","sw_version":"1.0.64","via_device":"zigbee2mqtt_bridge_0x6c5cb1fffe9940a9"},"device_class":"occupancy","object_id":"ikea_vallhorn_detector_1_occupancy","origin":{"name":"Zigbee2MQTT","sw":"2.7.2","url":"https://www.zigbee2mqtt.io"},"payload_off":false,"payload_on":true,"state_topic":"zigbee2mqtt/IKEA Vallhorn Detector 1","unique_id":"0x6cfd22fffe610d7c_occupancy_zigbee2mqtt","value_template":"{{ value_json.occupancy }}"}'
[2026-02-02 21:59:20] debug: 	z2m:mqtt: Received MQTT message on 'homeassistant/button/1221051039810110150109113116116_0x6c5cb1fffe9940a9/restart/config' with data '{"availability":[{"topic":"zigbee2mqtt/bridge/state","value_template":"{{ value_json.state }}"}],"availability_mode":"all","command_topic":"zigbee2mqtt/bridge/request/restart","default_entity_id":"button.zigbee2mqtt_bridge_restart","device":{"hw_version":"EmberZNet 7.4.4 [GA]","identifiers":["zigbee2mqtt_bridge_0x6c5cb1fffe9940a9"],"manufacturer":"Zigbee2MQTT","model":"Bridge","name":"Zigbee2MQTT Bridge","sw_version":"2.7.2"},"device_class":"restart","name":"Restart","object_id":"zigbee2mqtt_bridge_restart","origin":{"name":"Zigbee2MQTT","sw":"2.7.2","url":"https://www.zigbee2mqtt.io"},"payload_press":"","unique_id":"bridge_0x6c5cb1fffe9940a9_restart_zigbee2mqtt"}'
[2026-02-02 21:59:20] debug: 	z2m:mqtt: Received MQTT message on 'homeassistant/button/0x30fb10fffe4c12d6/identify/config' with data '{"availability":[{"topic":"zigbee2mqtt/bridge/state","value_template":"{{ value_json.state }}"}],"command_topic":"zigbee2mqtt/IKEA Tradfri Switch 1/set/identify","default_entity_id":"button.ikea_tradfri_switch_1_identify","device":{"hw_version":1,"identifiers":["zigbee2mqtt_0x30fb10fffe4c12d6"],"manufacturer":"IKEA","model":"STYRBAR remote control","model_id":"E2001/E2002","name":"IKEA Tradfri Switch 1","sw_version":"2.4.16","via_device":"zigbee2mqtt_bridge_0x6c5cb1fffe9940a9"},"device_class":"identify","entity_category":"config","object_id":"ikea_tradfri_switch_1_identify","origin":{"name":"Zigbee2MQTT","sw":"2.7.2","url":"https://www.zigbee2mqtt.io"},"payload_press":"identify","unique_id":"0x30fb10fffe4c12d6_identify_zigbee2mqtt"}'
[2026-02-02 21:59:20] debug: 	z2m:mqtt: Received MQTT message on 'homeassistant/button/0x30fb10fffe4c1e7d/identify/config' with data '{"availability":[{"topic":"zigbee2mqtt/bridge/state","value_template":"{{ value_json.state }}"}],"command_topic":"zigbee2mqtt/IKEA Tradfri Switch 2/set/identify","default_entity_id":"button.ikea_tradfri_switch_2_identify","device":{"hw_version":1,"identifiers":["zigbee2mqtt_0x30fb10fffe4c1e7d"],"manufacturer":"IKEA","model":"STYRBAR remote control","model_id":"E2001/E2002","name":"IKEA Tradfri Switch 2","sw_version":"2.4.16","via_device":"zigbee2mqtt_bridge_0x6c5cb1fffe9940a9"},"device_class":"identify","entity_category":"config","object_id":"ikea_tradfri_switch_2_identify","origin":{"name":"Zigbee2MQTT","sw":"2.7.2","url":"https://www.zigbee2mqtt.io"},"payload_press":"identify","unique_id":"0x30fb10fffe4c1e7d_identify_zigbee2mqtt"}'
[2026-02-02 21:59:20] debug: 	z2m:mqtt: Received MQTT message on 'homeassistant/button/0x842712fffedb8ddb/identify/config' with data '{"availability":[{"topic":"zigbee2mqtt/bridge/state","value_template":"{{ value_json.state }}"}],"command_topic":"zigbee2mqtt/IKEA Tradfri Mittled Driver/set/identify","default_entity_id":"button.ikea_tradfri_mittled_driver_identify","device":{"hw_version":1,"identifiers":["zigbee2mqtt_0x842712fffedb8ddb"],"manufacturer":"IKEA","model":"TRADFRI LED driver, 30 w","model_id":"ICPSHC24-30EU-IL-1/ICPSHC24-10EU-IL-2","name":"IKEA Tradfri Mittled Driver","sw_version":"1.0.4","via_device":"zigbee2mqtt_bridge_0x6c5cb1fffe9940a9"},"device_class":"identify","entity_category":"config","object_id":"ikea_tradfri_mittled_driver_identify","origin":{"name":"Zigbee2MQTT","sw":"2.7.2","url":"https://www.zigbee2mqtt.io"},"payload_press":"identify","unique_id":"0x842712fffedb8ddb_identify_zigbee2mqtt"}'
[2026-02-02 21:59:20] info: 	z2m:mqtt: MQTT publish: topic 'zigbee2mqtt/IKEA Tradfri Switch 1', payload '{"battery":100,"identify":null,"linkquality":168,"update":{"installed_version":33816598,"latest_version":33816598,"state":"idle"}}'
[2026-02-02 21:59:20] info: 	z2m:mqtt: MQTT publish: topic 'zigbee2mqtt/IKEA Tradfri Switch 2', payload '{"battery":100,"identify":null,"linkquality":120,"update":{"installed_version":33816598,"latest_version":33816598,"state":"idle"}}'
[2026-02-02 21:59:20] info: 	z2m:mqtt: MQTT publish: topic 'zigbee2mqtt/IKEA Tradfri Mittled Driver', payload '{"brightness":203,"effect":null,"identify":null,"level_config":{"on_level":"previous"},"linkquality":120,"power_on_behavior":null,"state":"OFF","update":{"installed_version":16777220,"latest_version":16777220,"state":"idle"}}'
[2026-02-02 21:59:20] info: 	z2m:mqtt: MQTT publish: topic 'zigbee2mqtt/Tuya Connected Outlet', payload '{"child_lock":"UNLOCK","countdown":0,"current":0,"energy":28.22,"indicator_mode":"off/on","linkquality":164,"power":0,"power_outage_memory":"off","state":"OFF","update":{"installed_version":268514823,"latest_version":268514823,"state":"idle"},"voltage":234}'
[2026-02-02 21:59:20] info: 	z2m:mqtt: MQTT publish: topic 'zigbee2mqtt/IKEA Rodret Switch 1', payload '{"battery":90,"identify":null,"linkquality":168,"update":{"installed_version":16777287,"latest_version":16777303,"state":"available"},"voltage":null}'
[2026-02-02 21:59:20] info: 	z2m:mqtt: MQTT publish: topic 'zigbee2mqtt/IKEA Vallhorn Detector 1', payload '{"battery":100,"identify":null,"illuminance":1,"linkquality":112,"occupancy":false,"update":{"installed_version":16777316,"latest_version":16777316,"state":"idle"},"voltage":null}'
[2026-02-02 21:59:20] info: 	z2m:mqtt: MQTT publish: topic 'zigbee2mqtt/IKEA Rodret Switch 2', payload '{"battery":100,"identify":null,"linkquality":null,"update":{"installed_version":16777287,"latest_version":16777303,"state":"available"},"voltage":1400}'
[2026-02-02 21:59:20] info: 	z2m: Zigbee2MQTT started!
[2026-02-02 21:59:20] debug: 	z2m:mqtt: Received MQTT message on 'homeassistant/button/0xd44867fffeff5bc8/identify/config' with data '{"availability":[{"topic":"zigbee2mqtt/bridge/state","value_template":"{{ value_json.state }}"}],"command_topic":"zigbee2mqtt/IKEA Rodret Switch 1/set/identify","default_entity_id":"button.ikea_rodret_switch_1_identify","device":{"hw_version":1,"identifiers":["zigbee2mqtt_0xd44867fffeff5bc8"],"manufacturer":"IKEA","model":"RODRET wireless dimmer/power switch","model_id":"E2201","name":"IKEA Rodret Switch 1","sw_version":"1.0.47","via_device":"zigbee2mqtt_bridge_0x6c5cb1fffe9940a9"},"device_class":"identify","entity_category":"config","object_id":"ikea_rodret_switch_1_identify","origin":{"name":"Zigbee2MQTT","sw":"2.7.2","url":"https://www.zigbee2mqtt.io"},"payload_press":"identify","unique_id":"0xd44867fffeff5bc8_identify_zigbee2mqtt"}'
[2026-02-02 21:59:20] debug: 	z2m:mqtt: Received MQTT message on 'homeassistant/button/0x6cfd22fffe610d7c/identify/config' with data '{"availability":[{"topic":"zigbee2mqtt/bridge/state","value_template":"{{ value_json.state }}"}],"command_topic":"zigbee2mqtt/IKEA Vallhorn Detector 1/set/identify","default_entity_id":"button.ikea_vallhorn_detector_1_identify","device":{"hw_version":1,"identifiers":["zigbee2mqtt_0x6cfd22fffe610d7c"],"manufacturer":"IKEA","model":"VALLHORN wireless motion sensor","model_id":"E2134","name":"IKEA Vallhorn Detector 1","sw_version":"1.0.64","via_device":"zigbee2mqtt_bridge_0x6c5cb1fffe9940a9"},"device_class":"identify","entity_category":"config","object_id":"ikea_vallhorn_detector_1_identify","origin":{"name":"Zigbee2MQTT","sw":"2.7.2","url":"https://www.zigbee2mqtt.io"},"payload_press":"identify","unique_id":"0x6cfd22fffe610d7c_identify_zigbee2mqtt"}'
[2026-02-02 21:59:20] debug: 	z2m:mqtt: Received MQTT message on 'homeassistant/button/0x8c8b48fffe18b6d8/identify/config' with data '{"availability":[{"topic":"zigbee2mqtt/bridge/state","value_template":"{{ value_json.state }}"}],"command_topic":"zigbee2mqtt/IKEA Rodret Switch 2/set/identify","default_entity_id":"button.ikea_rodret_switch_2_identify","device":{"hw_version":1,"identifiers":["zigbee2mqtt_0x8c8b48fffe18b6d8"],"manufacturer":"IKEA","model":"RODRET wireless dimmer/power switch","model_id":"E2201","name":"IKEA Rodret Switch 2","sw_version":"1.0.47","via_device":"zigbee2mqtt_bridge_0x6c5cb1fffe9940a9"},"device_class":"identify","entity_category":"config","object_id":"ikea_rodret_switch_2_identify","origin":{"name":"Zigbee2MQTT","sw":"2.7.2","url":"https://www.zigbee2mqtt.io"},"payload_press":"identify","unique_id":"0x8c8b48fffe18b6d8_identify_zigbee2mqtt"}'
[2026-02-02 21:59:20] debug: 	z2m:mqtt: Received MQTT message on 'homeassistant/select/1221051039810110150109113116116_0x6c5cb1fffe9940a9/log_level/config' with data '{"availability":[{"topic":"zigbee2mqtt/bridge/state","value_template":"{{ value_json.state }}"}],"availability_mode":"all","command_template":"{\"options\": {\"advanced\": {\"log_level\": \"{{ value }}\" } } }","command_topic":"zigbee2mqtt/bridge/request/options","default_entity_id":"select.zigbee2mqtt_bridge_log_level","device":{"hw_version":"EmberZNet 7.4.4 [GA]","identifiers":["zigbee2mqtt_bridge_0x6c5cb1fffe9940a9"],"manufacturer":"Zigbee2MQTT","model":"Bridge","name":"Zigbee2MQTT Bridge","sw_version":"2.7.2"},"entity_category":"config","name":"Log level","object_id":"zigbee2mqtt_bridge_log_level","options":["error","warning","info","debug"],"origin":{"name":"Zigbee2MQTT","sw":"2.7.2","url":"https://www.zigbee2mqtt.io"},"state_topic":"zigbee2mqtt/bridge/info","unique_id":"bridge_0x6c5cb1fffe9940a9_log_level_zigbee2mqtt","value_template":"{{ value_json.log_level | lower }}"}'
[2026-02-02 21:59:20] debug: 	z2m:mqtt: Received MQTT message on 'homeassistant/select/0x842712fffedb8ddb/effect/config' with data '{"availability":[{"topic":"zigbee2mqtt/bridge/state","value_template":"{{ value_json.state }}"}],"command_topic":"zigbee2mqtt/IKEA Tradfri Mittled Driver/set/effect","default_entity_id":"select.ikea_tradfri_mittled_driver_effect","device":{"hw_version":1,"identifiers":["zigbee2mqtt_0x842712fffedb8ddb"],"manufacturer":"IKEA","model":"TRADFRI LED driver, 30 w","model_id":"ICPSHC24-30EU-IL-1/ICPSHC24-10EU-IL-2","name":"IKEA Tradfri Mittled Driver","sw_version":"1.0.4","via_device":"zigbee2mqtt_bridge_0x6c5cb1fffe9940a9"},"enabled_by_default":false,"icon":"mdi:palette","name":"Effect","object_id":"ikea_tradfri_mittled_driver_effect","options":["blink","breathe","okay","channel_change","finish_effect","stop_effect"],"origin":{"name":"Zigbee2MQTT","sw":"2.7.2","url":"https://www.zigbee2mqtt.io"},"unique_id":"0x842712fffedb8ddb_effect_zigbee2mqtt"}'
[2026-02-02 21:59:20] debug: 	z2m:mqtt: Received MQTT message on 'homeassistant/select/0x842712fffedb8ddb/power_on_behavior/config' with data '{"availability":[{"topic":"zigbee2mqtt/bridge/state","value_template":"{{ value_json.state }}"}],"command_topic":"zigbee2mqtt/IKEA Tradfri Mittled Driver/set/power_on_behavior","default_entity_id":"select.ikea_tradfri_mittled_driver_power_on_behavior","device":{"hw_version":1,"identifiers":["zigbee2mqtt_0x842712fffedb8ddb"],"manufacturer":"IKEA","model":"TRADFRI LED driver, 30 w","model_id":"ICPSHC24-30EU-IL-1/ICPSHC24-10EU-IL-2","name":"IKEA Tradfri Mittled Driver","sw_version":"1.0.4","via_device":"zigbee2mqtt_bridge_0x6c5cb1fffe9940a9"},"entity_category":"config","icon":"mdi:power-settings","name":"Power-on behavior","object_id":"ikea_tradfri_mittled_driver_power_on_behavior","options":["off","on","toggle","previous"],"origin":{"name":"Zigbee2MQTT","sw":"2.7.2","url":"https://www.zigbee2mqtt.io"},"state_topic":"zigbee2mqtt/IKEA Tradfri Mittled Driver","unique_id":"0x842712fffedb8ddb_power_on_behavior_zigbee2mqtt","value_template":"{{ value_json.power_on_behavior }}"}'
[2026-02-02 21:59:20] debug: 	z2m:mqtt: Received MQTT message on 'homeassistant/select/0xa4c138247a1a948b/power_outage_memory/config' with data '{"availability":[{"topic":"zigbee2mqtt/bridge/state","value_template":"{{ value_json.state }}"}],"command_topic":"zigbee2mqtt/Tuya Connected Outlet/set/power_outage_memory","default_entity_id":"select.tuya_connected_outlet_power_outage_memory","device":{"hw_version":0,"identifiers":["zigbee2mqtt_0xa4c138247a1a948b"],"manufacturer":"Tuya","model":"Smart plug (with power monitoring by polling)","model_id":"TS011F_plug_3","name":"Tuya Connected Outlet","sw_version":"1.0.5\u0000","via_device":"zigbee2mqtt_bridge_0x6c5cb1fffe9940a9"},"entity_category":"config","icon":"mdi:power-settings","name":"Power outage memory","object_id":"tuya_connected_outlet_power_outage_memory","options":["on","off","restore"],"origin":{"name":"Zigbee2MQTT","sw":"2.7.2","url":"https://www.zigbee2mqtt.io"},"state_topic":"zigbee2mqtt/Tuya Connected Outlet","unique_id":"0xa4c138247a1a948b_power_outage_memory_zigbee2mqtt","value_template":"{{ value_json.power_outage_memory }}"}'
[2026-02-02 21:59:20] debug: 	z2m:mqtt: Received MQTT message on 'homeassistant/select/0xa4c138247a1a948b/indicator_mode/config' with data '{"availability":[{"topic":"zigbee2mqtt/bridge/state","value_template":"{{ value_json.state }}"}],"command_topic":"zigbee2mqtt/Tuya Connected Outlet/set/indicator_mode","default_entity_id":"select.tuya_connected_outlet_indicator_mode","device":{"hw_version":0,"identifiers":["zigbee2mqtt_0xa4c138247a1a948b"],"manufacturer":"Tuya","model":"Smart plug (with power monitoring by polling)","model_id":"TS011F_plug_3","name":"Tuya Connected Outlet","sw_version":"1.0.5\u0000","via_device":"zigbee2mqtt_bridge_0x6c5cb1fffe9940a9"},"entity_category":"config","name":"Indicator mode","object_id":"tuya_connected_outlet_indicator_mode","options":["off","off/on","on/off","on"],"origin":{"name":"Zigbee2MQTT","sw":"2.7.2","url":"https://www.zigbee2mqtt.io"},"state_topic":"zigbee2mqtt/Tuya Connected Outlet","unique_id":"0xa4c138247a1a948b_indicator_mode_zigbee2mqtt","value_template":"{{ value_json.indicator_mode }}"}'
[2026-02-02 21:59:20] debug: 	z2m:mqtt: Received MQTT message on 'homeassistant/sensor/1221051039810110150109113116116_0x6c5cb1fffe9940a9/version/config' with data '{"availability":[{"topic":"zigbee2mqtt/bridge/state","value_template":"{{ value_json.state }}"}],"availability_mode":"all","default_entity_id":"sensor.zigbee2mqtt_bridge_version","device":{"hw_version":"EmberZNet 7.4.4 [GA]","identifiers":["zigbee2mqtt_bridge_0x6c5cb1fffe9940a9"],"manufacturer":"Zigbee2MQTT","model":"Bridge","name":"Zigbee2MQTT Bridge","sw_version":"2.7.2"},"entity_category":"diagnostic","icon":"mdi:zigbee","name":"Version","object_id":"zigbee2mqtt_bridge_version","origin":{"name":"Zigbee2MQTT","sw":"2.7.2","url":"https://www.zigbee2mqtt.io"},"state_topic":"zigbee2mqtt/bridge/info","unique_id":"bridge_0x6c5cb1fffe9940a9_version_zigbee2mqtt","value_template":"{{ value_json.version }}"}'
[2026-02-02 21:59:20] debug: 	z2m:mqtt: Received MQTT message on 'homeassistant/sensor/1221051039810110150109113116116_0x6c5cb1fffe9940a9/coordinator_version/config' with data '{"availability":[{"topic":"zigbee2mqtt/bridge/state","value_template":"{{ value_json.state }}"}],"availability_mode":"all","default_entity_id":"sensor.zigbee2mqtt_bridge_coordinator_version","device":{"hw_version":"EmberZNet 7.4.4 [GA]","identifiers":["zigbee2mqtt_bridge_0x6c5cb1fffe9940a9"],"manufacturer":"Zigbee2MQTT","model":"Bridge","name":"Zigbee2MQTT Bridge","sw_version":"2.7.2"},"enabled_by_default":false,"entity_category":"diagnostic","icon":"mdi:chip","name":"Coordinator version","object_id":"zigbee2mqtt_bridge_coordinator_version","origin":{"name":"Zigbee2MQTT","sw":"2.7.2","url":"https://www.zigbee2mqtt.io"},"state_topic":"zigbee2mqtt/bridge/info","unique_id":"bridge_0x6c5cb1fffe9940a9_coordinator_version_zigbee2mqtt","value_template":"{{ value_json.coordinator.meta.revision }}"}'
[2026-02-02 21:59:20] debug: 	z2m:mqtt: Received MQTT message on 'homeassistant/sensor/1221051039810110150109113116116_0x6c5cb1fffe9940a9/network_map/config' with data '{"availability":[{"topic":"zigbee2mqtt/bridge/state","value_template":"{{ value_json.state }}"}],"availability_mode":"all","default_entity_id":"sensor.zigbee2mqtt_bridge_network_map","device":{"hw_version":"EmberZNet 7.4.4 [GA]","identifiers":["zigbee2mqtt_bridge_0x6c5cb1fffe9940a9"],"manufacturer":"Zigbee2MQTT","model":"Bridge","name":"Zigbee2MQTT Bridge","sw_version":"2.7.2"},"enabled_by_default":false,"entity_category":"diagnostic","json_attributes_template":"{{ value_json.data.value | tojson }}","json_attributes_topic":"zigbee2mqtt/bridge/response/networkmap","name":"Network map","object_id":"zigbee2mqtt_bridge_network_map","origin":{"name":"Zigbee2MQTT","sw":"2.7.2","url":"https://www.zigbee2mqtt.io"},"state_topic":"zigbee2mqtt/bridge/response/networkmap","unique_id":"bridge_0x6c5cb1fffe9940a9_network_map_zigbee2mqtt","value_template":"{{ now().strftime('%Y-%m-%d %H:%M:%S') }}"}'
[2026-02-02 21:59:20] debug: 	z2m:mqtt: Received MQTT message on 'homeassistant/sensor/0x30fb10fffe4c12d6/battery/config' with data '{"availability":[{"topic":"zigbee2mqtt/bridge/state","value_template":"{{ value_json.state }}"}],"default_entity_id":"sensor.ikea_tradfri_switch_1_battery","device":{"hw_version":1,"identifiers":["zigbee2mqtt_0x30fb10fffe4c12d6"],"manufacturer":"IKEA","model":"STYRBAR remote control","model_id":"E2001/E2002","name":"IKEA Tradfri Switch 1","sw_version":"2.4.16","via_device":"zigbee2mqtt_bridge_0x6c5cb1fffe9940a9"},"device_class":"battery","enabled_by_default":true,"entity_category":"diagnostic","object_id":"ikea_tradfri_switch_1_battery","origin":{"name":"Zigbee2MQTT","sw":"2.7.2","url":"https://www.zigbee2mqtt.io"},"state_class":"measurement","state_topic":"zigbee2mqtt/IKEA Tradfri Switch 1","unique_id":"0x30fb10fffe4c12d6_battery_zigbee2mqtt","unit_of_measurement":"%","value_template":"{{ value_json.battery }}"}'
[2026-02-02 21:59:20] debug: 	z2m:mqtt: Received MQTT message on 'homeassistant/sensor/0x30fb10fffe4c12d6/linkquality/config' with data '{"availability":[{"topic":"zigbee2mqtt/bridge/state","value_template":"{{ value_json.state }}"}],"default_entity_id":"sensor.ikea_tradfri_switch_1_linkquality","device":{"hw_version":1,"identifiers":["zigbee2mqtt_0x30fb10fffe4c12d6"],"manufacturer":"IKEA","model":"STYRBAR remote control","model_id":"E2001/E2002","name":"IKEA Tradfri Switch 1","sw_version":"2.4.16","via_device":"zigbee2mqtt_bridge_0x6c5cb1fffe9940a9"},"enabled_by_default":false,"entity_category":"diagnostic","icon":"mdi:signal","name":"Linkquality","object_id":"ikea_tradfri_switch_1_linkquality","origin":{"name":"Zigbee2MQTT","sw":"2.7.2","url":"https://www.zigbee2mqtt.io"},"state_class":"measurement","state_topic":"zigbee2mqtt/IKEA Tradfri Switch 1","unique_id":"0x30fb10fffe4c12d6_linkquality_zigbee2mqtt","unit_of_measurement":"lqi","value_template":"{{ value_json.linkquality }}"}'
[2026-02-02 21:59:20] debug: 	z2m:mqtt: Received MQTT message on 'homeassistant/sensor/0x30fb10fffe4c1e7d/battery/config' with data '{"availability":[{"topic":"zigbee2mqtt/bridge/state","value_template":"{{ value_json.state }}"}],"default_entity_id":"sensor.ikea_tradfri_switch_2_battery","device":{"hw_version":1,"identifiers":["zigbee2mqtt_0x30fb10fffe4c1e7d"],"manufacturer":"IKEA","model":"STYRBAR remote control","model_id":"E2001/E2002","name":"IKEA Tradfri Switch 2","sw_version":"2.4.16","via_device":"zigbee2mqtt_bridge_0x6c5cb1fffe9940a9"},"device_class":"battery","enabled_by_default":true,"entity_category":"diagnostic","object_id":"ikea_tradfri_switch_2_battery","origin":{"name":"Zigbee2MQTT","sw":"2.7.2","url":"https://www.zigbee2mqtt.io"},"state_class":"measurement","state_topic":"zigbee2mqtt/IKEA Tradfri Switch 2","unique_id":"0x30fb10fffe4c1e7d_battery_zigbee2mqtt","unit_of_measurement":"%","value_template":"{{ value_json.battery }}"}'
[2026-02-02 21:59:20] debug: 	z2m:mqtt: Received MQTT message on 'homeassistant/sensor/0x30fb10fffe4c1e7d/linkquality/config' with data '{"availability":[{"topic":"zigbee2mqtt/bridge/state","value_template":"{{ value_json.state }}"}],"default_entity_id":"sensor.ikea_tradfri_switch_2_linkquality","device":{"hw_version":1,"identifiers":["zigbee2mqtt_0x30fb10fffe4c1e7d"],"manufacturer":"IKEA","model":"STYRBAR remote control","model_id":"E2001/E2002","name":"IKEA Tradfri Switch 2","sw_version":"2.4.16","via_device":"zigbee2mqtt_bridge_0x6c5cb1fffe9940a9"},"enabled_by_default":false,"entity_category":"diagnostic","icon":"mdi:signal","name":"Linkquality","object_id":"ikea_tradfri_switch_2_linkquality","origin":{"name":"Zigbee2MQTT","sw":"2.7.2","url":"https://www.zigbee2mqtt.io"},"state_class":"measurement","state_topic":"zigbee2mqtt/IKEA Tradfri Switch 2","unique_id":"0x30fb10fffe4c1e7d_linkquality_zigbee2mqtt","unit_of_measurement":"lqi","value_template":"{{ value_json.linkquality }}"}'
[2026-02-02 21:59:20] debug: 	z2m:mqtt: Received MQTT message on 'homeassistant/sensor/0x842712fffedb8ddb/linkquality/config' with data '{"availability":[{"topic":"zigbee2mqtt/bridge/state","value_template":"{{ value_json.state }}"}],"default_entity_id":"sensor.ikea_tradfri_mittled_driver_linkquality","device":{"hw_version":1,"identifiers":["zigbee2mqtt_0x842712fffedb8ddb"],"manufacturer":"IKEA","model":"TRADFRI LED driver, 30 w","model_id":"ICPSHC24-30EU-IL-1/ICPSHC24-10EU-IL-2","name":"IKEA Tradfri Mittled Driver","sw_version":"1.0.4","via_device":"zigbee2mqtt_bridge_0x6c5cb1fffe9940a9"},"enabled_by_default":false,"entity_category":"diagnostic","icon":"mdi:signal","name":"Linkquality","object_id":"ikea_tradfri_mittled_driver_linkquality","origin":{"name":"Zigbee2MQTT","sw":"2.7.2","url":"https://www.zigbee2mqtt.io"},"state_class":"measurement","state_topic":"zigbee2mqtt/IKEA Tradfri Mittled Driver","unique_id":"0x842712fffedb8ddb_linkquality_zigbee2mqtt","unit_of_measurement":"lqi","value_template":"{{ value_json.linkquality }}"}'
[2026-02-02 21:59:20] debug: 	z2m:mqtt: Received MQTT message on 'homeassistant/sensor/0xa4c138247a1a948b/power/config' with data '{"availability":[{"topic":"zigbee2mqtt/bridge/state","value_template":"{{ value_json.state }}"}],"default_entity_id":"sensor.tuya_connected_outlet_power","device":{"hw_version":0,"identifiers":["zigbee2mqtt_0xa4c138247a1a948b"],"manufacturer":"Tuya","model":"Smart plug (with power monitoring by polling)","model_id":"TS011F_plug_3","name":"Tuya Connected Outlet","sw_version":"1.0.5\u0000","via_device":"zigbee2mqtt_bridge_0x6c5cb1fffe9940a9"},"device_class":"power","enabled_by_default":true,"object_id":"tuya_connected_outlet_power","origin":{"name":"Zigbee2MQTT","sw":"2.7.2","url":"https://www.zigbee2mqtt.io"},"state_class":"measurement","state_topic":"zigbee2mqtt/Tuya Connected Outlet","unique_id":"0xa4c138247a1a948b_power_zigbee2mqtt","unit_of_measurement":"W","value_template":"{{ value_json.power }}"}'
[2026-02-02 21:59:20] debug: 	z2m:mqtt: Received MQTT message on 'homeassistant/sensor/0xa4c138247a1a948b/current/config' with data '{"availability":[{"topic":"zigbee2mqtt/bridge/state","value_template":"{{ value_json.state }}"}],"default_entity_id":"sensor.tuya_connected_outlet_current","device":{"hw_version":0,"identifiers":["zigbee2mqtt_0xa4c138247a1a948b"],"manufacturer":"Tuya","model":"Smart plug (with power monitoring by polling)","model_id":"TS011F_plug_3","name":"Tuya Connected Outlet","sw_version":"1.0.5\u0000","via_device":"zigbee2mqtt_bridge_0x6c5cb1fffe9940a9"},"device_class":"current","enabled_by_default":true,"object_id":"tuya_connected_outlet_current","origin":{"name":"Zigbee2MQTT","sw":"2.7.2","url":"https://www.zigbee2mqtt.io"},"state_class":"measurement","state_topic":"zigbee2mqtt/Tuya Connected Outlet","unique_id":"0xa4c138247a1a948b_current_zigbee2mqtt","unit_of_measurement":"A","value_template":"{{ value_json.current }}"}'
[2026-02-02 21:59:20] debug: 	z2m:mqtt: Received MQTT message on 'homeassistant/sensor/0xa4c138247a1a948b/voltage/config' with data '{"availability":[{"topic":"zigbee2mqtt/bridge/state","value_template":"{{ value_json.state }}"}],"default_entity_id":"sensor.tuya_connected_outlet_voltage","device":{"hw_version":0,"identifiers":["zigbee2mqtt_0xa4c138247a1a948b"],"manufacturer":"Tuya","model":"Smart plug (with power monitoring by polling)","model_id":"TS011F_plug_3","name":"Tuya Connected Outlet","sw_version":"1.0.5\u0000","via_device":"zigbee2mqtt_bridge_0x6c5cb1fffe9940a9"},"device_class":"voltage","enabled_by_default":true,"object_id":"tuya_connected_outlet_voltage","origin":{"name":"Zigbee2MQTT","sw":"2.7.2","url":"https://www.zigbee2mqtt.io"},"state_class":"measurement","state_topic":"zigbee2mqtt/Tuya Connected Outlet","unique_id":"0xa4c138247a1a948b_voltage_zigbee2mqtt","unit_of_measurement":"V","value_template":"{{ value_json.voltage }}"}'
[2026-02-02 21:59:20] debug: 	z2m:mqtt: Received MQTT message on 'homeassistant/sensor/0xa4c138247a1a948b/energy/config' with data '{"availability":[{"topic":"zigbee2mqtt/bridge/state","value_template":"{{ value_json.state }}"}],"default_entity_id":"sensor.tuya_connected_outlet_energy","device":{"hw_version":0,"identifiers":["zigbee2mqtt_0xa4c138247a1a948b"],"manufacturer":"Tuya","model":"Smart plug (with power monitoring by polling)","model_id":"TS011F_plug_3","name":"Tuya Connected Outlet","sw_version":"1.0.5\u0000","via_device":"zigbee2mqtt_bridge_0x6c5cb1fffe9940a9"},"device_class":"energy","enabled_by_default":true,"object_id":"tuya_connected_outlet_energy","origin":{"name":"Zigbee2MQTT","sw":"2.7.2","url":"https://www.zigbee2mqtt.io"},"state_class":"total_increasing","state_topic":"zigbee2mqtt/Tuya Connected Outlet","unique_id":"0xa4c138247a1a948b_energy_zigbee2mqtt","unit_of_measurement":"kWh","value_template":"{{ value_json.energy }}"}'
[2026-02-02 21:59:20] debug: 	z2m:mqtt: Received MQTT message on 'homeassistant/sensor/0xa4c138247a1a948b/linkquality/config' with data '{"availability":[{"topic":"zigbee2mqtt/bridge/state","value_template":"{{ value_json.state }}"}],"default_entity_id":"sensor.tuya_connected_outlet_linkquality","device":{"hw_version":0,"identifiers":["zigbee2mqtt_0xa4c138247a1a948b"],"manufacturer":"Tuya","model":"Smart plug (with power monitoring by polling)","model_id":"TS011F_plug_3","name":"Tuya Connected Outlet","sw_version":"1.0.5\u0000","via_device":"zigbee2mqtt_bridge_0x6c5cb1fffe9940a9"},"enabled_by_default":false,"entity_category":"diagnostic","icon":"mdi:signal","name":"Linkquality","object_id":"tuya_connected_outlet_linkquality","origin":{"name":"Zigbee2MQTT","sw":"2.7.2","url":"https://www.zigbee2mqtt.io"},"state_class":"measurement","state_topic":"zigbee2mqtt/Tuya Connected Outlet","unique_id":"0xa4c138247a1a948b_linkquality_zigbee2mqtt","unit_of_measurement":"lqi","value_template":"{{ value_json.linkquality }}"}'
[2026-02-02 21:59:20] debug: 	z2m:mqtt: Received MQTT message on 'homeassistant/sensor/0xd44867fffeff5bc8/battery/config' with data '{"availability":[{"topic":"zigbee2mqtt/bridge/state","value_template":"{{ value_json.state }}"}],"default_entity_id":"sensor.ikea_rodret_switch_1_battery","device":{"hw_version":1,"identifiers":["zigbee2mqtt_0xd44867fffeff5bc8"],"manufacturer":"IKEA","model":"RODRET wireless dimmer/power switch","model_id":"E2201","name":"IKEA Rodret Switch 1","sw_version":"1.0.47","via_device":"zigbee2mqtt_bridge_0x6c5cb1fffe9940a9"},"device_class":"battery","enabled_by_default":true,"entity_category":"diagnostic","object_id":"ikea_rodret_switch_1_battery","origin":{"name":"Zigbee2MQTT","sw":"2.7.2","url":"https://www.zigbee2mqtt.io"},"state_class":"measurement","state_topic":"zigbee2mqtt/IKEA Rodret Switch 1","unique_id":"0xd44867fffeff5bc8_battery_zigbee2mqtt","unit_of_measurement":"%","value_template":"{{ value_json.battery }}"}'
[2026-02-02 21:59:20] debug: 	z2m:mqtt: Received MQTT message on 'homeassistant/sensor/0xd44867fffeff5bc8/linkquality/config' with data '{"availability":[{"topic":"zigbee2mqtt/bridge/state","value_template":"{{ value_json.state }}"}],"default_entity_id":"sensor.ikea_rodret_switch_1_linkquality","device":{"hw_version":1,"identifiers":["zigbee2mqtt_0xd44867fffeff5bc8"],"manufacturer":"IKEA","model":"RODRET wireless dimmer/power switch","model_id":"E2201","name":"IKEA Rodret Switch 1","sw_version":"1.0.47","via_device":"zigbee2mqtt_bridge_0x6c5cb1fffe9940a9"},"enabled_by_default":false,"entity_category":"diagnostic","icon":"mdi:signal","name":"Linkquality","object_id":"ikea_rodret_switch_1_linkquality","origin":{"name":"Zigbee2MQTT","sw":"2.7.2","url":"https://www.zigbee2mqtt.io"},"state_class":"measurement","state_topic":"zigbee2mqtt/IKEA Rodret Switch 1","unique_id":"0xd44867fffeff5bc8_linkquality_zigbee2mqtt","unit_of_measurement":"lqi","value_template":"{{ value_json.linkquality }}"}'
[2026-02-02 21:59:20] debug: 	z2m:mqtt: Received MQTT message on 'homeassistant/sensor/0xd44867fffeff5bc8/voltage/config' with data '{"availability":[{"topic":"zigbee2mqtt/bridge/state","value_template":"{{ value_json.state }}"}],"default_entity_id":"sensor.ikea_rodret_switch_1_voltage","device":{"hw_version":1,"identifiers":["zigbee2mqtt_0xd44867fffeff5bc8"],"manufacturer":"IKEA","model":"RODRET wireless dimmer/power switch","model_id":"E2201","name":"IKEA Rodret Switch 1","sw_version":"1.0.47","via_device":"zigbee2mqtt_bridge_0x6c5cb1fffe9940a9"},"device_class":"voltage","enabled_by_default":true,"entity_category":"diagnostic","object_id":"ikea_rodret_switch_1_voltage","origin":{"name":"Zigbee2MQTT","sw":"2.7.2","url":"https://www.zigbee2mqtt.io"},"state_class":"measurement","state_topic":"zigbee2mqtt/IKEA Rodret Switch 1","unique_id":"0xd44867fffeff5bc8_voltage_zigbee2mqtt","unit_of_measurement":"mV","value_template":"{{ value_json.voltage }}"}'
[2026-02-02 21:59:20] debug: 	z2m:mqtt: Received MQTT message on 'homeassistant/sensor/0x6cfd22fffe610d7c/illuminance/config' with data '{"availability":[{"topic":"zigbee2mqtt/bridge/state","value_template":"{{ value_json.state }}"}],"default_entity_id":"sensor.ikea_vallhorn_detector_1_illuminance","device":{"hw_version":1,"identifiers":["zigbee2mqtt_0x6cfd22fffe610d7c"],"manufacturer":"IKEA","model":"VALLHORN wireless motion sensor","model_id":"E2134","name":"IKEA Vallhorn Detector 1","sw_version":"1.0.64","via_device":"zigbee2mqtt_bridge_0x6c5cb1fffe9940a9"},"device_class":"illuminance","enabled_by_default":true,"object_id":"ikea_vallhorn_detector_1_illuminance","origin":{"name":"Zigbee2MQTT","sw":"2.7.2","url":"https://www.zigbee2mqtt.io"},"state_class":"measurement","state_topic":"zigbee2mqtt/IKEA Vallhorn Detector 1","unique_id":"0x6cfd22fffe610d7c_illuminance_zigbee2mqtt","unit_of_measurement":"lx","value_template":"{{ value_json.illuminance }}"}'
[2026-02-02 21:59:20] debug: 	z2m:mqtt: Received MQTT message on 'homeassistant/sensor/0x6cfd22fffe610d7c/battery/config' with data '{"availability":[{"topic":"zigbee2mqtt/bridge/state","value_template":"{{ value_json.state }}"}],"default_entity_id":"sensor.ikea_vallhorn_detector_1_battery","device":{"hw_version":1,"identifiers":["zigbee2mqtt_0x6cfd22fffe610d7c"],"manufacturer":"IKEA","model":"VALLHORN wireless motion sensor","model_id":"E2134","name":"IKEA Vallhorn Detector 1","sw_version":"1.0.64","via_device":"zigbee2mqtt_bridge_0x6c5cb1fffe9940a9"},"device_class":"battery","enabled_by_default":true,"entity_category":"diagnostic","object_id":"ikea_vallhorn_detector_1_battery","origin":{"name":"Zigbee2MQTT","sw":"2.7.2","url":"https://www.zigbee2mqtt.io"},"state_class":"measurement","state_topic":"zigbee2mqtt/IKEA Vallhorn Detector 1","unique_id":"0x6cfd22fffe610d7c_battery_zigbee2mqtt","unit_of_measurement":"%","value_template":"{{ value_json.battery }}"}'
[2026-02-02 21:59:20] debug: 	z2m:mqtt: Received MQTT message on 'homeassistant/sensor/0x6cfd22fffe610d7c/linkquality/config' with data '{"availability":[{"topic":"zigbee2mqtt/bridge/state","value_template":"{{ value_json.state }}"}],"default_entity_id":"sensor.ikea_vallhorn_detector_1_linkquality","device":{"hw_version":1,"identifiers":["zigbee2mqtt_0x6cfd22fffe610d7c"],"manufacturer":"IKEA","model":"VALLHORN wireless motion sensor","model_id":"E2134","name":"IKEA Vallhorn Detector 1","sw_version":"1.0.64","via_device":"zigbee2mqtt_bridge_0x6c5cb1fffe9940a9"},"enabled_by_default":false,"entity_category":"diagnostic","icon":"mdi:signal","name":"Linkquality","object_id":"ikea_vallhorn_detector_1_linkquality","origin":{"name":"Zigbee2MQTT","sw":"2.7.2","url":"https://www.zigbee2mqtt.io"},"state_class":"measurement","state_topic":"zigbee2mqtt/IKEA Vallhorn Detector 1","unique_id":"0x6cfd22fffe610d7c_linkquality_zigbee2mqtt","unit_of_measurement":"lqi","value_template":"{{ value_json.linkquality }}"}'
[2026-02-02 21:59:20] debug: 	z2m:mqtt: Received MQTT message on 'homeassistant/sensor/0x6cfd22fffe610d7c/voltage/config' with data '{"availability":[{"topic":"zigbee2mqtt/bridge/state","value_template":"{{ value_json.state }}"}],"default_entity_id":"sensor.ikea_vallhorn_detector_1_voltage","device":{"hw_version":1,"identifiers":["zigbee2mqtt_0x6cfd22fffe610d7c"],"manufacturer":"IKEA","model":"VALLHORN wireless motion sensor","model_id":"E2134","name":"IKEA Vallhorn Detector 1","sw_version":"1.0.64","via_device":"zigbee2mqtt_bridge_0x6c5cb1fffe9940a9"},"device_class":"voltage","enabled_by_default":true,"entity_category":"diagnostic","object_id":"ikea_vallhorn_detector_1_voltage","origin":{"name":"Zigbee2MQTT","sw":"2.7.2","url":"https://www.zigbee2mqtt.io"},"state_class":"measurement","state_topic":"zigbee2mqtt/IKEA Vallhorn Detector 1","unique_id":"0x6cfd22fffe610d7c_voltage_zigbee2mqtt","unit_of_measurement":"mV","value_template":"{{ value_json.voltage }}"}'
[2026-02-02 21:59:20] debug: 	z2m:mqtt: Received MQTT message on 'homeassistant/sensor/0x8c8b48fffe18b6d8/battery/config' with data '{"availability":[{"topic":"zigbee2mqtt/bridge/state","value_template":"{{ value_json.state }}"}],"default_entity_id":"sensor.ikea_rodret_switch_2_battery","device":{"hw_version":1,"identifiers":["zigbee2mqtt_0x8c8b48fffe18b6d8"],"manufacturer":"IKEA","model":"RODRET wireless dimmer/power switch","model_id":"E2201","name":"IKEA Rodret Switch 2","sw_version":"1.0.47","via_device":"zigbee2mqtt_bridge_0x6c5cb1fffe9940a9"},"device_class":"battery","enabled_by_default":true,"entity_category":"diagnostic","object_id":"ikea_rodret_switch_2_battery","origin":{"name":"Zigbee2MQTT","sw":"2.7.2","url":"https://www.zigbee2mqtt.io"},"state_class":"measurement","state_topic":"zigbee2mqtt/IKEA Rodret Switch 2","unique_id":"0x8c8b48fffe18b6d8_battery_zigbee2mqtt","unit_of_measurement":"%","value_template":"{{ value_json.battery }}"}'
[2026-02-02 21:59:20] debug: 	z2m:mqtt: Received MQTT message on 'homeassistant/sensor/0x8c8b48fffe18b6d8/voltage/config' with data '{"availability":[{"topic":"zigbee2mqtt/bridge/state","value_template":"{{ value_json.state }}"}],"default_entity_id":"sensor.ikea_rodret_switch_2_voltage","device":{"hw_version":1,"identifiers":["zigbee2mqtt_0x8c8b48fffe18b6d8"],"manufacturer":"IKEA","model":"RODRET wireless dimmer/power switch","model_id":"E2201","name":"IKEA Rodret Switch 2","sw_version":"1.0.47","via_device":"zigbee2mqtt_bridge_0x6c5cb1fffe9940a9"},"device_class":"voltage","enabled_by_default":true,"entity_category":"diagnostic","object_id":"ikea_rodret_switch_2_voltage","origin":{"name":"Zigbee2MQTT","sw":"2.7.2","url":"https://www.zigbee2mqtt.io"},"state_class":"measurement","state_topic":"zigbee2mqtt/IKEA Rodret Switch 2","unique_id":"0x8c8b48fffe18b6d8_voltage_zigbee2mqtt","unit_of_measurement":"mV","value_template":"{{ value_json.voltage }}"}'
[2026-02-02 21:59:20] debug: 	z2m:mqtt: Received MQTT message on 'homeassistant/sensor/0x8c8b48fffe18b6d8/linkquality/config' with data '{"availability":[{"topic":"zigbee2mqtt/bridge/state","value_template":"{{ value_json.state }}"}],"default_entity_id":"sensor.ikea_rodret_switch_2_linkquality","device":{"hw_version":1,"identifiers":["zigbee2mqtt_0x8c8b48fffe18b6d8"],"manufacturer":"IKEA","model":"RODRET wireless dimmer/power switch","model_id":"E2201","name":"IKEA Rodret Switch 2","sw_version":"1.0.47","via_device":"zigbee2mqtt_bridge_0x6c5cb1fffe9940a9"},"enabled_by_default":false,"entity_category":"diagnostic","icon":"mdi:signal","name":"Linkquality","object_id":"ikea_rodret_switch_2_linkquality","origin":{"name":"Zigbee2MQTT","sw":"2.7.2","url":"https://www.zigbee2mqtt.io"},"state_class":"measurement","state_topic":"zigbee2mqtt/IKEA Rodret Switch 2","unique_id":"0x8c8b48fffe18b6d8_linkquality_zigbee2mqtt","unit_of_measurement":"lqi","value_template":"{{ value_json.linkquality }}"}'
[2026-02-02 21:59:20] debug: 	z2m:mqtt: Received MQTT message on 'homeassistant/switch/1221051039810110150109113116116_0x6c5cb1fffe9940a9/permit_join/config' with data '{"availability":[{"topic":"zigbee2mqtt/bridge/state","value_template":"{{ value_json.state }}"}],"availability_mode":"all","command_topic":"zigbee2mqtt/bridge/request/permit_join","default_entity_id":"switch.zigbee2mqtt_bridge_permit_join","device":{"hw_version":"EmberZNet 7.4.4 [GA]","identifiers":["zigbee2mqtt_bridge_0x6c5cb1fffe9940a9"],"manufacturer":"Zigbee2MQTT","model":"Bridge","name":"Zigbee2MQTT Bridge","sw_version":"2.7.2"},"icon":"mdi:human-greeting-proximity","name":"Permit join","object_id":"zigbee2mqtt_bridge_permit_join","origin":{"name":"Zigbee2MQTT","sw":"2.7.2","url":"https://www.zigbee2mqtt.io"},"payload_off":"{\"time\": 0}","payload_on":"{\"time\": 254}","state_off":"false","state_on":"true","state_topic":"zigbee2mqtt/bridge/info","unique_id":"bridge_0x6c5cb1fffe9940a9_permit_join_zigbee2mqtt","value_template":"{{ value_json.permit_join | lower }}"}'
[2026-02-02 21:59:20] debug: 	z2m:mqtt: Received MQTT message on 'homeassistant/switch/0xa4c138247a1a948b/switch/config' with data '{"availability":[{"topic":"zigbee2mqtt/bridge/state","value_template":"{{ value_json.state }}"}],"command_topic":"zigbee2mqtt/Tuya Connected Outlet/set","default_entity_id":"switch.tuya_connected_outlet","device":{"hw_version":0,"identifiers":["zigbee2mqtt_0xa4c138247a1a948b"],"manufacturer":"Tuya","model":"Smart plug (with power monitoring by polling)","model_id":"TS011F_plug_3","name":"Tuya Connected Outlet","sw_version":"1.0.5\u0000","via_device":"zigbee2mqtt_bridge_0x6c5cb1fffe9940a9"},"name":null,"object_id":"tuya_connected_outlet","origin":{"name":"Zigbee2MQTT","sw":"2.7.2","url":"https://www.zigbee2mqtt.io"},"payload_off":"OFF","payload_on":"ON","state_topic":"zigbee2mqtt/Tuya Connected Outlet","unique_id":"0xa4c138247a1a948b_switch_zigbee2mqtt","value_template":"{{ value_json.state }}"}'
[2026-02-02 21:59:20] debug: 	z2m:mqtt: Received MQTT message on 'homeassistant/switch/0xa4c138247a1a948b/switch_child_lock/config' with data '{"availability":[{"topic":"zigbee2mqtt/bridge/state","value_template":"{{ value_json.state }}"}],"command_topic":"zigbee2mqtt/Tuya Connected Outlet/set/child_lock","default_entity_id":"switch.tuya_connected_outlet_child_lock","device":{"hw_version":0,"identifiers":["zigbee2mqtt_0xa4c138247a1a948b"],"manufacturer":"Tuya","model":"Smart plug (with power monitoring by polling)","model_id":"TS011F_plug_3","name":"Tuya Connected Outlet","sw_version":"1.0.5\u0000","via_device":"zigbee2mqtt_bridge_0x6c5cb1fffe9940a9"},"entity_category":"config","icon":"mdi:account-lock","name":"Child lock","object_id":"tuya_connected_outlet_child_lock","origin":{"name":"Zigbee2MQTT","sw":"2.7.2","url":"https://www.zigbee2mqtt.io"},"payload_off":"UNLOCK","payload_on":"LOCK","state_topic":"zigbee2mqtt/Tuya Connected Outlet","unique_id":"0xa4c138247a1a948b_switch_child_lock_zigbee2mqtt","value_template":"{{ value_json.child_lock }}"}'
[2026-02-02 21:59:20] debug: 	z2m:mqtt: Received MQTT message on 'homeassistant/device_automation/0x30fb10fffe4c12d6/action_on/config' with data '{"automation_type":"trigger","device":{"identifiers":["zigbee2mqtt_0x30fb10fffe4c12d6"],"manufacturer":"IKEA","model":"STYRBAR remote control (E2001/E2002)","name":"IKEA Tradfri Switch 1","sw_version":"2.4.5","via_device":"zigbee2mqtt_bridge_0x6c5cb1fffe9940a9"},"origin":{"name":"Zigbee2MQTT","sw":"1.40.2","url":"https://www.zigbee2mqtt.io"},"payload":"on","subtype":"on","topic":"zigbee2mqtt/IKEA Tradfri Switch 1/action","type":"action"}'
[2026-02-02 21:59:20] debug: 	z2m:mqtt: Received MQTT message on 'homeassistant/device_automation/0x30fb10fffe4c12d6/action_off/config' with data '{"automation_type":"trigger","device":{"identifiers":["zigbee2mqtt_0x30fb10fffe4c12d6"],"manufacturer":"IKEA","model":"STYRBAR remote control (E2001/E2002)","name":"IKEA Tradfri Switch 1","sw_version":"2.4.5","via_device":"zigbee2mqtt_bridge_0x6c5cb1fffe9940a9"},"origin":{"name":"Zigbee2MQTT","sw":"1.40.2","url":"https://www.zigbee2mqtt.io"},"payload":"off","subtype":"off","topic":"zigbee2mqtt/IKEA Tradfri Switch 1/action","type":"action"}'
[2026-02-02 21:59:20] debug: 	z2m:mqtt: Received MQTT message on 'homeassistant/device_automation/0x30fb10fffe4c12d6/action_arrow_left_click/config' with data '{"automation_type":"trigger","device":{"identifiers":["zigbee2mqtt_0x30fb10fffe4c12d6"],"manufacturer":"IKEA","model":"STYRBAR remote control (E2001/E2002)","name":"IKEA Tradfri Switch 1","sw_version":"2.4.5","via_device":"zigbee2mqtt_bridge_0x6c5cb1fffe9940a9"},"origin":{"name":"Zigbee2MQTT","sw":"1.40.2","url":"https://www.zigbee2mqtt.io"},"payload":"arrow_left_click","subtype":"arrow_left_click","topic":"zigbee2mqtt/IKEA Tradfri Switch 1/action","type":"action"}'
[2026-02-02 21:59:20] debug: 	z2m:mqtt: Received MQTT message on 'homeassistant/device_automation/0x30fb10fffe4c12d6/action_arrow_right_click/config' with data '{"automation_type":"trigger","device":{"identifiers":["zigbee2mqtt_0x30fb10fffe4c12d6"],"manufacturer":"IKEA","model":"STYRBAR remote control (E2001/E2002)","name":"IKEA Tradfri Switch 1","sw_version":"2.4.5","via_device":"zigbee2mqtt_bridge_0x6c5cb1fffe9940a9"},"origin":{"name":"Zigbee2MQTT","sw":"1.40.2","url":"https://www.zigbee2mqtt.io"},"payload":"arrow_right_click","subtype":"arrow_right_click","topic":"zigbee2mqtt/IKEA Tradfri Switch 1/action","type":"action"}'
[2026-02-02 21:59:20] debug: 	z2m:mqtt: Received MQTT message on 'homeassistant/device_automation/0x30fb10fffe4c12d6/action_brightness_move_down/config' with data '{"automation_type":"trigger","device":{"identifiers":["zigbee2mqtt_0x30fb10fffe4c12d6"],"manufacturer":"IKEA","model":"STYRBAR remote control (E2001/E2002)","name":"IKEA Tradfri Switch 1","sw_version":"2.4.16","via_device":"zigbee2mqtt_bridge_0x6c5cb1fffe9940a9"},"origin":{"name":"Zigbee2MQTT","sw":"1.40.2","url":"https://www.zigbee2mqtt.io"},"payload":"brightness_move_down","subtype":"brightness_move_down","topic":"zigbee2mqtt/IKEA Tradfri Switch 1/action","type":"action"}'
[2026-02-02 21:59:20] debug: 	z2m:mqtt: Received MQTT message on 'homeassistant/device_automation/0x30fb10fffe4c12d6/action_brightness_stop/config' with data '{"automation_type":"trigger","device":{"identifiers":["zigbee2mqtt_0x30fb10fffe4c12d6"],"manufacturer":"IKEA","model":"STYRBAR remote control (E2001/E2002)","name":"IKEA Tradfri Switch 1","sw_version":"2.4.16","via_device":"zigbee2mqtt_bridge_0x6c5cb1fffe9940a9"},"origin":{"name":"Zigbee2MQTT","sw":"1.40.2","url":"https://www.zigbee2mqtt.io"},"payload":"brightness_stop","subtype":"brightness_stop","topic":"zigbee2mqtt/IKEA Tradfri Switch 1/action","type":"action"}'
[2026-02-02 21:59:20] debug: 	z2m:mqtt: Received MQTT message on 'homeassistant/device_automation/0x30fb10fffe4c12d6/action_arrow_right_hold/config' with data '{"automation_type":"trigger","device":{"identifiers":["zigbee2mqtt_0x30fb10fffe4c12d6"],"manufacturer":"IKEA","model":"STYRBAR remote control (E2001/E2002)","name":"IKEA Tradfri Switch 1","sw_version":"2.4.16","via_device":"zigbee2mqtt_bridge_0x6c5cb1fffe9940a9"},"origin":{"name":"Zigbee2MQTT","sw":"1.40.2","url":"https://www.zigbee2mqtt.io"},"payload":"arrow_right_hold","subtype":"arrow_right_hold","topic":"zigbee2mqtt/IKEA Tradfri Switch 1/action","type":"action"}'
[2026-02-02 21:59:20] debug: 	z2m:mqtt: Received MQTT message on 'homeassistant/device_automation/0x30fb10fffe4c12d6/action_arrow_right_release/config' with data '{"automation_type":"trigger","device":{"identifiers":["zigbee2mqtt_0x30fb10fffe4c12d6"],"manufacturer":"IKEA","model":"STYRBAR remote control (E2001/E2002)","name":"IKEA Tradfri Switch 1","sw_version":"2.4.16","via_device":"zigbee2mqtt_bridge_0x6c5cb1fffe9940a9"},"origin":{"name":"Zigbee2MQTT","sw":"1.40.2","url":"https://www.zigbee2mqtt.io"},"payload":"arrow_right_release","subtype":"arrow_right_release","topic":"zigbee2mqtt/IKEA Tradfri Switch 1/action","type":"action"}'
[2026-02-02 21:59:21] debug: 	z2m:mqtt: Received MQTT message on 'homeassistant/device_automation/0x30fb10fffe4c12d6/action_brightness_move_up/config' with data '{"automation_type":"trigger","device":{"identifiers":["zigbee2mqtt_0x30fb10fffe4c12d6"],"manufacturer":"IKEA","model":"STYRBAR remote control (E2001/E2002)","name":"IKEA Tradfri Switch 1","sw_version":"2.4.16","via_device":"zigbee2mqtt_bridge_0x6c5cb1fffe9940a9"},"origin":{"name":"Zigbee2MQTT","sw":"1.40.2","url":"https://www.zigbee2mqtt.io"},"payload":"brightness_move_up","subtype":"brightness_move_up","topic":"zigbee2mqtt/IKEA Tradfri Switch 1/action","type":"action"}'
[2026-02-02 21:59:21] debug: 	z2m:mqtt: Received MQTT message on 'homeassistant/device_automation/0x30fb10fffe4c12d6/action_arrow_left_hold/config' with data '{"automation_type":"trigger","device":{"identifiers":["zigbee2mqtt_0x30fb10fffe4c12d6"],"manufacturer":"IKEA","model":"STYRBAR remote control (E2001/E2002)","name":"IKEA Tradfri Switch 1","sw_version":"2.4.16","via_device":"zigbee2mqtt_bridge_0x6c5cb1fffe9940a9"},"origin":{"name":"Zigbee2MQTT","sw":"1.41.0","url":"https://www.zigbee2mqtt.io"},"payload":"arrow_left_hold","subtype":"arrow_left_hold","topic":"zigbee2mqtt/IKEA Tradfri Switch 1/action","type":"action"}'
[2026-02-02 21:59:21] debug: 	z2m:mqtt: Received MQTT message on 'homeassistant/device_automation/0x30fb10fffe4c12d6/action_arrow_left_release/config' with data '{"automation_type":"trigger","device":{"identifiers":["zigbee2mqtt_0x30fb10fffe4c12d6"],"manufacturer":"IKEA","model":"STYRBAR remote control (E2001/E2002)","name":"IKEA Tradfri Switch 1","sw_version":"2.4.16","via_device":"zigbee2mqtt_bridge_0x6c5cb1fffe9940a9"},"origin":{"name":"Zigbee2MQTT","sw":"1.41.0","url":"https://www.zigbee2mqtt.io"},"payload":"arrow_left_release","subtype":"arrow_left_release","topic":"zigbee2mqtt/IKEA Tradfri Switch 1/action","type":"action"}'
[2026-02-02 21:59:21] debug: 	z2m:mqtt: Received MQTT message on 'homeassistant/device_automation/0x30fb10fffe4c1e7d/action_arrow_left_click/config' with data '{"automation_type":"trigger","device":{"identifiers":["zigbee2mqtt_0x30fb10fffe4c1e7d"],"manufacturer":"IKEA","model":"STYRBAR remote control (E2001/E2002)","name":"IKEA Tradfri Switch 2","sw_version":"2.4.16","via_device":"zigbee2mqtt_bridge_0x6c5cb1fffe9940a9"},"origin":{"name":"Zigbee2MQTT","sw":"1.40.2","url":"https://www.zigbee2mqtt.io"},"payload":"arrow_left_click","subtype":"arrow_left_click","topic":"zigbee2mqtt/IKEA Tradfri Switch 2/action","type":"action"}'
[2026-02-02 21:59:21] debug: 	z2m:mqtt: Received MQTT message on 'homeassistant/device_automation/0x30fb10fffe4c1e7d/action_arrow_right_click/config' with data '{"automation_type":"trigger","device":{"identifiers":["zigbee2mqtt_0x30fb10fffe4c1e7d"],"manufacturer":"IKEA","model":"STYRBAR remote control (E2001/E2002)","name":"IKEA Tradfri Switch 2","sw_version":"2.4.16","via_device":"zigbee2mqtt_bridge_0x6c5cb1fffe9940a9"},"origin":{"name":"Zigbee2MQTT","sw":"1.40.2","url":"https://www.zigbee2mqtt.io"},"payload":"arrow_right_click","subtype":"arrow_right_click","topic":"zigbee2mqtt/IKEA Tradfri Switch 2/action","type":"action"}'
[2026-02-02 21:59:21] debug: 	z2m:mqtt: Received MQTT message on 'homeassistant/device_automation/0x30fb10fffe4c1e7d/action_off/config' with data '{"automation_type":"trigger","device":{"identifiers":["zigbee2mqtt_0x30fb10fffe4c1e7d"],"manufacturer":"IKEA","model":"STYRBAR remote control (E2001/E2002)","name":"IKEA Tradfri Switch 2","sw_version":"2.4.16","via_device":"zigbee2mqtt_bridge_0x6c5cb1fffe9940a9"},"origin":{"name":"Zigbee2MQTT","sw":"1.40.2","url":"https://www.zigbee2mqtt.io"},"payload":"off","subtype":"off","topic":"zigbee2mqtt/IKEA Tradfri Switch 2/action","type":"action"}'
[2026-02-02 21:59:21] debug: 	z2m:mqtt: Received MQTT message on 'homeassistant/device_automation/0x30fb10fffe4c1e7d/action_on/config' with data '{"automation_type":"trigger","device":{"identifiers":["zigbee2mqtt_0x30fb10fffe4c1e7d"],"manufacturer":"IKEA","model":"STYRBAR remote control (E2001/E2002)","name":"IKEA Tradfri Switch 2","sw_version":"2.4.16","via_device":"zigbee2mqtt_bridge_0x6c5cb1fffe9940a9"},"origin":{"name":"Zigbee2MQTT","sw":"1.40.2","url":"https://www.zigbee2mqtt.io"},"payload":"on","subtype":"on","topic":"zigbee2mqtt/IKEA Tradfri Switch 2/action","type":"action"}'
[2026-02-02 21:59:21] debug: 	z2m:mqtt: Received MQTT message on 'homeassistant/device_automation/0x30fb10fffe4c1e7d/action_brightness_move_down/config' with data '{"automation_type":"trigger","device":{"identifiers":["zigbee2mqtt_0x30fb10fffe4c1e7d"],"manufacturer":"IKEA","model":"STYRBAR remote control (E2001/E2002)","name":"IKEA Tradfri Switch 2","sw_version":"2.4.16","via_device":"zigbee2mqtt_bridge_0x6c5cb1fffe9940a9"},"origin":{"name":"Zigbee2MQTT","sw":"1.40.2","url":"https://www.zigbee2mqtt.io"},"payload":"brightness_move_down","subtype":"brightness_move_down","topic":"zigbee2mqtt/IKEA Tradfri Switch 2/action","type":"action"}'
[2026-02-02 21:59:21] debug: 	z2m:mqtt: Received MQTT message on 'homeassistant/device_automation/0x30fb10fffe4c1e7d/action_brightness_stop/config' with data '{"automation_type":"trigger","device":{"identifiers":["zigbee2mqtt_0x30fb10fffe4c1e7d"],"manufacturer":"IKEA","model":"STYRBAR remote control (E2001/E2002)","name":"IKEA Tradfri Switch 2","sw_version":"2.4.16","via_device":"zigbee2mqtt_bridge_0x6c5cb1fffe9940a9"},"origin":{"name":"Zigbee2MQTT","sw":"1.40.2","url":"https://www.zigbee2mqtt.io"},"payload":"brightness_stop","subtype":"brightness_stop","topic":"zigbee2mqtt/IKEA Tradfri Switch 2/action","type":"action"}'
[2026-02-02 21:59:21] debug: 	z2m:mqtt: Received MQTT message on 'homeassistant/device_automation/0x30fb10fffe4c1e7d/action_brightness_move_up/config' with data '{"automation_type":"trigger","device":{"identifiers":["zigbee2mqtt_0x30fb10fffe4c1e7d"],"manufacturer":"IKEA","model":"STYRBAR remote control (E2001/E2002)","name":"IKEA Tradfri Switch 2","sw_version":"2.4.16","via_device":"zigbee2mqtt_bridge_0x6c5cb1fffe9940a9"},"origin":{"name":"Zigbee2MQTT","sw":"1.40.2","url":"https://www.zigbee2mqtt.io"},"payload":"brightness_move_up","subtype":"brightness_move_up","topic":"zigbee2mqtt/IKEA Tradfri Switch 2/action","type":"action"}'
[2026-02-02 21:59:21] debug: 	z2m:mqtt: Received MQTT message on 'homeassistant/device_automation/0x30fb10fffe4c1e7d/action_arrow_left_hold/config' with data '{"automation_type":"trigger","device":{"hw_version":1,"identifiers":["zigbee2mqtt_0x30fb10fffe4c1e7d"],"manufacturer":"IKEA","model":"STYRBAR remote control","model_id":"E2001/E2002","name":"IKEA Tradfri Switch 2","sw_version":"2.4.16","via_device":"zigbee2mqtt_bridge_0x6c5cb1fffe9940a9"},"origin":{"name":"Zigbee2MQTT","sw":"2.0.0","url":"https://www.zigbee2mqtt.io"},"payload":"arrow_left_hold","subtype":"arrow_left_hold","topic":"zigbee2mqtt/IKEA Tradfri Switch 2/action","type":"action"}'
[2026-02-02 21:59:21] debug: 	z2m:mqtt: Received MQTT message on 'homeassistant/device_automation/0x30fb10fffe4c1e7d/action_arrow_left_release/config' with data '{"automation_type":"trigger","device":{"hw_version":1,"identifiers":["zigbee2mqtt_0x30fb10fffe4c1e7d"],"manufacturer":"IKEA","model":"STYRBAR remote control","model_id":"E2001/E2002","name":"IKEA Tradfri Switch 2","sw_version":"2.4.16","via_device":"zigbee2mqtt_bridge_0x6c5cb1fffe9940a9"},"origin":{"name":"Zigbee2MQTT","sw":"2.0.0","url":"https://www.zigbee2mqtt.io"},"payload":"arrow_left_release","subtype":"arrow_left_release","topic":"zigbee2mqtt/IKEA Tradfri Switch 2/action","type":"action"}'
[2026-02-02 21:59:21] debug: 	z2m:mqtt: Received MQTT message on 'homeassistant/device_automation/0x30fb10fffe4c1e7d/action_arrow_right_hold/config' with data '{"automation_type":"trigger","device":{"hw_version":1,"identifiers":["zigbee2mqtt_0x30fb10fffe4c1e7d"],"manufacturer":"IKEA","model":"STYRBAR remote control","model_id":"E2001/E2002","name":"IKEA Tradfri Switch 2","sw_version":"2.4.16","via_device":"zigbee2mqtt_bridge_0x6c5cb1fffe9940a9"},"origin":{"name":"Zigbee2MQTT","sw":"2.0.0","url":"https://www.zigbee2mqtt.io"},"payload":"arrow_right_hold","subtype":"arrow_right_hold","topic":"zigbee2mqtt/IKEA Tradfri Switch 2/action","type":"action"}'
[2026-02-02 21:59:21] debug: 	z2m:mqtt: Received MQTT message on 'homeassistant/device_automation/0x30fb10fffe4c1e7d/action_arrow_right_release/config' with data '{"automation_type":"trigger","device":{"hw_version":1,"identifiers":["zigbee2mqtt_0x30fb10fffe4c1e7d"],"manufacturer":"IKEA","model":"STYRBAR remote control","model_id":"E2001/E2002","name":"IKEA Tradfri Switch 2","sw_version":"2.4.16","via_device":"zigbee2mqtt_bridge_0x6c5cb1fffe9940a9"},"origin":{"name":"Zigbee2MQTT","sw":"2.0.0","url":"https://www.zigbee2mqtt.io"},"payload":"arrow_right_release","subtype":"arrow_right_release","topic":"zigbee2mqtt/IKEA Tradfri Switch 2/action","type":"action"}'
[2026-02-02 21:59:21] debug: 	z2m:mqtt: Received MQTT message on 'homeassistant/device_automation/0xd44867fffeff5bc8/action_off/config' with data '{"automation_type":"trigger","device":{"identifiers":["zigbee2mqtt_0xd44867fffeff5bc8"],"manufacturer":"IKEA","model":"RODRET wireless dimmer/power switch (E2201)","name":"IKEA Rodret Switch 1","sw_version":"1.0.47","via_device":"zigbee2mqtt_bridge_0x6c5cb1fffe9940a9"},"origin":{"name":"Zigbee2MQTT","sw":"1.42.0","url":"https://www.zigbee2mqtt.io"},"payload":"off","subtype":"off","topic":"zigbee2mqtt/IKEA Rodret Switch 1/action","type":"action"}'
[2026-02-02 21:59:21] debug: 	z2m:mqtt: Received MQTT message on 'homeassistant/device_automation/0xd44867fffeff5bc8/action_brightness_move_down/config' with data '{"automation_type":"trigger","device":{"identifiers":["zigbee2mqtt_0xd44867fffeff5bc8"],"manufacturer":"IKEA","model":"RODRET wireless dimmer/power switch (E2201)","name":"IKEA Rodret Switch 1","sw_version":"1.0.47","via_device":"zigbee2mqtt_bridge_0x6c5cb1fffe9940a9"},"origin":{"name":"Zigbee2MQTT","sw":"1.42.0","url":"https://www.zigbee2mqtt.io"},"payload":"brightness_move_down","subtype":"brightness_move_down","topic":"zigbee2mqtt/IKEA Rodret Switch 1/action","type":"action"}'
[2026-02-02 21:59:21] debug: 	z2m:mqtt: Received MQTT message on 'homeassistant/device_automation/0xd44867fffeff5bc8/action_brightness_stop/config' with data '{"automation_type":"trigger","device":{"identifiers":["zigbee2mqtt_0xd44867fffeff5bc8"],"manufacturer":"IKEA","model":"RODRET wireless dimmer/power switch (E2201)","name":"IKEA Rodret Switch 1","sw_version":"1.0.47","via_device":"zigbee2mqtt_bridge_0x6c5cb1fffe9940a9"},"origin":{"name":"Zigbee2MQTT","sw":"1.42.0","url":"https://www.zigbee2mqtt.io"},"payload":"brightness_stop","subtype":"brightness_stop","topic":"zigbee2mqtt/IKEA Rodret Switch 1/action","type":"action"}'
[2026-02-02 21:59:21] debug: 	z2m:mqtt: Received MQTT message on 'homeassistant/device_automation/0xd44867fffeff5bc8/action_brightness_move_up/config' with data '{"automation_type":"trigger","device":{"identifiers":["zigbee2mqtt_0xd44867fffeff5bc8"],"manufacturer":"IKEA","model":"RODRET wireless dimmer/power switch (E2201)","name":"IKEA Rodret Switch 1","sw_version":"1.0.47","via_device":"zigbee2mqtt_bridge_0x6c5cb1fffe9940a9"},"origin":{"name":"Zigbee2MQTT","sw":"1.42.0","url":"https://www.zigbee2mqtt.io"},"payload":"brightness_move_up","subtype":"brightness_move_up","topic":"zigbee2mqtt/IKEA Rodret Switch 1/action","type":"action"}'
[2026-02-02 21:59:21] debug: 	z2m:mqtt: Received MQTT message on 'homeassistant/device_automation/0xd44867fffeff5bc8/action_on/config' with data '{"automation_type":"trigger","device":{"identifiers":["zigbee2mqtt_0xd44867fffeff5bc8"],"manufacturer":"IKEA","model":"RODRET wireless dimmer/power switch (E2201)","name":"IKEA Rodret Switch 1","sw_version":"1.0.47","via_device":"zigbee2mqtt_bridge_0x6c5cb1fffe9940a9"},"origin":{"name":"Zigbee2MQTT","sw":"1.42.0","url":"https://www.zigbee2mqtt.io"},"payload":"on","subtype":"on","topic":"zigbee2mqtt/IKEA Rodret Switch 1/action","type":"action"}'
[2026-02-02 21:59:21] debug: 	z2m:mqtt: Received MQTT message on 'homeassistant/device_automation/0x8c8b48fffe18b6d8/action_brightness_move_down/config' with data '{"automation_type":"trigger","device":{"hw_version":1,"identifiers":["zigbee2mqtt_0x8c8b48fffe18b6d8"],"manufacturer":"IKEA","model":"RODRET wireless dimmer/power switch","model_id":"E2201","name":"IKEA Rodret Switch 2","sw_version":"1.0.47","via_device":"zigbee2mqtt_bridge_0x6c5cb1fffe9940a9"},"origin":{"name":"Zigbee2MQTT","sw":"2.6.0","url":"https://www.zigbee2mqtt.io"},"payload":"brightness_move_down","subtype":"brightness_move_down","topic":"zigbee2mqtt/IKEA Rodret Switch 2/action","type":"action"}'
[2026-02-02 21:59:21] debug: 	z2m:mqtt: Received MQTT message on 'homeassistant/device_automation/0x8c8b48fffe18b6d8/action_brightness_stop/config' with data '{"automation_type":"trigger","device":{"hw_version":1,"identifiers":["zigbee2mqtt_0x8c8b48fffe18b6d8"],"manufacturer":"IKEA","model":"RODRET wireless dimmer/power switch","model_id":"E2201","name":"IKEA Rodret Switch 2","sw_version":"1.0.47","via_device":"zigbee2mqtt_bridge_0x6c5cb1fffe9940a9"},"origin":{"name":"Zigbee2MQTT","sw":"2.6.0","url":"https://www.zigbee2mqtt.io"},"payload":"brightness_stop","subtype":"brightness_stop","topic":"zigbee2mqtt/IKEA Rodret Switch 2/action","type":"action"}'
[2026-02-02 21:59:21] debug: 	z2m:mqtt: Received MQTT message on 'homeassistant/device_automation/0x8c8b48fffe18b6d8/action_on/config' with data '{"automation_type":"trigger","device":{"hw_version":1,"identifiers":["zigbee2mqtt_0x8c8b48fffe18b6d8"],"manufacturer":"IKEA","model":"RODRET wireless dimmer/power switch","model_id":"E2201","name":"IKEA Rodret Switch 2","sw_version":"1.0.47","via_device":"zigbee2mqtt_bridge_0x6c5cb1fffe9940a9"},"origin":{"name":"Zigbee2MQTT","sw":"2.6.0","url":"https://www.zigbee2mqtt.io"},"payload":"on","subtype":"on","topic":"zigbee2mqtt/IKEA Rodret Switch 2/action","type":"action"}'
[2026-02-02 21:59:21] debug: 	z2m:mqtt: Received MQTT message on 'homeassistant/device_automation/0x8c8b48fffe18b6d8/action_off/config' with data '{"automation_type":"trigger","device":{"hw_version":1,"identifiers":["zigbee2mqtt_0x8c8b48fffe18b6d8"],"manufacturer":"IKEA","model":"RODRET wireless dimmer/power switch","model_id":"E2201","name":"IKEA Rodret Switch 2","sw_version":"1.0.47","via_device":"zigbee2mqtt_bridge_0x6c5cb1fffe9940a9"},"origin":{"name":"Zigbee2MQTT","sw":"2.6.0","url":"https://www.zigbee2mqtt.io"},"payload":"off","subtype":"off","topic":"zigbee2mqtt/IKEA Rodret Switch 2/action","type":"action"}'
[2026-02-02 21:59:21] debug: 	z2m:mqtt: Received MQTT message on 'homeassistant/device_automation/0x8c8b48fffe18b6d8/action_brightness_move_up/config' with data '{"automation_type":"trigger","device":{"hw_version":1,"identifiers":["zigbee2mqtt_0x8c8b48fffe18b6d8"],"manufacturer":"IKEA","model":"RODRET wireless dimmer/power switch","model_id":"E2201","name":"IKEA Rodret Switch 2","sw_version":"1.0.47","via_device":"zigbee2mqtt_bridge_0x6c5cb1fffe9940a9"},"origin":{"name":"Zigbee2MQTT","sw":"2.6.0","url":"https://www.zigbee2mqtt.io"},"payload":"brightness_move_up","subtype":"brightness_move_up","topic":"zigbee2mqtt/IKEA Rodret Switch 2/action","type":"action"}'
[2026-02-02 21:59:21] debug: 	z2m:mqtt: Received MQTT message on 'homeassistant/update/0x30fb10fffe4c12d6/update/config' with data '{"availability":[{"topic":"zigbee2mqtt/bridge/state","value_template":"{{ value_json.state }}"}],"command_topic":"zigbee2mqtt/bridge/request/device/ota_update/update","default_entity_id":"update.ikea_tradfri_switch_1","device":{"hw_version":1,"identifiers":["zigbee2mqtt_0x30fb10fffe4c12d6"],"manufacturer":"IKEA","model":"STYRBAR remote control","model_id":"E2001/E2002","name":"IKEA Tradfri Switch 1","sw_version":"2.4.16","via_device":"zigbee2mqtt_bridge_0x6c5cb1fffe9940a9"},"device_class":"firmware","entity_category":"config","entity_picture":"https://github.com/Koenkk/zigbee2mqtt/raw/master/images/logo.png","name":null,"object_id":"ikea_tradfri_switch_1","origin":{"name":"Zigbee2MQTT","sw":"2.7.2","url":"https://www.zigbee2mqtt.io"},"payload_install":"{\"id\": \"0x30fb10fffe4c12d6\"}","state_topic":"zigbee2mqtt/IKEA Tradfri Switch 1","unique_id":"0x30fb10fffe4c12d6_update_zigbee2mqtt","value_template":"{\"latest_version\":\"{{ value_json['update']['latest_version'] }}\",\"installed_version\":\"{{ value_json['update']['installed_version'] }}\",\"update_percentage\":{{ value_json['update'].get('progress', 'null') }},\"in_progress\":{{ (value_json['update']['state'] == 'updating')|lower }}}"}'
[2026-02-02 21:59:21] debug: 	z2m:mqtt: Received MQTT message on 'homeassistant/update/0x30fb10fffe4c1e7d/update/config' with data '{"availability":[{"topic":"zigbee2mqtt/bridge/state","value_template":"{{ value_json.state }}"}],"command_topic":"zigbee2mqtt/bridge/request/device/ota_update/update","default_entity_id":"update.ikea_tradfri_switch_2","device":{"hw_version":1,"identifiers":["zigbee2mqtt_0x30fb10fffe4c1e7d"],"manufacturer":"IKEA","model":"STYRBAR remote control","model_id":"E2001/E2002","name":"IKEA Tradfri Switch 2","sw_version":"2.4.16","via_device":"zigbee2mqtt_bridge_0x6c5cb1fffe9940a9"},"device_class":"firmware","entity_category":"config","entity_picture":"https://github.com/Koenkk/zigbee2mqtt/raw/master/images/logo.png","name":null,"object_id":"ikea_tradfri_switch_2","origin":{"name":"Zigbee2MQTT","sw":"2.7.2","url":"https://www.zigbee2mqtt.io"},"payload_install":"{\"id\": \"0x30fb10fffe4c1e7d\"}","state_topic":"zigbee2mqtt/IKEA Tradfri Switch 2","unique_id":"0x30fb10fffe4c1e7d_update_zigbee2mqtt","value_template":"{\"latest_version\":\"{{ value_json['update']['latest_version'] }}\",\"installed_version\":\"{{ value_json['update']['installed_version'] }}\",\"update_percentage\":{{ value_json['update'].get('progress', 'null') }},\"in_progress\":{{ (value_json['update']['state'] == 'updating')|lower }}}"}'
[2026-02-02 21:59:21] debug: 	z2m:mqtt: Received MQTT message on 'homeassistant/update/0x842712fffedb8ddb/update/config' with data '{"availability":[{"topic":"zigbee2mqtt/bridge/state","value_template":"{{ value_json.state }}"}],"command_topic":"zigbee2mqtt/bridge/request/device/ota_update/update","default_entity_id":"update.ikea_tradfri_mittled_driver","device":{"hw_version":1,"identifiers":["zigbee2mqtt_0x842712fffedb8ddb"],"manufacturer":"IKEA","model":"TRADFRI LED driver, 30 w","model_id":"ICPSHC24-30EU-IL-1/ICPSHC24-10EU-IL-2","name":"IKEA Tradfri Mittled Driver","sw_version":"1.0.4","via_device":"zigbee2mqtt_bridge_0x6c5cb1fffe9940a9"},"device_class":"firmware","entity_category":"config","entity_picture":"https://github.com/Koenkk/zigbee2mqtt/raw/master/images/logo.png","name":null,"object_id":"ikea_tradfri_mittled_driver","origin":{"name":"Zigbee2MQTT","sw":"2.7.2","url":"https://www.zigbee2mqtt.io"},"payload_install":"{\"id\": \"0x842712fffedb8ddb\"}","state_topic":"zigbee2mqtt/IKEA Tradfri Mittled Driver","unique_id":"0x842712fffedb8ddb_update_zigbee2mqtt","value_template":"{\"latest_version\":\"{{ value_json['update']['latest_version'] }}\",\"installed_version\":\"{{ value_json['update']['installed_version'] }}\",\"update_percentage\":{{ value_json['update'].get('progress', 'null') }},\"in_progress\":{{ (value_json['update']['state'] == 'updating')|lower }}}"}'
[2026-02-02 21:59:21] debug: 	z2m:mqtt: Received MQTT message on 'homeassistant/update/0xa4c138247a1a948b/update/config' with data '{"availability":[{"topic":"zigbee2mqtt/bridge/state","value_template":"{{ value_json.state }}"}],"command_topic":"zigbee2mqtt/bridge/request/device/ota_update/update","default_entity_id":"update.tuya_connected_outlet","device":{"hw_version":0,"identifiers":["zigbee2mqtt_0xa4c138247a1a948b"],"manufacturer":"Tuya","model":"Smart plug (with power monitoring by polling)","model_id":"TS011F_plug_3","name":"Tuya Connected Outlet","sw_version":"1.0.5\u0000","via_device":"zigbee2mqtt_bridge_0x6c5cb1fffe9940a9"},"device_class":"firmware","entity_category":"config","entity_picture":"https://github.com/Koenkk/zigbee2mqtt/raw/master/images/logo.png","name":null,"object_id":"tuya_connected_outlet","origin":{"name":"Zigbee2MQTT","sw":"2.7.2","url":"https://www.zigbee2mqtt.io"},"payload_install":"{\"id\": \"0xa4c138247a1a948b\"}","state_topic":"zigbee2mqtt/Tuya Connected Outlet","unique_id":"0xa4c138247a1a948b_update_zigbee2mqtt","value_template":"{\"latest_version\":\"{{ value_json['update']['latest_version'] }}\",\"installed_version\":\"{{ value_json['update']['installed_version'] }}\",\"update_percentage\":{{ value_json['update'].get('progress', 'null') }},\"in_progress\":{{ (value_json['update']['state'] == 'updating')|lower }}}"}'
[2026-02-02 21:59:21] debug: 	z2m:mqtt: Received MQTT message on 'homeassistant/update/0xd44867fffeff5bc8/update/config' with data '{"availability":[{"topic":"zigbee2mqtt/bridge/state","value_template":"{{ value_json.state }}"}],"command_topic":"zigbee2mqtt/bridge/request/device/ota_update/update","default_entity_id":"update.ikea_rodret_switch_1","device":{"hw_version":1,"identifiers":["zigbee2mqtt_0xd44867fffeff5bc8"],"manufacturer":"IKEA","model":"RODRET wireless dimmer/power switch","model_id":"E2201","name":"IKEA Rodret Switch 1","sw_version":"1.0.47","via_device":"zigbee2mqtt_bridge_0x6c5cb1fffe9940a9"},"device_class":"firmware","entity_category":"config","entity_picture":"https://github.com/Koenkk/zigbee2mqtt/raw/master/images/logo.png","name":null,"object_id":"ikea_rodret_switch_1","origin":{"name":"Zigbee2MQTT","sw":"2.7.2","url":"https://www.zigbee2mqtt.io"},"payload_install":"{\"id\": \"0xd44867fffeff5bc8\"}","state_topic":"zigbee2mqtt/IKEA Rodret Switch 1","unique_id":"0xd44867fffeff5bc8_update_zigbee2mqtt","value_template":"{\"latest_version\":\"{{ value_json['update']['latest_version'] }}\",\"installed_version\":\"{{ value_json['update']['installed_version'] }}\",\"update_percentage\":{{ value_json['update'].get('progress', 'null') }},\"in_progress\":{{ (value_json['update']['state'] == 'updating')|lower }}}"}'
[2026-02-02 21:59:21] debug: 	z2m:mqtt: Received MQTT message on 'homeassistant/update/0x6cfd22fffe610d7c/update/config' with data '{"availability":[{"topic":"zigbee2mqtt/bridge/state","value_template":"{{ value_json.state }}"}],"command_topic":"zigbee2mqtt/bridge/request/device/ota_update/update","default_entity_id":"update.ikea_vallhorn_detector_1","device":{"hw_version":1,"identifiers":["zigbee2mqtt_0x6cfd22fffe610d7c"],"manufacturer":"IKEA","model":"VALLHORN wireless motion sensor","model_id":"E2134","name":"IKEA Vallhorn Detector 1","sw_version":"1.0.64","via_device":"zigbee2mqtt_bridge_0x6c5cb1fffe9940a9"},"device_class":"firmware","entity_category":"config","entity_picture":"https://github.com/Koenkk/zigbee2mqtt/raw/master/images/logo.png","name":null,"object_id":"ikea_vallhorn_detector_1","origin":{"name":"Zigbee2MQTT","sw":"2.7.2","url":"https://www.zigbee2mqtt.io"},"payload_install":"{\"id\": \"0x6cfd22fffe610d7c\"}","state_topic":"zigbee2mqtt/IKEA Vallhorn Detector 1","unique_id":"0x6cfd22fffe610d7c_update_zigbee2mqtt","value_template":"{\"latest_version\":\"{{ value_json['update']['latest_version'] }}\",\"installed_version\":\"{{ value_json['update']['installed_version'] }}\",\"update_percentage\":{{ value_json['update'].get('progress', 'null') }},\"in_progress\":{{ (value_json['update']['state'] == 'updating')|lower }}}"}'
[2026-02-02 21:59:21] debug: 	z2m:mqtt: Received MQTT message on 'homeassistant/update/0x8c8b48fffe18b6d8/update/config' with data '{"availability":[{"topic":"zigbee2mqtt/bridge/state","value_template":"{{ value_json.state }}"}],"command_topic":"zigbee2mqtt/bridge/request/device/ota_update/update","default_entity_id":"update.ikea_rodret_switch_2","device":{"hw_version":1,"identifiers":["zigbee2mqtt_0x8c8b48fffe18b6d8"],"manufacturer":"IKEA","model":"RODRET wireless dimmer/power switch","model_id":"E2201","name":"IKEA Rodret Switch 2","sw_version":"1.0.47","via_device":"zigbee2mqtt_bridge_0x6c5cb1fffe9940a9"},"device_class":"firmware","entity_category":"config","entity_picture":"https://github.com/Koenkk/zigbee2mqtt/raw/master/images/logo.png","name":null,"object_id":"ikea_rodret_switch_2","origin":{"name":"Zigbee2MQTT","sw":"2.7.2","url":"https://www.zigbee2mqtt.io"},"payload_install":"{\"id\": \"0x8c8b48fffe18b6d8\"}","state_topic":"zigbee2mqtt/IKEA Rodret Switch 2","unique_id":"0x8c8b48fffe18b6d8_update_zigbee2mqtt","value_template":"{\"latest_version\":\"{{ value_json['update']['latest_version'] }}\",\"installed_version\":\"{{ value_json['update']['installed_version'] }}\",\"update_percentage\":{{ value_json['update'].get('progress', 'null') }},\"in_progress\":{{ (value_json['update']['state'] == 'updating')|lower }}}"}'
[2026-02-02 21:59:21] debug: 	z2m:mqtt: Received MQTT message on 'homeassistant/light/0x842712fffedb8ddb/light/config' with data '{"availability":[{"topic":"zigbee2mqtt/bridge/state","value_template":"{{ value_json.state }}"}],"brightness":true,"brightness_scale":254,"command_topic":"zigbee2mqtt/IKEA Tradfri Mittled Driver/set","default_entity_id":"light.ikea_tradfri_mittled_driver","device":{"hw_version":1,"identifiers":["zigbee2mqtt_0x842712fffedb8ddb"],"manufacturer":"IKEA","model":"TRADFRI LED driver, 30 w","model_id":"ICPSHC24-30EU-IL-1/ICPSHC24-10EU-IL-2","name":"IKEA Tradfri Mittled Driver","sw_version":"1.0.4","via_device":"zigbee2mqtt_bridge_0x6c5cb1fffe9940a9"},"effect":true,"effect_list":["blink","breathe","okay","channel_change","finish_effect","stop_effect"],"name":null,"object_id":"ikea_tradfri_mittled_driver","origin":{"name":"Zigbee2MQTT","sw":"2.7.2","url":"https://www.zigbee2mqtt.io"},"schema":"json","state_topic":"zigbee2mqtt/IKEA Tradfri Mittled Driver","supported_color_modes":["brightness"],"unique_id":"0x842712fffedb8ddb_light_zigbee2mqtt"}'
[2026-02-02 21:59:21] debug: 	z2m:mqtt: Received MQTT message on 'homeassistant/number/0xa4c138247a1a948b/countdown/config' with data '{"availability":[{"topic":"zigbee2mqtt/bridge/state","value_template":"{{ value_json.state }}"}],"command_topic":"zigbee2mqtt/Tuya Connected Outlet/set/countdown","default_entity_id":"number.tuya_connected_outlet_countdown","device":{"hw_version":0,"identifiers":["zigbee2mqtt_0xa4c138247a1a948b"],"manufacturer":"Tuya","model":"Smart plug (with power monitoring by polling)","model_id":"TS011F_plug_3","name":"Tuya Connected Outlet","sw_version":"1.0.5\u0000","via_device":"zigbee2mqtt_bridge_0x6c5cb1fffe9940a9"},"max":43200,"min":0,"name":"Countdown","object_id":"tuya_connected_outlet_countdown","origin":{"name":"Zigbee2MQTT","sw":"2.7.2","url":"https://www.zigbee2mqtt.io"},"state_topic":"zigbee2mqtt/Tuya Connected Outlet","step":1,"unique_id":"0xa4c138247a1a948b_countdown_zigbee2mqtt","unit_of_measurement":"s","value_template":"{{ value_json.countdown }}"}'
[2026-02-02 21:59:21] debug: 	zh:ember:uart:ash: <--- [FRAME type=DATA]
[2026-02-02 21:59:21] debug: 	zh:ember:uart:ash: <--- [FRAME type=DATA ackNum=2](ackRx=2 frmTx=2)
[2026-02-02 21:59:21] debug: 	zh:ember:uart:ash: <--- [FRAME type=DATA ackNum=2 frmNum=6](frmRx=6) Added to rxQueue
[2026-02-02 21:59:21] debug: 	zh:ember:uart:ash: ---> [FRAME type=ACK frmRx=7](ackRx=2)
[2026-02-02 21:59:21] debug: 	zh:ember:ezsp: <=== [CBFRAME: ID=63:"MESSAGE_SENT_HANDLER" Seq=33 Len=22]
[2026-02-02 21:59:21] debug: 	zh:ember:ezsp: ezspMessageSentHandler: status=OK type=BROADCAST indexOrDestination=65533 apsFrame={"profileId":0,"clusterId":0,"sourceEndpoint":0,"destinationEndpoint":0,"options":1024,"groupId":0,"sequence":88} messageTag=255
[2026-02-02 21:59:23] debug: 	zh:ember:uart:ash: <--- [FRAME type=DATA]
[2026-02-02 21:59:23] debug: 	zh:ember:uart:ash: <--- [FRAME type=DATA ackNum=2](ackRx=2 frmTx=2)
[2026-02-02 21:59:23] debug: 	zh:ember:uart:ash: <--- [FRAME type=DATA ackNum=2 frmNum=7](frmRx=7) Added to rxQueue
[2026-02-02 21:59:23] debug: 	zh:ember:uart:ash: ---> [FRAME type=ACK frmRx=0](ackRx=2)
[2026-02-02 21:59:23] debug: 	zh:ember:ezsp: <=== [CBFRAME: ID=63:"MESSAGE_SENT_HANDLER" Seq=33 Len=22]
[2026-02-02 21:59:23] debug: 	zh:ember:ezsp: ezspMessageSentHandler: status=OK type=BROADCAST indexOrDestination=65533 apsFrame={"profileId":0,"clusterId":0,"sourceEndpoint":0,"destinationEndpoint":0,"options":1024,"groupId":0,"sequence":89} messageTag=255
[2026-02-02 21:59:25] debug: 	zh:ember:uart:ash: <--- [FRAME type=DATA]
[2026-02-02 21:59:25] debug: 	zh:ember:uart:ash: <--- [FRAME type=DATA ackNum=2](ackRx=2 frmTx=2)
[2026-02-02 21:59:25] debug: 	zh:ember:uart:ash: <--- [FRAME type=DATA ackNum=2 frmNum=0](frmRx=0) Added to rxQueue
[2026-02-02 21:59:25] debug: 	zh:ember:uart:ash: ---> [FRAME type=ACK frmRx=1](ackRx=2)
[2026-02-02 21:59:25] debug: 	zh:ember:ezsp: <=== [CBFRAME: ID=128:"INCOMING_ROUTE_ERROR_HANDLER" Seq=33 Len=8]
[2026-02-02 21:59:25] debug: 	zh:ember:ezsp: ezspIncomingRouteErrorHandler: status=MAC_UNKNOWN_HEADER_TYPE target=42637
[2026-02-02 21:59:25] debug: 	z2m: Discovering entities to Home Assistant
[2026-02-02 21:59:25] info: 	z2m:mqtt: MQTT publish: topic 'homeassistant/binary_sensor/1221051039810110150109113116116_0x6c5cb1fffe9940a9/connection_state/config', payload '{"default_entity_id":"binary_sensor.zigbee2mqtt_bridge_connection_state","device":{"hw_version":"EmberZNet 7.4.4 [GA]","identifiers":["zigbee2mqtt_bridge_0x6c5cb1fffe9940a9"],"manufacturer":"Zigbee2MQTT","model":"Bridge","name":"Zigbee2MQTT Bridge","sw_version":"2.7.2"},"device_class":"connectivity","entity_category":"diagnostic","name":"Connection state","object_id":"zigbee2mqtt_bridge_connection_state","origin":{"name":"Zigbee2MQTT","sw":"2.7.2","url":"https://www.zigbee2mqtt.io"},"payload_off":"offline","payload_on":"online","state_topic":"zigbee2mqtt/bridge/state","unique_id":"bridge_0x6c5cb1fffe9940a9_connection_state_zigbee2mqtt","value_template":"{{ value_json.state }}"}'
[2026-02-02 21:59:25] debug: 	z2m: Skipping discovery of 'binary_sensor/1221051039810110150109113116116_0x6c5cb1fffe9940a9/restart_required/config', already discovered
[2026-02-02 21:59:25] debug: 	z2m: Skipping discovery of 'button/1221051039810110150109113116116_0x6c5cb1fffe9940a9/restart/config', already discovered
[2026-02-02 21:59:25] debug: 	z2m: Skipping discovery of 'select/1221051039810110150109113116116_0x6c5cb1fffe9940a9/log_level/config', already discovered
[2026-02-02 21:59:25] debug: 	z2m: Skipping discovery of 'sensor/1221051039810110150109113116116_0x6c5cb1fffe9940a9/version/config', already discovered
[2026-02-02 21:59:25] debug: 	z2m: Skipping discovery of 'sensor/1221051039810110150109113116116_0x6c5cb1fffe9940a9/coordinator_version/config', already discovered
[2026-02-02 21:59:25] debug: 	z2m: Skipping discovery of 'sensor/1221051039810110150109113116116_0x6c5cb1fffe9940a9/network_map/config', already discovered
[2026-02-02 21:59:25] debug: 	z2m: Skipping discovery of 'switch/1221051039810110150109113116116_0x6c5cb1fffe9940a9/permit_join/config', already discovered
[2026-02-02 21:59:25] debug: 	z2m: Skipping discovery of 'button/0x30fb10fffe4c12d6/identify/config', already discovered
[2026-02-02 21:59:25] debug: 	z2m: Skipping discovery of 'sensor/0x30fb10fffe4c12d6/battery/config', already discovered
[2026-02-02 21:59:25] debug: 	z2m: Skipping discovery of 'sensor/0x30fb10fffe4c12d6/linkquality/config', already discovered
[2026-02-02 21:59:25] debug: 	z2m: Skipping discovery of 'update/0x30fb10fffe4c12d6/update/config', already discovered
[2026-02-02 21:59:25] debug: 	z2m: Skipping discovery of 'button/0x30fb10fffe4c1e7d/identify/config', already discovered
[2026-02-02 21:59:25] debug: 	z2m: Skipping discovery of 'sensor/0x30fb10fffe4c1e7d/battery/config', already discovered
[2026-02-02 21:59:25] debug: 	z2m: Skipping discovery of 'sensor/0x30fb10fffe4c1e7d/linkquality/config', already discovered
[2026-02-02 21:59:25] debug: 	z2m: Skipping discovery of 'update/0x30fb10fffe4c1e7d/update/config', already discovered
[2026-02-02 21:59:25] debug: 	z2m: Skipping discovery of 'light/0x842712fffedb8ddb/light/config', already discovered
[2026-02-02 21:59:25] debug: 	z2m: Skipping discovery of 'select/0x842712fffedb8ddb/effect/config', already discovered
[2026-02-02 21:59:25] debug: 	z2m: Skipping discovery of 'select/0x842712fffedb8ddb/power_on_behavior/config', already discovered
[2026-02-02 21:59:25] debug: 	z2m: Skipping discovery of 'button/0x842712fffedb8ddb/identify/config', already discovered
[2026-02-02 21:59:25] debug: 	z2m: Skipping discovery of 'sensor/0x842712fffedb8ddb/linkquality/config', already discovered
[2026-02-02 21:59:25] debug: 	z2m: Skipping discovery of 'update/0x842712fffedb8ddb/update/config', already discovered
[2026-02-02 21:59:25] debug: 	z2m: Skipping discovery of 'switch/0xa4c138247a1a948b/switch/config', already discovered
[2026-02-02 21:59:25] debug: 	z2m: Skipping discovery of 'number/0xa4c138247a1a948b/countdown/config', already discovered
[2026-02-02 21:59:25] debug: 	z2m: Skipping discovery of 'select/0xa4c138247a1a948b/power_outage_memory/config', already discovered
[2026-02-02 21:59:25] debug: 	z2m: Skipping discovery of 'select/0xa4c138247a1a948b/indicator_mode/config', already discovered
[2026-02-02 21:59:25] debug: 	z2m: Skipping discovery of 'sensor/0xa4c138247a1a948b/power/config', already discovered
[2026-02-02 21:59:25] debug: 	z2m: Skipping discovery of 'sensor/0xa4c138247a1a948b/current/config', already discovered
[2026-02-02 21:59:25] debug: 	z2m: Skipping discovery of 'sensor/0xa4c138247a1a948b/voltage/config', already discovered
[2026-02-02 21:59:25] debug: 	z2m: Skipping discovery of 'sensor/0xa4c138247a1a948b/energy/config', already discovered
[2026-02-02 21:59:25] debug: 	z2m: Skipping discovery of 'switch/0xa4c138247a1a948b/switch_child_lock/config', already discovered
[2026-02-02 21:59:25] debug: 	z2m: Skipping discovery of 'sensor/0xa4c138247a1a948b/linkquality/config', already discovered
[2026-02-02 21:59:25] debug: 	z2m: Skipping discovery of 'update/0xa4c138247a1a948b/update/config', already discovered
[2026-02-02 21:59:25] debug: 	z2m: Skipping discovery of 'button/0xd44867fffeff5bc8/identify/config', already discovered
[2026-02-02 21:59:25] debug: 	z2m: Skipping discovery of 'sensor/0xd44867fffeff5bc8/battery/config', already discovered
[2026-02-02 21:59:25] debug: 	z2m: Skipping discovery of 'sensor/0xd44867fffeff5bc8/voltage/config', already discovered
[2026-02-02 21:59:25] debug: 	z2m: Skipping discovery of 'sensor/0xd44867fffeff5bc8/linkquality/config', already discovered
[2026-02-02 21:59:25] debug: 	z2m: Skipping discovery of 'update/0xd44867fffeff5bc8/update/config', already discovered
[2026-02-02 21:59:25] debug: 	z2m: Skipping discovery of 'binary_sensor/0x6cfd22fffe610d7c/occupancy/config', already discovered
[2026-02-02 21:59:25] debug: 	z2m: Skipping discovery of 'sensor/0x6cfd22fffe610d7c/illuminance/config', already discovered
[2026-02-02 21:59:25] debug: 	z2m: Skipping discovery of 'button/0x6cfd22fffe610d7c/identify/config', already discovered
[2026-02-02 21:59:25] debug: 	z2m: Skipping discovery of 'sensor/0x6cfd22fffe610d7c/battery/config', already discovered
[2026-02-02 21:59:25] debug: 	z2m: Skipping discovery of 'sensor/0x6cfd22fffe610d7c/voltage/config', already discovered
[2026-02-02 21:59:25] debug: 	z2m: Skipping discovery of 'sensor/0x6cfd22fffe610d7c/linkquality/config', already discovered
[2026-02-02 21:59:25] debug: 	z2m: Skipping discovery of 'update/0x6cfd22fffe610d7c/update/config', already discovered
[2026-02-02 21:59:25] debug: 	z2m: Skipping discovery of 'button/0x8c8b48fffe18b6d8/identify/config', already discovered
[2026-02-02 21:59:25] debug: 	z2m: Skipping discovery of 'sensor/0x8c8b48fffe18b6d8/battery/config', already discovered
[2026-02-02 21:59:25] debug: 	z2m: Skipping discovery of 'sensor/0x8c8b48fffe18b6d8/voltage/config', already discovered
[2026-02-02 21:59:25] debug: 	z2m: Skipping discovery of 'sensor/0x8c8b48fffe18b6d8/linkquality/config', already discovered
[2026-02-02 21:59:25] debug: 	z2m: Skipping discovery of 'update/0x8c8b48fffe18b6d8/update/config', already discovered
[2026-02-02 21:59:26] debug: 	zh:ember:uart:ash: <--- [FRAME type=DATA]
[2026-02-02 21:59:26] debug: 	zh:ember:uart:ash: <--- [FRAME type=DATA ackNum=2](ackRx=2 frmTx=2)
[2026-02-02 21:59:26] debug: 	zh:ember:uart:ash: <--- [FRAME type=DATA ackNum=2 frmNum=1](frmRx=1) Added to rxQueue
[2026-02-02 21:59:26] debug: 	zh:ember:uart:ash: ---> [FRAME type=ACK frmRx=2](ackRx=2)
[2026-02-02 21:59:26] debug: 	zh:ember:ezsp: <=== [CBFRAME: ID=63:"MESSAGE_SENT_HANDLER" Seq=33 Len=22]
[2026-02-02 21:59:26] debug: 	zh:ember:ezsp: ezspMessageSentHandler: status=OK type=BROADCAST indexOrDestination=65533 apsFrame={"profileId":0,"clusterId":0,"sourceEndpoint":0,"destinationEndpoint":0,"options":1024,"groupId":0,"sequence":90} messageTag=255
[2026-02-02 21:59:28] debug: 	zh:ember:uart:ash: <--- [FRAME type=DATA]
[2026-02-02 21:59:28] debug: 	zh:ember:uart:ash: <--- [FRAME type=DATA ackNum=2](ackRx=2 frmTx=2)
[2026-02-02 21:59:28] debug: 	zh:ember:uart:ash: <--- [FRAME type=DATA ackNum=2 frmNum=2](frmRx=2) Added to rxQueue
[2026-02-02 21:59:28] debug: 	zh:ember:uart:ash: ---> [FRAME type=ACK frmRx=3](ackRx=2)
[2026-02-02 21:59:28] debug: 	zh:ember:ezsp: <=== [CBFRAME: ID=128:"INCOMING_ROUTE_ERROR_HANDLER" Seq=33 Len=8]
[2026-02-02 21:59:28] debug: 	zh:ember:ezsp: ezspIncomingRouteErrorHandler: status=MAC_UNKNOWN_HEADER_TYPE target=42637
[2026-02-02 21:59:29] debug: 	zh:ember:uart:ash: <--- [FRAME type=DATA]
[2026-02-02 21:59:29] debug: 	zh:ember:uart:ash: <--- [FRAME type=DATA ackNum=2](ackRx=2 frmTx=2)
[2026-02-02 21:59:29] debug: 	zh:ember:uart:ash: <--- [FRAME type=DATA ackNum=2 frmNum=3](frmRx=3) Added to rxQueue
[2026-02-02 21:59:29] debug: 	zh:ember:uart:ash: ---> [FRAME type=ACK frmRx=4](ackRx=2)
[2026-02-02 21:59:29] debug: 	zh:ember:ezsp: <=== [CBFRAME: ID=63:"MESSAGE_SENT_HANDLER" Seq=33 Len=22]
[2026-02-02 21:59:29] debug: 	zh:ember:ezsp: ezspMessageSentHandler: status=OK type=BROADCAST indexOrDestination=65533 apsFrame={"profileId":0,"clusterId":0,"sourceEndpoint":0,"destinationEndpoint":0,"options":1024,"groupId":0,"sequence":91} messageTag=255
[2026-02-02 21:59:31] debug: 	zh:ember:uart:ash: <--- [FRAME type=DATA]
[2026-02-02 21:59:31] debug: 	zh:ember:uart:ash: <--- [FRAME type=DATA ackNum=2](ackRx=2 frmTx=2)
[2026-02-02 21:59:31] debug: 	zh:ember:uart:ash: <--- [FRAME type=DATA ackNum=2 frmNum=4](frmRx=4) Added to rxQueue
[2026-02-02 21:59:31] debug: 	zh:ember:uart:ash: ---> [FRAME type=ACK frmRx=5](ackRx=2)
[2026-02-02 21:59:31] debug: 	zh:ember:ezsp: <=== [CBFRAME: ID=128:"INCOMING_ROUTE_ERROR_HANDLER" Seq=33 Len=8]
[2026-02-02 21:59:31] debug: 	zh:ember:ezsp: ezspIncomingRouteErrorHandler: status=MAC_UNKNOWN_HEADER_TYPE target=42637
[2026-02-02 21:59:32] debug: 	zh:ember:uart:ash: <--- [FRAME type=DATA]
[2026-02-02 21:59:32] debug: 	zh:ember:uart:ash: <--- [FRAME type=DATA ackNum=2](ackRx=2 frmTx=2)
[2026-02-02 21:59:32] debug: 	zh:ember:uart:ash: <--- [FRAME type=DATA ackNum=2 frmNum=5](frmRx=5) Added to rxQueue
[2026-02-02 21:59:32] debug: 	zh:ember:uart:ash: ---> [FRAME type=ACK frmRx=6](ackRx=2)
[2026-02-02 21:59:32] debug: 	zh:ember:ezsp: <=== [CBFRAME: ID=63:"MESSAGE_SENT_HANDLER" Seq=33 Len=22]
[2026-02-02 21:59:32] debug: 	zh:ember:ezsp: ezspMessageSentHandler: status=OK type=BROADCAST indexOrDestination=65533 apsFrame={"profileId":0,"clusterId":0,"sourceEndpoint":0,"destinationEndpoint":0,"options":1024,"groupId":0,"sequence":92} messageTag=255
[2026-02-02 21:59:33] debug: 	zh:ember:uart:ash: <--- [FRAME type=DATA]
[2026-02-02 21:59:33] debug: 	zh:ember:uart:ash: <--- [FRAME type=DATA ackNum=2](ackRx=2 frmTx=2)
[2026-02-02 21:59:33] debug: 	zh:ember:uart:ash: <--- [FRAME type=DATA ackNum=2 frmNum=6](frmRx=6) Added to rxQueue
[2026-02-02 21:59:34] debug: 	zh:ember:uart:ash: ---> [FRAME type=ACK frmRx=7](ackRx=2)
[2026-02-02 21:59:34] debug: 	zh:ember:ezsp: <=== [CBFRAME: ID=128:"INCOMING_ROUTE_ERROR_HANDLER" Seq=33 Len=8]
[2026-02-02 21:59:34] debug: 	zh:ember:ezsp: ezspIncomingRouteErrorHandler: status=MAC_UNKNOWN_HEADER_TYPE target=42637
[2026-02-02 21:59:34] debug: 	zh:ember:uart:ash: <--- [FRAME type=DATA]
[2026-02-02 21:59:34] debug: 	zh:ember:uart:ash: <--- [FRAME type=DATA ackNum=2](ackRx=2 frmTx=2)
[2026-02-02 21:59:34] debug: 	zh:ember:uart:ash: <--- [FRAME type=DATA ackNum=2 frmNum=7](frmRx=7) Added to rxQueue
[2026-02-02 21:59:34] debug: 	zh:ember:uart:ash: ---> [FRAME type=ACK frmRx=0](ackRx=2)
[2026-02-02 21:59:34] debug: 	zh:ember:ezsp: <=== [CBFRAME: ID=128:"INCOMING_ROUTE_ERROR_HANDLER" Seq=33 Len=8]
[2026-02-02 21:59:34] debug: 	zh:ember:ezsp: ezspIncomingRouteErrorHandler: status=MAC_UNKNOWN_HEADER_TYPE target=42637
[2026-02-02 21:59:35] debug: 	zh:ember:uart:ash: <--- [FRAME type=DATA]
[2026-02-02 21:59:35] debug: 	zh:ember:uart:ash: <--- [FRAME type=DATA ackNum=2](ackRx=2 frmTx=2)
[2026-02-02 21:59:35] debug: 	zh:ember:uart:ash: <--- [FRAME type=DATA ackNum=2 frmNum=0](frmRx=0) Added to rxQueue
[2026-02-02 21:59:35] debug: 	zh:ember:uart:ash: ---> [FRAME type=ACK frmRx=1](ackRx=2)
[2026-02-02 21:59:35] debug: 	zh:ember:ezsp: <=== [CBFRAME: ID=89:"INCOMING_ROUTE_RECORD_HANDLER" Seq=33 Len=20]
[2026-02-02 21:59:35] debug: 	zh:ember:ezsp: ezspIncomingRouteRecordHandler: source=40200 sourceEui=0x842712fffedb8ddb lastHopLqi=148 lastHopRssi=-63 relayCount=1 relayList=7447
[2026-02-02 21:59:35] debug: 	zh:ember:uart:ash: <--- [FRAME type=DATA]
[2026-02-02 21:59:35] debug: 	zh:ember:uart:ash: <--- [FRAME type=DATA ackNum=2](ackRx=2 frmTx=2)
[2026-02-02 21:59:35] debug: 	zh:ember:uart:ash: <--- [FRAME type=DATA ackNum=2 frmNum=1](frmRx=1) Added to rxQueue
[2026-02-02 21:59:35] debug: 	zh:ember:uart:ash: ---> [FRAME type=ACK frmRx=2](ackRx=2)
[2026-02-02 21:59:35] debug: 	zh:ember:uart:ash: <--- [FRAME type=DATA]
[2026-02-02 21:59:35] debug: 	zh:ember:uart:ash: <--- [FRAME type=DATA ackNum=2](ackRx=2 frmTx=2)
[2026-02-02 21:59:35] debug: 	zh:ember:uart:ash: <--- [FRAME type=DATA ackNum=2 frmNum=2](frmRx=2) Added to rxQueue
[2026-02-02 21:59:35] debug: 	zh:ember:uart:ash: ---> [FRAME type=ACK frmRx=3](ackRx=2)
[2026-02-02 21:59:35] debug: 	zh:ember:uart:ash: <--- [FRAME type=DATA]
[2026-02-02 21:59:35] debug: 	zh:ember:uart:ash: <--- [FRAME type=DATA ackNum=2](ackRx=2 frmTx=2)
[2026-02-02 21:59:35] debug: 	zh:ember:uart:ash: <--- [FRAME type=DATA ackNum=2 frmNum=3](frmRx=3) Added to rxQueue
[2026-02-02 21:59:35] debug: 	zh:ember:uart:ash: ---> [FRAME type=ACK frmRx=4](ackRx=2)
[2026-02-02 21:59:35] debug: 	zh:ember:ezsp: <=== [CBFRAME: ID=35:"CHILD_JOIN_HANDLER" Seq=33 Len=18]
[2026-02-02 21:59:35] debug: 	zh:ember:ezsp: ezspChildJoinHandler: index=0 joining=false childId=4443 childEui64=0x30fb10fffe4c1e7d childType=4
[2026-02-02 21:59:35] debug: 	zh:ember:ezsp: <=== [CBFRAME: ID=35:"CHILD_JOIN_HANDLER" Seq=33 Len=18]
[2026-02-02 21:59:35] debug: 	zh:ember:ezsp: ezspChildJoinHandler: index=1 joining=false childId=42637 childEui64=0x8c8b48fffe18b6d8 childType=4
[2026-02-02 21:59:35] debug: 	zh:ember:ezsp: <=== [CBFRAME: ID=128:"INCOMING_ROUTE_ERROR_HANDLER" Seq=33 Len=8]
[2026-02-02 21:59:35] debug: 	zh:ember:ezsp: ezspIncomingRouteErrorHandler: status=MAC_UNKNOWN_HEADER_TYPE target=42637
[2026-02-02 21:59:35] debug: 	zh:ember:uart:ash: <--- [FRAME type=DATA]
[2026-02-02 21:59:35] debug: 	zh:ember:uart:ash: <--- [FRAME type=DATA ackNum=2](ackRx=2 frmTx=2)
[2026-02-02 21:59:35] debug: 	zh:ember:uart:ash: <--- [FRAME type=DATA ackNum=2 frmNum=4](frmRx=4) Added to rxQueue
[2026-02-02 21:59:35] debug: 	zh:ember:uart:ash: ---> [FRAME type=ACK frmRx=5](ackRx=2)
[2026-02-02 21:59:35] debug: 	zh:ember:uart:ash: <--- [FRAME type=DATA]
[2026-02-02 21:59:35] debug: 	zh:ember:uart:ash: <--- [FRAME type=DATA ackNum=2](ackRx=2 frmTx=2)
[2026-02-02 21:59:35] debug: 	zh:ember:uart:ash: <--- [FRAME type=DATA ackNum=2 frmNum=5](frmRx=5) Added to rxQueue
[2026-02-02 21:59:35] debug: 	zh:ember:uart:ash: ---> [FRAME type=ACK frmRx=6](ackRx=2)
[2026-02-02 21:59:35] debug: 	zh:ember:uart:ash: <--- [FRAME type=DATA]
[2026-02-02 21:59:35] debug: 	zh:ember:uart:ash: <--- [FRAME type=DATA ackNum=2](ackRx=2 frmTx=2)
[2026-02-02 21:59:35] debug: 	zh:ember:uart:ash: <--- [FRAME type=DATA ackNum=2 frmNum=6](frmRx=6) Added to rxQueue
[2026-02-02 21:59:35] debug: 	zh:ember:uart:ash: ---> [FRAME type=ACK frmRx=7](ackRx=2)
[2026-02-02 21:59:35] debug: 	zh:ember:ezsp: <=== [CBFRAME: ID=128:"INCOMING_ROUTE_ERROR_HANDLER" Seq=33 Len=8]
[2026-02-02 21:59:35] debug: 	zh:ember:ezsp: ezspIncomingRouteErrorHandler: status=MAC_UNKNOWN_HEADER_TYPE target=42637
[2026-02-02 21:59:35] debug: 	zh:ember:ezsp: <=== [CBFRAME: ID=128:"INCOMING_ROUTE_ERROR_HANDLER" Seq=33 Len=8]
[2026-02-02 21:59:35] debug: 	zh:ember:ezsp: ezspIncomingRouteErrorHandler: status=MAC_UNKNOWN_HEADER_TYPE target=42637
[2026-02-02 21:59:35] debug: 	zh:ember:ezsp: <=== [CBFRAME: ID=128:"INCOMING_ROUTE_ERROR_HANDLER" Seq=33 Len=8]
[2026-02-02 21:59:35] debug: 	zh:ember:ezsp: ezspIncomingRouteErrorHandler: status=MAC_UNKNOWN_HEADER_TYPE target=42637
[2026-02-02 21:59:35] debug: 	zh:ember:uart:ash: <--- [FRAME type=DATA]
[2026-02-02 21:59:35] debug: 	zh:ember:uart:ash: <--- [FRAME type=DATA ackNum=2](ackRx=2 frmTx=2)
[2026-02-02 21:59:35] debug: 	zh:ember:uart:ash: <--- [FRAME type=DATA ackNum=2 frmNum=7](frmRx=7) Added to rxQueue
[2026-02-02 21:59:35] debug: 	zh:ember:uart:ash: ---> [FRAME type=ACK frmRx=0](ackRx=2)
[2026-02-02 21:59:35] debug: 	zh:ember:ezsp: <=== [CBFRAME: ID=69:"INCOMING_MESSAGE_HANDLER" Seq=33 Len=44]
[2026-02-02 21:59:35] debug: 	zh:ember:ezsp: ezspIncomingMessageHandler: type=UNICAST apsFrame={"profileId":0,"clusterId":32799,"sourceEndpoint":0,"destinationEndpoint":0,"options":320,"groupId":0,"sequence":101} packetInfo:{"senderShortId":40200,"senderLongId":"0xffffffffffffffff","bindingIndex":255,"addressIndex":255,"lastHopLqi":148,"lastHopRssi":-63,"lastHopTimestamp":0} messageContents=8100027d1e4cfeff10fb30d8b618feff488b8c
[2026-02-02 21:59:35] debug: 	zh:controller: Received ZDO response: clusterId=PARENT_ANNOUNCE_RESPONSE, status=SUCCESS, payload={"children":["0x30fb10fffe4c1e7d","0x8c8b48fffe18b6d8"]}
[2026-02-02 21:59:35] debug: 	zh:ember:uart:ash: <--- [FRAME type=DATA]
[2026-02-02 21:59:35] debug: 	zh:ember:uart:ash: <--- [FRAME type=DATA ackNum=2](ackRx=2 frmTx=2)
[2026-02-02 21:59:35] debug: 	zh:ember:uart:ash: <--- [FRAME type=DATA ackNum=2 frmNum=0](frmRx=0) Added to rxQueue
[2026-02-02 21:59:35] debug: 	zh:ember:uart:ash: ---> [FRAME type=ACK frmRx=1](ackRx=2)
[2026-02-02 21:59:35] debug: 	zh:ember:ezsp: <=== [CBFRAME: ID=63:"MESSAGE_SENT_HANDLER" Seq=33 Len=22]
[2026-02-02 21:59:35] debug: 	zh:ember:ezsp: ezspMessageSentHandler: status=OK type=BROADCAST indexOrDestination=65533 apsFrame={"profileId":0,"clusterId":0,"sourceEndpoint":0,"destinationEndpoint":0,"options":1024,"groupId":0,"sequence":93} messageTag=255
[2026-02-02 21:59:36] debug: 	zh:ember:uart:ash: <--- [FRAME type=DATA]
[2026-02-02 21:59:36] debug: 	zh:ember:uart:ash: <--- [FRAME type=DATA ackNum=2](ackRx=2 frmTx=2)
[2026-02-02 21:59:36] debug: 	zh:ember:uart:ash: <--- [FRAME type=DATA ackNum=2 frmNum=1](frmRx=1) Added to rxQueue
[2026-02-02 21:59:36] debug: 	zh:ember:uart:ash: ---> [FRAME type=ACK frmRx=2](ackRx=2)
[2026-02-02 21:59:36] debug: 	zh:ember:ezsp: <=== [CBFRAME: ID=63:"MESSAGE_SENT_HANDLER" Seq=33 Len=22]
[2026-02-02 21:59:36] debug: 	zh:ember:ezsp: ezspMessageSentHandler: status=OK type=BROADCAST indexOrDestination=65532 apsFrame={"profileId":0,"clusterId":31,"sourceEndpoint":0,"destinationEndpoint":0,"options":0,"groupId":0,"sequence":0} messageTag=0
[2026-02-02 21:59:36] debug: 	zh:ember:uart:ash: <--- [FRAME type=DATA]
[2026-02-02 21:59:36] debug: 	zh:ember:uart:ash: <--- [FRAME type=DATA ackNum=2](ackRx=2 frmTx=2)
[2026-02-02 21:59:36] debug: 	zh:ember:uart:ash: <--- [FRAME type=DATA ackNum=2 frmNum=2](frmRx=2) Added to rxQueue
[2026-02-02 21:59:36] debug: 	zh:ember:uart:ash: ---> [FRAME type=ACK frmRx=3](ackRx=2)
[2026-02-02 21:59:36] debug: 	zh:ember:ezsp: <=== [CBFRAME: ID=89:"INCOMING_ROUTE_RECORD_HANDLER" Seq=33 Len=20]
[2026-02-02 21:59:36] debug: 	zh:ember:ezsp: ezspIncomingRouteRecordHandler: source=42637 sourceEui=0x8c8b48fffe18b6d8 lastHopLqi=120 lastHopRssi=-70 relayCount=1 relayList=40200
[2026-02-02 21:59:36] debug: 	zh:ember:uart:ash: <--- [FRAME type=DATA]
[2026-02-02 21:59:36] debug: 	zh:ember:uart:ash: <--- [FRAME type=DATA ackNum=2](ackRx=2 frmTx=2)
[2026-02-02 21:59:36] debug: 	zh:ember:uart:ash: <--- [FRAME type=DATA ackNum=2 frmNum=3](frmRx=3) Added to rxQueue
[2026-02-02 21:59:36] debug: 	zh:ember:uart:ash: ---> [FRAME type=ACK frmRx=4](ackRx=2)
[2026-02-02 21:59:36] debug: 	zh:ember:ezsp: <=== [CBFRAME: ID=89:"INCOMING_ROUTE_RECORD_HANDLER" Seq=33 Len=20]
[2026-02-02 21:59:36] debug: 	zh:ember:ezsp: ezspIncomingRouteRecordHandler: source=42637 sourceEui=0x8c8b48fffe18b6d8 lastHopLqi=120 lastHopRssi=-70 relayCount=1 relayList=40200
[2026-02-02 21:59:36] debug: 	zh:ember:uart:ash: <--- [FRAME type=DATA]
[2026-02-02 21:59:36] debug: 	zh:ember:uart:ash: <--- [FRAME type=DATA ackNum=2](ackRx=2 frmTx=2)
[2026-02-02 21:59:36] debug: 	zh:ember:uart:ash: <--- [FRAME type=DATA ackNum=2 frmNum=4](frmRx=4) Added to rxQueue
[2026-02-02 21:59:36] debug: 	zh:ember:uart:ash: ---> [FRAME type=ACK frmRx=5](ackRx=2)
[2026-02-02 21:59:36] debug: 	zh:ember:ezsp: <=== [CBFRAME: ID=89:"INCOMING_ROUTE_RECORD_HANDLER" Seq=33 Len=20]
[2026-02-02 21:59:36] debug: 	zh:ember:ezsp: ezspIncomingRouteRecordHandler: source=42637 sourceEui=0x8c8b48fffe18b6d8 lastHopLqi=120 lastHopRssi=-70 relayCount=1 relayList=40200
[2026-02-02 21:59:36] debug: 	zh:ember:uart:ash: <--- [FRAME type=DATA]
[2026-02-02 21:59:36] debug: 	zh:ember:uart:ash: <--- [FRAME type=DATA ackNum=2](ackRx=2 frmTx=2)
[2026-02-02 21:59:36] debug: 	zh:ember:uart:ash: <--- [FRAME type=DATA ackNum=2 frmNum=5](frmRx=5) Added to rxQueue
[2026-02-02 21:59:36] debug: 	zh:ember:uart:ash: ---> [FRAME type=ACK frmRx=6](ackRx=2)
[2026-02-02 21:59:36] debug: 	zh:ember:ezsp: <=== [CBFRAME: ID=89:"INCOMING_ROUTE_RECORD_HANDLER" Seq=33 Len=20]
[2026-02-02 21:59:36] debug: 	zh:ember:ezsp: ezspIncomingRouteRecordHandler: source=42637 sourceEui=0x8c8b48fffe18b6d8 lastHopLqi=116 lastHopRssi=-71 relayCount=1 relayList=40200
[2026-02-02 21:59:46] debug: 	zh:ember:uart:ash: <--- [FRAME type=DATA]
[2026-02-02 21:59:46] debug: 	zh:ember:uart:ash: <--- [FRAME type=DATA ackNum=2](ackRx=2 frmTx=2)
[2026-02-02 21:59:46] debug: 	zh:ember:uart:ash: <--- [FRAME type=DATA ackNum=2 frmNum=6](frmRx=6) Added to rxQueue
[2026-02-02 21:59:46] debug: 	zh:ember:uart:ash: ---> [FRAME type=ACK frmRx=7](ackRx=2)
[2026-02-02 21:59:46] debug: 	zh:ember:uart:ash: <--- [FRAME type=DATA]
[2026-02-02 21:59:46] debug: 	zh:ember:uart:ash: <--- [FRAME type=DATA ackNum=2](ackRx=2 frmTx=2)
[2026-02-02 21:59:46] debug: 	zh:ember:uart:ash: <--- [FRAME type=DATA ackNum=2 frmNum=7](frmRx=7) Added to rxQueue
[2026-02-02 21:59:46] debug: 	zh:ember:uart:ash: ---> [FRAME type=ACK frmRx=0](ackRx=2)
[2026-02-02 21:59:46] debug: 	zh:ember:ezsp: <=== [CBFRAME: ID=196:"INCOMING_NETWORK_STATUS_HANDLER" Seq=33 Len=8]
[2026-02-02 21:59:46] debug: 	zh:ember:ezsp: ezspIncomingNetworkStatusHandler: errorCode=ROUTE_ERROR_INDIRECT_TRANSACTION_EXPIRY target=42637
[2026-02-02 21:59:46] info: 	zh:ember:ezsp: Received network/route error ROUTE_ERROR_INDIRECT_TRANSACTION_EXPIRY for "42637".
[2026-02-02 21:59:46] debug: 	zh:ember:ezsp: <=== [CBFRAME: ID=128:"INCOMING_ROUTE_ERROR_HANDLER" Seq=33 Len=8]
[2026-02-02 21:59:46] debug: 	zh:ember:ezsp: ezspIncomingRouteErrorHandler: status=MAC_UNKNOWN_HEADER_TYPE target=42637
[2026-02-02 21:59:46] debug: 	zh:ember:uart:ash: <--- [FRAME type=DATA]
[2026-02-02 21:59:46] debug: 	zh:ember:uart:ash: <--- [FRAME type=DATA ackNum=2](ackRx=2 frmTx=2)
[2026-02-02 21:59:46] debug: 	zh:ember:uart:ash: <--- [FRAME type=DATA ackNum=2 frmNum=0](frmRx=0) Added to rxQueue
[2026-02-02 21:59:46] debug: 	zh:ember:uart:ash: ---> [FRAME type=ACK frmRx=1](ackRx=2)
[2026-02-02 21:59:46] debug: 	zh:ember:uart:ash: <--- [FRAME type=DATA]
[2026-02-02 21:59:46] debug: 	zh:ember:uart:ash: <--- [FRAME type=DATA ackNum=2](ackRx=2 frmTx=2)
[2026-02-02 21:59:46] debug: 	zh:ember:uart:ash: <--- [FRAME type=DATA ackNum=2 frmNum=1](frmRx=1) Added to rxQueue
[2026-02-02 21:59:46] debug: 	zh:ember:uart:ash: ---> [FRAME type=ACK frmRx=2](ackRx=2)
[2026-02-02 21:59:46] debug: 	zh:ember:ezsp: <=== [CBFRAME: ID=196:"INCOMING_NETWORK_STATUS_HANDLER" Seq=33 Len=8]
[2026-02-02 21:59:46] debug: 	zh:ember:ezsp: ezspIncomingNetworkStatusHandler: errorCode=ROUTE_ERROR_INDIRECT_TRANSACTION_EXPIRY target=42637
[2026-02-02 21:59:46] info: 	zh:ember:ezsp: Received network/route error ROUTE_ERROR_INDIRECT_TRANSACTION_EXPIRY for "42637".
[2026-02-02 21:59:46] debug: 	zh:ember:ezsp: <=== [CBFRAME: ID=128:"INCOMING_ROUTE_ERROR_HANDLER" Seq=33 Len=8]
[2026-02-02 21:59:46] debug: 	zh:ember:ezsp: ezspIncomingRouteErrorHandler: status=MAC_UNKNOWN_HEADER_TYPE target=42637
[2026-02-02 21:59:47] debug: 	zh:ember:uart:ash: <--- [FRAME type=DATA]
[2026-02-02 21:59:47] debug: 	zh:ember:uart:ash: <--- [FRAME type=DATA ackNum=2](ackRx=2 frmTx=2)
[2026-02-02 21:59:47] debug: 	zh:ember:uart:ash: <--- [FRAME type=DATA ackNum=2 frmNum=2](frmRx=2) Added to rxQueue
[2026-02-02 21:59:47] debug: 	zh:ember:uart:ash: ---> [FRAME type=ACK frmRx=3](ackRx=2)
[2026-02-02 21:59:47] debug: 	zh:ember:uart:ash: <--- [FRAME type=DATA]
[2026-02-02 21:59:47] debug: 	zh:ember:uart:ash: <--- [FRAME type=DATA ackNum=2](ackRx=2 frmTx=2)
[2026-02-02 21:59:47] debug: 	zh:ember:uart:ash: <--- [FRAME type=DATA ackNum=2 frmNum=3](frmRx=3) Added to rxQueue
[2026-02-02 21:59:47] debug: 	zh:ember:uart:ash: ---> [FRAME type=ACK frmRx=4](ackRx=2)
[2026-02-02 21:59:47] debug: 	zh:ember:ezsp: <=== [CBFRAME: ID=196:"INCOMING_NETWORK_STATUS_HANDLER" Seq=33 Len=8]
[2026-02-02 21:59:47] debug: 	zh:ember:ezsp: ezspIncomingNetworkStatusHandler: errorCode=ROUTE_ERROR_INDIRECT_TRANSACTION_EXPIRY target=42637
[2026-02-02 21:59:47] info: 	zh:ember:ezsp: Received network/route error ROUTE_ERROR_INDIRECT_TRANSACTION_EXPIRY for "42637".
[2026-02-02 21:59:47] debug: 	zh:ember:ezsp: <=== [CBFRAME: ID=128:"INCOMING_ROUTE_ERROR_HANDLER" Seq=33 Len=8]
[2026-02-02 21:59:47] debug: 	zh:ember:ezsp: ezspIncomingRouteErrorHandler: status=MAC_UNKNOWN_HEADER_TYPE target=42637
[2026-02-02 21:59:49] debug: 	zh:ember:uart:ash: <--- [FRAME type=DATA]
[2026-02-02 21:59:49] debug: 	zh:ember:uart:ash: <--- [FRAME type=DATA ackNum=2](ackRx=2 frmTx=2)
[2026-02-02 21:59:49] debug: 	zh:ember:uart:ash: <--- [FRAME type=DATA ackNum=2 frmNum=4](frmRx=4) Added to rxQueue
[2026-02-02 21:59:49] debug: 	zh:ember:uart:ash: ---> [FRAME type=ACK frmRx=5](ackRx=2)
[2026-02-02 21:59:49] debug: 	zh:ember:uart:ash: <--- [FRAME type=DATA]
[2026-02-02 21:59:49] debug: 	zh:ember:uart:ash: <--- [FRAME type=DATA ackNum=2](ackRx=2 frmTx=2)
[2026-02-02 21:59:49] debug: 	zh:ember:uart:ash: <--- [FRAME type=DATA ackNum=2 frmNum=5](frmRx=5) Added to rxQueue
[2026-02-02 21:59:49] debug: 	zh:ember:uart:ash: ---> [FRAME type=ACK frmRx=6](ackRx=2)
[2026-02-02 21:59:49] debug: 	zh:ember:ezsp: <=== [CBFRAME: ID=196:"INCOMING_NETWORK_STATUS_HANDLER" Seq=33 Len=8]
[2026-02-02 21:59:49] debug: 	zh:ember:ezsp: ezspIncomingNetworkStatusHandler: errorCode=ROUTE_ERROR_INDIRECT_TRANSACTION_EXPIRY target=42637
[2026-02-02 21:59:49] info: 	zh:ember:ezsp: Received network/route error ROUTE_ERROR_INDIRECT_TRANSACTION_EXPIRY for "42637".
[2026-02-02 21:59:49] debug: 	zh:ember:ezsp: <=== [CBFRAME: ID=128:"INCOMING_ROUTE_ERROR_HANDLER" Seq=33 Len=8]
[2026-02-02 21:59:49] debug: 	zh:ember:ezsp: ezspIncomingRouteErrorHandler: status=MAC_UNKNOWN_HEADER_TYPE target=42637
[2026-02-02 21:59:49] debug: 	zh:ember:uart:ash: <--- [FRAME type=DATA]
[2026-02-02 21:59:49] debug: 	zh:ember:uart:ash: <--- [FRAME type=DATA ackNum=2](ackRx=2 frmTx=2)
[2026-02-02 21:59:49] debug: 	zh:ember:uart:ash: <--- [FRAME type=DATA ackNum=2 frmNum=6](frmRx=6) Added to rxQueue
[2026-02-02 21:59:49] debug: 	zh:ember:uart:ash: ---> [FRAME type=ACK frmRx=7](ackRx=2)
[2026-02-02 21:59:49] debug: 	zh:ember:uart:ash: <--- [FRAME type=DATA]
[2026-02-02 21:59:49] debug: 	zh:ember:uart:ash: <--- [FRAME type=DATA ackNum=2](ackRx=2 frmTx=2)
[2026-02-02 21:59:49] debug: 	zh:ember:uart:ash: <--- [FRAME type=DATA ackNum=2 frmNum=7](frmRx=7) Added to rxQueue
[2026-02-02 21:59:49] debug: 	zh:ember:uart:ash: ---> [FRAME type=ACK frmRx=0](ackRx=2)
[2026-02-02 21:59:49] debug: 	zh:ember:ezsp: <=== [CBFRAME: ID=196:"INCOMING_NETWORK_STATUS_HANDLER" Seq=33 Len=8]
[2026-02-02 21:59:49] debug: 	zh:ember:ezsp: ezspIncomingNetworkStatusHandler: errorCode=ROUTE_ERROR_INDIRECT_TRANSACTION_EXPIRY target=42637
[2026-02-02 21:59:49] info: 	zh:ember:ezsp: Received network/route error ROUTE_ERROR_INDIRECT_TRANSACTION_EXPIRY for "42637".
[2026-02-02 21:59:49] debug: 	zh:ember:ezsp: <=== [CBFRAME: ID=128:"INCOMING_ROUTE_ERROR_HANDLER" Seq=33 Len=8]
[2026-02-02 21:59:49] debug: 	zh:ember:ezsp: ezspIncomingRouteErrorHandler: status=MAC_UNKNOWN_HEADER_TYPE target=42637
[2026-02-02 21:59:50] debug: 	zh:ember:uart:ash: <--- [FRAME type=DATA]
[2026-02-02 21:59:50] debug: 	zh:ember:uart:ash: <--- [FRAME type=DATA ackNum=2](ackRx=2 frmTx=2)
[2026-02-02 21:59:50] debug: 	zh:ember:uart:ash: <--- [FRAME type=DATA ackNum=2 frmNum=0](frmRx=0) Added to rxQueue
[2026-02-02 21:59:50] debug: 	zh:ember:uart:ash: ---> [FRAME type=ACK frmRx=1](ackRx=2)
[2026-02-02 21:59:50] debug: 	zh:ember:uart:ash: <--- [FRAME type=DATA]
[2026-02-02 21:59:50] debug: 	zh:ember:uart:ash: <--- [FRAME type=DATA ackNum=2](ackRx=2 frmTx=2)
[2026-02-02 21:59:50] debug: 	zh:ember:uart:ash: <--- [FRAME type=DATA ackNum=2 frmNum=1](frmRx=1) Added to rxQueue
[2026-02-02 21:59:50] debug: 	zh:ember:uart:ash: ---> [FRAME type=ACK frmRx=2](ackRx=2)
[2026-02-02 21:59:50] debug: 	zh:ember:ezsp: <=== [CBFRAME: ID=196:"INCOMING_NETWORK_STATUS_HANDLER" Seq=33 Len=8]
[2026-02-02 21:59:50] debug: 	zh:ember:ezsp: ezspIncomingNetworkStatusHandler: errorCode=ROUTE_ERROR_INDIRECT_TRANSACTION_EXPIRY target=42637
[2026-02-02 21:59:50] info: 	zh:ember:ezsp: Received network/route error ROUTE_ERROR_INDIRECT_TRANSACTION_EXPIRY for "42637".
[2026-02-02 21:59:50] debug: 	zh:ember:ezsp: <=== [CBFRAME: ID=128:"INCOMING_ROUTE_ERROR_HANDLER" Seq=33 Len=8]
[2026-02-02 21:59:50] debug: 	zh:ember:ezsp: ezspIncomingRouteErrorHandler: status=MAC_UNKNOWN_HEADER_TYPE target=42637
[2026-02-02 21:59:53] debug: 	zh:ember:uart:ash: <--- [FRAME type=DATA]
[2026-02-02 21:59:53] debug: 	zh:ember:uart:ash: <--- [FRAME type=DATA ackNum=2](ackRx=2 frmTx=2)
[2026-02-02 21:59:53] debug: 	zh:ember:uart:ash: <--- [FRAME type=DATA ackNum=2 frmNum=2](frmRx=2) Added to rxQueue
[2026-02-02 21:59:53] debug: 	zh:ember:uart:ash: ---> [FRAME type=ACK frmRx=3](ackRx=2)
[2026-02-02 21:59:53] debug: 	zh:ember:ezsp: <=== [CBFRAME: ID=89:"INCOMING_ROUTE_RECORD_HANDLER" Seq=33 Len=20]
[2026-02-02 21:59:53] debug: 	zh:ember:ezsp: ezspIncomingRouteRecordHandler: source=10078 sourceEui=0x30fb10fffe4c12d6 lastHopLqi=120 lastHopRssi=-70 relayCount=1 relayList=40200
[2026-02-02 21:59:53] debug: 	zh:ember:uart:ash: <--- [FRAME type=DATA]
[2026-02-02 21:59:53] debug: 	zh:ember:uart:ash: <--- [FRAME type=DATA ackNum=2](ackRx=2 frmTx=2)
[2026-02-02 21:59:53] debug: 	zh:ember:uart:ash: <--- [FRAME type=DATA ackNum=2 frmNum=3](frmRx=3) Added to rxQueue
[2026-02-02 21:59:53] debug: 	zh:ember:uart:ash: ---> [FRAME type=ACK frmRx=4](ackRx=2)
[2026-02-02 21:59:53] debug: 	zh:ember:ezsp: <=== [CBFRAME: ID=69:"INCOMING_MESSAGE_HANDLER" Seq=33 Len=28]
[2026-02-02 21:59:53] debug: 	zh:ember:ezsp: ezspIncomingMessageHandler: type=UNICAST apsFrame={"profileId":260,"clusterId":6,"sourceEndpoint":1,"destinationEndpoint":1,"options":256,"groupId":0,"sequence":101} packetInfo:{"senderShortId":10078,"senderLongId":"0xffffffffffffffff","bindingIndex":255,"addressIndex":255,"lastHopLqi":116,"lastHopRssi":-71,"lastHopTimestamp":0} messageContents=017d00
[2026-02-02 21:59:53] debug: 	zh:controller: Received payload: clusterID=6, address=10078, groupID=0, endpoint=1, destinationEndpoint=1, wasBroadcast=false, linkQuality=116, frame={"header":{"frameControl":{"frameType":1,"manufacturerSpecific":false,"direction":0,"disableDefaultResponse":false,"reservedBits":0},"transactionSequenceNumber":125,"commandIdentifier":0},"payload":{},"command":{"ID":0,"parameters":[],"required":true,"name":"off"}}
[2026-02-02 21:59:53] debug: 	zh:controller:endpoint: ZCL command 0x30fb10fffe4c12d6/1 genOnOff.defaultRsp({"cmdId":0,"statusCode":0}, {"timeout":10000,"disableResponse":false,"disableRecovery":false,"disableDefaultResponse":true,"direction":1,"reservedBits":0,"transactionSequenceNumber":125,"writeUndiv":false})
[2026-02-02 21:59:53] debug: 	zh:controller:endpoint: Request Queue (0x30fb10fffe4c12d6/1): send defaultRsp request immediately (sendPolicy=undefined)
[2026-02-02 21:59:53] debug: 	zh:ember: ~~~> [ZCL to=0x30fb10fffe4c12d6:10078 apsFrame={"profileId":260,"clusterId":6,"sourceEndpoint":1,"destinationEndpoint":1,"options":4352,"groupId":0,"sequence":0} header={"frameControl":{"reservedBits":0,"frameType":0,"direction":1,"disableDefaultResponse":true,"manufacturerSpecific":false},"transactionSequenceNumber":125,"commandIdentifier":11}]
[2026-02-02 21:59:53] debug: 	zh:ember:ezsp: ===> [FRAME: ID=52:"SEND_UNICAST" Seq=34 Len=26]
[2026-02-02 21:59:53] debug: 	zh:ember:uart:ash: ---> [FRAME type=DATA frmTx=2 frmRx=4](ackRx=2)
[2026-02-02 21:59:53] debug: 	z2m: Received Zigbee message from 'IKEA Tradfri Switch 1', type 'commandOff', cluster 'genOnOff', data '{}' from endpoint 1 with groupID 0
[2026-02-02 21:59:53] info: 	z2m:mqtt: MQTT publish: topic 'zigbee2mqtt/IKEA Tradfri Switch 1', payload '{"action":"off","battery":100,"identify":null,"linkquality":116,"update":{"installed_version":33816598,"latest_version":33816598,"state":"idle"}}'
[2026-02-02 21:59:53] info: 	z2m:mqtt: MQTT publish: topic 'zigbee2mqtt/IKEA Tradfri Switch 1/action', payload 'off'
[2026-02-02 21:59:53] debug: 	zh:ember:uart:ash: <--- [FRAME type=DATA]
[2026-02-02 21:59:53] debug: 	zh:ember:uart:ash: <--- [FRAME type=DATA ackNum=3](ackRx=2 frmTx=3)
[2026-02-02 21:59:53] debug: 	zh:ember:uart:ash: <--- [FRAME type=DATA ackNum=3 frmNum=4](frmRx=4) Added to rxQueue
[2026-02-02 21:59:53] debug: 	zh:ember:uart:ash: ---> [FRAME type=ACK frmRx=5](ackRx=3)
[2026-02-02 21:59:53] debug: 	zh:ember:ezsp: <=== [FRAME: ID=52:"SEND_UNICAST" Seq=34 Len=7]
[2026-02-02 21:59:53] debug: 	zh:ember:ezsp: ~~~> [SENT type=DIRECT apsSequence=29 messageTag=1 status=OK]
[2026-02-02 21:59:53] debug: 	zh:ember:uart:ash: <--- [FRAME type=DATA]
[2026-02-02 21:59:53] debug: 	zh:ember:uart:ash: <--- [FRAME type=DATA ackNum=3](ackRx=3 frmTx=3)
[2026-02-02 21:59:53] debug: 	zh:ember:uart:ash: <--- [FRAME type=DATA ackNum=3 frmNum=5](frmRx=5) Added to rxQueue
[2026-02-02 21:59:53] debug: 	zh:ember:uart:ash: ---> [FRAME type=ACK frmRx=6](ackRx=3)
[2026-02-02 21:59:53] debug: 	zh:ember:ezsp: <=== [CBFRAME: ID=63:"MESSAGE_SENT_HANDLER" Seq=34 Len=22]
[2026-02-02 21:59:53] debug: 	zh:ember:ezsp: ezspMessageSentHandler: status=OK type=DIRECT indexOrDestination=10078 apsFrame={"profileId":260,"clusterId":6,"sourceEndpoint":1,"destinationEndpoint":1,"options":4352,"groupId":0,"sequence":29} messageTag=1
[2026-02-02 21:59:53] debug: 	zh:ember:uart:ash: <--- [FRAME type=DATA]
[2026-02-02 21:59:53] debug: 	zh:ember:uart:ash: <--- [FRAME type=DATA ackNum=3](ackRx=3 frmTx=3)
[2026-02-02 21:59:53] debug: 	zh:ember:uart:ash: <--- [FRAME type=DATA ackNum=3 frmNum=6](frmRx=6) Added to rxQueue
[2026-02-02 21:59:53] debug: 	zh:ember:uart:ash: ---> [FRAME type=ACK frmRx=7](ackRx=3)
[2026-02-02 21:59:53] debug: 	zh:ember:ezsp: <=== [CBFRAME: ID=69:"INCOMING_MESSAGE_HANDLER" Seq=34 Len=34]
[2026-02-02 21:59:53] debug: 	zh:ember:ezsp: ezspIncomingMessageHandler: type=UNICAST apsFrame={"profileId":260,"clusterId":5,"sourceEndpoint":1,"destinationEndpoint":1,"options":256,"groupId":0,"sequence":102} packetInfo:{"senderShortId":10078,"senderLongId":"0xffffffffffffffff","bindingIndex":255,"addressIndex":255,"lastHopLqi":116,"lastHopRssi":-71,"lastHopTimestamp":0} messageContents=057c117e0700010d00
[2026-02-02 21:59:53] debug: 	zh:controller: Received payload: clusterID=5, address=10078, groupID=0, endpoint=1, destinationEndpoint=1, wasBroadcast=false, linkQuality=116, frame={"header":{"frameControl":{"frameType":1,"manufacturerSpecific":true,"direction":0,"disableDefaultResponse":false,"reservedBits":0},"manufacturerCode":4476,"transactionSequenceNumber":126,"commandIdentifier":7},"payload":{"value":256,"value2":13},"command":{"ID":7,"parameters":[{"name":"value","type":33,"max":65535},{"name":"value2","type":33,"max":65535}],"name":"tradfriArrowSingle"}}
[2026-02-02 21:59:53] debug: 	zh:controller:endpoint: ZCL command 0x30fb10fffe4c12d6/1 genScenes.defaultRsp({"cmdId":7,"statusCode":0}, {"timeout":10000,"disableResponse":false,"disableRecovery":false,"disableDefaultResponse":true,"direction":1,"reservedBits":0,"transactionSequenceNumber":126,"writeUndiv":false})
[2026-02-02 21:59:53] debug: 	zh:controller:endpoint: Request Queue (0x30fb10fffe4c12d6/1): send defaultRsp request immediately (sendPolicy=undefined)
[2026-02-02 21:59:53] debug: 	zh:ember: ~~~> [ZCL to=0x30fb10fffe4c12d6:10078 apsFrame={"profileId":260,"clusterId":5,"sourceEndpoint":1,"destinationEndpoint":1,"options":4352,"groupId":0,"sequence":0} header={"frameControl":{"reservedBits":0,"frameType":0,"direction":1,"disableDefaultResponse":true,"manufacturerSpecific":false},"transactionSequenceNumber":126,"commandIdentifier":11}]
[2026-02-02 21:59:53] debug: 	zh:ember:ezsp: ===> [FRAME: ID=52:"SEND_UNICAST" Seq=35 Len=26]
[2026-02-02 21:59:53] debug: 	zh:ember:uart:ash: ---> [FRAME type=DATA frmTx=3 frmRx=7](ackRx=3)
[2026-02-02 21:59:53] debug: 	z2m: Received Zigbee message from 'IKEA Tradfri Switch 1', type 'commandTradfriArrowSingle', cluster 'genScenes', data '{"value":256,"value2":13}' from endpoint 1 with groupID 0
[2026-02-02 21:59:53] info: 	z2m:mqtt: MQTT publish: topic 'zigbee2mqtt/IKEA Tradfri Switch 1', payload '{"action":"arrow_right_click","battery":100,"identify":null,"linkquality":116,"update":{"installed_version":33816598,"latest_version":33816598,"state":"idle"}}'
[2026-02-02 21:59:53] info: 	z2m:mqtt: MQTT publish: topic 'zigbee2mqtt/IKEA Tradfri Switch 1/action', payload 'arrow_right_click'
[2026-02-02 21:59:53] debug: 	zh:ember:uart:ash: <--- [FRAME type=DATA]
[2026-02-02 21:59:53] debug: 	zh:ember:uart:ash: <--- [FRAME type=DATA ackNum=4](ackRx=3 frmTx=4)
[2026-02-02 21:59:53] debug: 	zh:ember:uart:ash: <--- [FRAME type=DATA ackNum=4 frmNum=7](frmRx=7) Added to rxQueue
[2026-02-02 21:59:53] debug: 	zh:ember:uart:ash: ---> [FRAME type=ACK frmRx=0](ackRx=4)
[2026-02-02 21:59:53] debug: 	zh:ember:ezsp: <=== [FRAME: ID=52:"SEND_UNICAST" Seq=35 Len=7]
[2026-02-02 21:59:53] debug: 	zh:ember:ezsp: ~~~> [SENT type=DIRECT apsSequence=30 messageTag=2 status=OK]
[2026-02-02 21:59:53] debug: 	zh:ember:uart:ash: <--- [FRAME type=DATA]
[2026-02-02 21:59:53] debug: 	zh:ember:uart:ash: <--- [FRAME type=DATA ackNum=4](ackRx=4 frmTx=4)
[2026-02-02 21:59:53] debug: 	zh:ember:uart:ash: <--- [FRAME type=DATA ackNum=4 frmNum=0](frmRx=0) Added to rxQueue
[2026-02-02 21:59:53] debug: 	zh:ember:uart:ash: ---> [FRAME type=ACK frmRx=1](ackRx=4)
[2026-02-02 21:59:53] debug: 	zh:ember:ezsp: <=== [CBFRAME: ID=63:"MESSAGE_SENT_HANDLER" Seq=35 Len=22]
[2026-02-02 21:59:53] debug: 	zh:ember:ezsp: ezspMessageSentHandler: status=OK type=DIRECT indexOrDestination=10078 apsFrame={"profileId":260,"clusterId":5,"sourceEndpoint":1,"destinationEndpoint":1,"options":4352,"groupId":0,"sequence":30} messageTag=2
[2026-02-02 21:59:53] debug: 	zh:ember:uart:ash: <--- [FRAME type=DATA]
[2026-02-02 21:59:53] debug: 	zh:ember:uart:ash: <--- [FRAME type=DATA ackNum=4](ackRx=4 frmTx=4)
[2026-02-02 21:59:53] debug: 	zh:ember:uart:ash: <--- [FRAME type=DATA ackNum=4 frmNum=1](frmRx=1) Added to rxQueue
[2026-02-02 21:59:53] debug: 	zh:ember:uart:ash: ---> [FRAME type=ACK frmRx=2](ackRx=4)
[2026-02-02 21:59:53] debug: 	zh:ember:ezsp: <=== [CBFRAME: ID=69:"INCOMING_MESSAGE_HANDLER" Seq=35 Len=30]
[2026-02-02 21:59:53] debug: 	zh:ember:ezsp: ezspIncomingMessageHandler: type=UNICAST apsFrame={"profileId":260,"clusterId":8,"sourceEndpoint":1,"destinationEndpoint":1,"options":256,"groupId":0,"sequence":103} packetInfo:{"senderShortId":10078,"senderLongId":"0xffffffffffffffff","bindingIndex":255,"addressIndex":255,"lastHopLqi":108,"lastHopRssi":-73,"lastHopTimestamp":0} messageContents=017f050053
[2026-02-02 21:59:53] debug: 	zh:controller: Received payload: clusterID=8, address=10078, groupID=0, endpoint=1, destinationEndpoint=1, wasBroadcast=false, linkQuality=108, frame={"header":{"frameControl":{"frameType":1,"manufacturerSpecific":false,"direction":0,"disableDefaultResponse":false,"reservedBits":0},"transactionSequenceNumber":127,"commandIdentifier":5},"payload":{"movemode":0,"rate":83},"command":{"ID":5,"parameters":[{"name":"movemode","type":48},{"name":"rate","type":32},{"name":"optionsMask","type":24,"conditions":[{"type":"minimumRemainingBufferBytes","value":1}]},{"name":"optionsOverride","type":24,"conditions":[{"type":"minimumRemainingBufferBytes","value":1}]}],"required":true,"name":"moveWithOnOff"}}
[2026-02-02 21:59:54] debug: 	zh:controller:endpoint: ZCL command 0x30fb10fffe4c12d6/1 genLevelCtrl.defaultRsp({"cmdId":5,"statusCode":0}, {"timeout":10000,"disableResponse":false,"disableRecovery":false,"disableDefaultResponse":true,"direction":1,"reservedBits":0,"transactionSequenceNumber":127,"writeUndiv":false})
[2026-02-02 21:59:54] debug: 	zh:controller:endpoint: Request Queue (0x30fb10fffe4c12d6/1): send defaultRsp request immediately (sendPolicy=undefined)
[2026-02-02 21:59:54] debug: 	zh:ember: ~~~> [ZCL to=0x30fb10fffe4c12d6:10078 apsFrame={"profileId":260,"clusterId":8,"sourceEndpoint":1,"destinationEndpoint":1,"options":4352,"groupId":0,"sequence":0} header={"frameControl":{"reservedBits":0,"frameType":0,"direction":1,"disableDefaultResponse":true,"manufacturerSpecific":false},"transactionSequenceNumber":127,"commandIdentifier":11}]
[2026-02-02 21:59:54] debug: 	zh:ember:ezsp: ===> [FRAME: ID=52:"SEND_UNICAST" Seq=36 Len=26]
[2026-02-02 21:59:54] debug: 	zh:ember:uart:ash: ---> [FRAME type=DATA frmTx=4 frmRx=2](ackRx=4)
[2026-02-02 21:59:54] debug: 	z2m: Received Zigbee message from 'IKEA Tradfri Switch 1', type 'commandMoveWithOnOff', cluster 'genLevelCtrl', data '{"movemode":0,"rate":83}' from endpoint 1 with groupID 0
[2026-02-02 21:59:54] info: 	z2m:mqtt: MQTT publish: topic 'zigbee2mqtt/IKEA Tradfri Switch 1', payload '{"action":"brightness_move_up","action_rate":83,"battery":100,"identify":null,"linkquality":108,"update":{"installed_version":33816598,"latest_version":33816598,"state":"idle"}}'
[2026-02-02 21:59:54] info: 	z2m:mqtt: MQTT publish: topic 'zigbee2mqtt/IKEA Tradfri Switch 1/action', payload 'brightness_move_up'
[2026-02-02 21:59:54] debug: 	zh:ember:uart:ash: <--- [FRAME type=DATA]
[2026-02-02 21:59:54] debug: 	zh:ember:uart:ash: <--- [FRAME type=DATA ackNum=4](ackRx=4 frmTx=5)
[2026-02-02 21:59:54] debug: 	zh:ember:uart:ash: <--- [FRAME type=DATA ackNum=4 frmNum=2](frmRx=2) Added to rxQueue
[2026-02-02 21:59:54] debug: 	zh:ember:uart:ash: ---> [FRAME type=ACK frmRx=3](ackRx=4)
[2026-02-02 21:59:54] debug: 	zh:ember:ezsp: <=== [CBFRAME: ID=69:"INCOMING_MESSAGE_HANDLER" Seq=35 Len=34]
[2026-02-02 21:59:54] debug: 	zh:ember:ezsp: ezspIncomingMessageHandler: type=UNICAST apsFrame={"profileId":260,"clusterId":5,"sourceEndpoint":1,"destinationEndpoint":1,"options":256,"groupId":0,"sequence":104} packetInfo:{"senderShortId":10078,"senderLongId":"0xffffffffffffffff","bindingIndex":255,"addressIndex":255,"lastHopLqi":104,"lastHopRssi":-74,"lastHopTimestamp":0} messageContents=057c11000701010d00
[2026-02-02 21:59:54] debug: 	zh:controller: Received payload: clusterID=5, address=10078, groupID=0, endpoint=1, destinationEndpoint=1, wasBroadcast=false, linkQuality=104, frame={"header":{"frameControl":{"frameType":1,"manufacturerSpecific":true,"direction":0,"disableDefaultResponse":false,"reservedBits":0},"manufacturerCode":4476,"transactionSequenceNumber":0,"commandIdentifier":7},"payload":{"value":257,"value2":13},"command":{"ID":7,"parameters":[{"name":"value","type":33,"max":65535},{"name":"value2","type":33,"max":65535}],"name":"tradfriArrowSingle"}}
[2026-02-02 21:59:54] debug: 	zh:controller:endpoint: ZCL command 0x30fb10fffe4c12d6/1 genScenes.defaultRsp({"cmdId":7,"statusCode":0}, {"timeout":10000,"disableResponse":false,"disableRecovery":false,"disableDefaultResponse":true,"direction":1,"reservedBits":0,"transactionSequenceNumber":0,"writeUndiv":false})
[2026-02-02 21:59:54] debug: 	zh:controller:endpoint: Request Queue (0x30fb10fffe4c12d6/1): send defaultRsp request immediately (sendPolicy=undefined)
[2026-02-02 21:59:54] debug: 	z2m: Received Zigbee message from 'IKEA Tradfri Switch 1', type 'commandTradfriArrowSingle', cluster 'genScenes', data '{"value":257,"value2":13}' from endpoint 1 with groupID 0
[2026-02-02 21:59:54] info: 	z2m:mqtt: MQTT publish: topic 'zigbee2mqtt/IKEA Tradfri Switch 1', payload '{"action":"arrow_left_click","battery":100,"identify":null,"linkquality":104,"update":{"installed_version":33816598,"latest_version":33816598,"state":"idle"}}'
[2026-02-02 21:59:54] info: 	z2m:mqtt: MQTT publish: topic 'zigbee2mqtt/IKEA Tradfri Switch 1/action', payload 'arrow_left_click'
[2026-02-02 21:59:54] debug: 	zh:ember:uart:ash: <--- [FRAME type=DATA]
[2026-02-02 21:59:54] debug: 	zh:ember:uart:ash: <--- [FRAME type=DATA ackNum=5](ackRx=4 frmTx=5)
[2026-02-02 21:59:54] debug: 	zh:ember:uart:ash: <--- [FRAME type=DATA ackNum=5 frmNum=3](frmRx=3) Added to rxQueue
[2026-02-02 21:59:54] debug: 	zh:ember:uart:ash: ---> [FRAME type=ACK frmRx=4](ackRx=5)
[2026-02-02 21:59:54] debug: 	zh:ember:uart:ash: <--- [FRAME type=DATA]
[2026-02-02 21:59:54] debug: 	zh:ember:uart:ash: <--- [FRAME type=DATA ackNum=5](ackRx=5 frmTx=5)
[2026-02-02 21:59:54] debug: 	zh:ember:uart:ash: <--- [FRAME type=DATA ackNum=5 frmNum=4](frmRx=4) Added to rxQueue
[2026-02-02 21:59:54] debug: 	zh:ember:uart:ash: ---> [FRAME type=ACK frmRx=5](ackRx=5)
[2026-02-02 21:59:54] debug: 	zh:ember:ezsp: <=== [FRAME: ID=52:"SEND_UNICAST" Seq=36 Len=7]
[2026-02-02 21:59:54] debug: 	zh:ember:ezsp: ~~~> [SENT type=DIRECT apsSequence=31 messageTag=3 status=OK]
[2026-02-02 21:59:54] debug: 	zh:ember: ~~~> [ZCL to=0x30fb10fffe4c12d6:10078 apsFrame={"profileId":260,"clusterId":5,"sourceEndpoint":1,"destinationEndpoint":1,"options":4352,"groupId":0,"sequence":0} header={"frameControl":{"reservedBits":0,"frameType":0,"direction":1,"disableDefaultResponse":true,"manufacturerSpecific":false},"transactionSequenceNumber":0,"commandIdentifier":11}]
[2026-02-02 21:59:54] debug: 	zh:ember:ezsp: ===> [FRAME: ID=52:"SEND_UNICAST" Seq=37 Len=26]
[2026-02-02 21:59:54] debug: 	zh:ember:uart:ash: ---> [FRAME type=DATA frmTx=5 frmRx=5](ackRx=5)
[2026-02-02 21:59:54] debug: 	zh:ember:ezsp: <=== [CBFRAME: ID=63:"MESSAGE_SENT_HANDLER" Seq=36 Len=22]
[2026-02-02 21:59:54] debug: 	zh:ember:ezsp: ezspMessageSentHandler: status=OK type=DIRECT indexOrDestination=10078 apsFrame={"profileId":260,"clusterId":8,"sourceEndpoint":1,"destinationEndpoint":1,"options":4352,"groupId":0,"sequence":31} messageTag=3
[2026-02-02 21:59:54] debug: 	zh:ember:uart:ash: <--- [FRAME type=DATA]
[2026-02-02 21:59:54] debug: 	zh:ember:uart:ash: <--- [FRAME type=DATA ackNum=5](ackRx=5 frmTx=6)
[2026-02-02 21:59:54] debug: 	zh:ember:uart:ash: <--- [FRAME type=DATA ackNum=5 frmNum=5](frmRx=5) Added to rxQueue
[2026-02-02 21:59:54] debug: 	zh:ember:uart:ash: ---> [FRAME type=ACK frmRx=6](ackRx=5)
[2026-02-02 21:59:54] debug: 	zh:ember:ezsp: <=== [CBFRAME: ID=69:"INCOMING_MESSAGE_HANDLER" Seq=36 Len=28]
[2026-02-02 21:59:54] debug: 	zh:ember:ezsp: ezspIncomingMessageHandler: type=UNICAST apsFrame={"profileId":260,"clusterId":8,"sourceEndpoint":1,"destinationEndpoint":1,"options":256,"groupId":0,"sequence":105} packetInfo:{"senderShortId":10078,"senderLongId":"0xffffffffffffffff","bindingIndex":255,"addressIndex":255,"lastHopLqi":104,"lastHopRssi":-74,"lastHopTimestamp":0} messageContents=010107
[2026-02-02 21:59:54] debug: 	zh:controller: Received payload: clusterID=8, address=10078, groupID=0, endpoint=1, destinationEndpoint=1, wasBroadcast=false, linkQuality=104, frame={"header":{"frameControl":{"frameType":1,"manufacturerSpecific":false,"direction":0,"disableDefaultResponse":false,"reservedBits":0},"transactionSequenceNumber":1,"commandIdentifier":7},"payload":{},"command":{"ID":7,"parameters":[{"name":"optionsMask","type":24,"conditions":[{"type":"minimumRemainingBufferBytes","value":1}]},{"name":"optionsOverride","type":24,"conditions":[{"type":"minimumRemainingBufferBytes","value":1}]}],"required":true,"name":"stopWithOnOff"}}
[2026-02-02 21:59:54] debug: 	zh:controller:endpoint: ZCL command 0x30fb10fffe4c12d6/1 genLevelCtrl.defaultRsp({"cmdId":7,"statusCode":0}, {"timeout":10000,"disableResponse":false,"disableRecovery":false,"disableDefaultResponse":true,"direction":1,"reservedBits":0,"transactionSequenceNumber":1,"writeUndiv":false})
[2026-02-02 21:59:54] debug: 	zh:controller:endpoint: Request Queue (0x30fb10fffe4c12d6/1): send defaultRsp request immediately (sendPolicy=undefined)
[2026-02-02 21:59:54] debug: 	z2m: Received Zigbee message from 'IKEA Tradfri Switch 1', type 'commandStopWithOnOff', cluster 'genLevelCtrl', data '{}' from endpoint 1 with groupID 0
[2026-02-02 21:59:54] info: 	z2m:mqtt: MQTT publish: topic 'zigbee2mqtt/IKEA Tradfri Switch 1', payload '{"action":"brightness_stop","battery":100,"identify":null,"linkquality":104,"update":{"installed_version":33816598,"latest_version":33816598,"state":"idle"}}'
[2026-02-02 21:59:54] info: 	z2m:mqtt: MQTT publish: topic 'zigbee2mqtt/IKEA Tradfri Switch 1/action', payload 'brightness_stop'
[2026-02-02 21:59:54] debug: 	zh:ember:uart:ash: <--- [FRAME type=DATA]
[2026-02-02 21:59:54] debug: 	zh:ember:uart:ash: <--- [FRAME type=DATA ackNum=6](ackRx=5 frmTx=6)
[2026-02-02 21:59:54] debug: 	zh:ember:uart:ash: <--- [FRAME type=DATA ackNum=6 frmNum=6](frmRx=6) Added to rxQueue
[2026-02-02 21:59:54] debug: 	zh:ember:uart:ash: ---> [FRAME type=ACK frmRx=7](ackRx=6)
[2026-02-02 21:59:54] debug: 	zh:ember:ezsp: <=== [FRAME: ID=52:"SEND_UNICAST" Seq=37 Len=7]
[2026-02-02 21:59:54] debug: 	zh:ember:ezsp: ~~~> [SENT type=DIRECT apsSequence=32 messageTag=4 status=OK]
[2026-02-02 21:59:54] debug: 	zh:ember: ~~~> [ZCL to=0x30fb10fffe4c12d6:10078 apsFrame={"profileId":260,"clusterId":8,"sourceEndpoint":1,"destinationEndpoint":1,"options":4352,"groupId":0,"sequence":0} header={"frameControl":{"reservedBits":0,"frameType":0,"direction":1,"disableDefaultResponse":true,"manufacturerSpecific":false},"transactionSequenceNumber":1,"commandIdentifier":11}]
[2026-02-02 21:59:54] debug: 	zh:ember:ezsp: ===> [FRAME: ID=52:"SEND_UNICAST" Seq=38 Len=26]
[2026-02-02 21:59:54] debug: 	zh:ember:uart:ash: ---> [FRAME type=DATA frmTx=6 frmRx=7](ackRx=6)
[2026-02-02 21:59:54] debug: 	zh:ember:uart:ash: <--- [FRAME type=DATA]
[2026-02-02 21:59:54] debug: 	zh:ember:uart:ash: <--- [FRAME type=DATA ackNum=6](ackRx=6 frmTx=7)
[2026-02-02 21:59:54] debug: 	zh:ember:uart:ash: <--- [FRAME type=DATA ackNum=6 frmNum=7](frmRx=7) Added to rxQueue
[2026-02-02 21:59:54] debug: 	zh:ember:uart:ash: ---> [FRAME type=ACK frmRx=0](ackRx=6)
[2026-02-02 21:59:54] debug: 	zh:ember:ezsp: <=== [CBFRAME: ID=63:"MESSAGE_SENT_HANDLER" Seq=37 Len=22]
[2026-02-02 21:59:54] debug: 	zh:ember:ezsp: ezspMessageSentHandler: status=OK type=DIRECT indexOrDestination=10078 apsFrame={"profileId":260,"clusterId":5,"sourceEndpoint":1,"destinationEndpoint":1,"options":4352,"groupId":0,"sequence":32} messageTag=4
[2026-02-02 21:59:54] debug: 	zh:ember:uart:ash: <--- [FRAME type=DATA]
[2026-02-02 21:59:54] debug: 	zh:ember:uart:ash: <--- [FRAME type=DATA ackNum=7](ackRx=6 frmTx=7)
[2026-02-02 21:59:54] debug: 	zh:ember:uart:ash: <--- [FRAME type=DATA ackNum=7 frmNum=0](frmRx=0) Added to rxQueue
[2026-02-02 21:59:54] debug: 	zh:ember:uart:ash: ---> [FRAME type=ACK frmRx=1](ackRx=7)
[2026-02-02 21:59:54] debug: 	zh:ember:ezsp: <=== [FRAME: ID=52:"SEND_UNICAST" Seq=38 Len=7]
[2026-02-02 21:59:54] debug: 	zh:ember:ezsp: ~~~> [SENT type=DIRECT apsSequence=33 messageTag=5 status=OK]
[2026-02-02 21:59:54] debug: 	zh:ember:uart:ash: <--- [FRAME type=DATA]
[2026-02-02 21:59:54] debug: 	zh:ember:uart:ash: <--- [FRAME type=DATA ackNum=7](ackRx=7 frmTx=7)
[2026-02-02 21:59:54] debug: 	zh:ember:uart:ash: <--- [FRAME type=DATA ackNum=7 frmNum=1](frmRx=1) Added to rxQueue
[2026-02-02 21:59:54] debug: 	zh:ember:uart:ash: ---> [FRAME type=ACK frmRx=2](ackRx=7)
[2026-02-02 21:59:54] debug: 	zh:ember:ezsp: <=== [CBFRAME: ID=63:"MESSAGE_SENT_HANDLER" Seq=38 Len=22]
[2026-02-02 21:59:54] debug: 	zh:ember:ezsp: ezspMessageSentHandler: status=OK type=DIRECT indexOrDestination=10078 apsFrame={"profileId":260,"clusterId":8,"sourceEndpoint":1,"destinationEndpoint":1,"options":4352,"groupId":0,"sequence":33} messageTag=5
[2026-02-02 21:59:54] debug: 	zh:ember:uart:ash: <--- [FRAME type=DATA]
[2026-02-02 21:59:54] debug: 	zh:ember:uart:ash: <--- [FRAME type=DATA ackNum=7](ackRx=7 frmTx=7)
[2026-02-02 21:59:54] debug: 	zh:ember:uart:ash: <--- [FRAME type=DATA ackNum=7 frmNum=2](frmRx=2) Added to rxQueue
[2026-02-02 21:59:54] debug: 	zh:ember:uart:ash: ---> [FRAME type=ACK frmRx=3](ackRx=7)
[2026-02-02 21:59:54] debug: 	zh:ember:ezsp: <=== [CBFRAME: ID=125:"INCOMING_MANY_TO_ONE_ROUTE_REQUEST_HANDLER" Seq=38 Len=16]
[2026-02-02 21:59:54] debug: 	zh:ember:ezsp: ezspIncomingManyToOneRouteRequestHandler: source=40200 longId=0x842712fffedb8ddb cost=1
[2026-02-02 21:59:54] debug: 	zh:ember:uart:ash: <--- [FRAME type=DATA]
[2026-02-02 21:59:54] debug: 	zh:ember:uart:ash: <--- [FRAME type=DATA ackNum=7](ackRx=7 frmTx=7)
[2026-02-02 21:59:54] debug: 	zh:ember:uart:ash: <--- [FRAME type=DATA ackNum=7 frmNum=3](frmRx=3) Added to rxQueue
[2026-02-02 21:59:54] debug: 	zh:ember:uart:ash: ---> [FRAME type=ACK frmRx=4](ackRx=7)
[2026-02-02 21:59:54] debug: 	zh:ember:ezsp: <=== [CBFRAME: ID=69:"INCOMING_MESSAGE_HANDLER" Seq=38 Len=30]
[2026-02-02 21:59:54] debug: 	zh:ember:ezsp: ezspIncomingMessageHandler: type=UNICAST apsFrame={"profileId":260,"clusterId":8,"sourceEndpoint":1,"destinationEndpoint":1,"options":256,"groupId":0,"sequence":106} packetInfo:{"senderShortId":10078,"senderLongId":"0xffffffffffffffff","bindingIndex":255,"addressIndex":255,"lastHopLqi":116,"lastHopRssi":-71,"lastHopTimestamp":0} messageContents=0102050053
[2026-02-02 21:59:54] debug: 	zh:controller: Received payload: clusterID=8, address=10078, groupID=0, endpoint=1, destinationEndpoint=1, wasBroadcast=false, linkQuality=116, frame={"header":{"frameControl":{"frameType":1,"manufacturerSpecific":false,"direction":0,"disableDefaultResponse":false,"reservedBits":0},"transactionSequenceNumber":2,"commandIdentifier":5},"payload":{"movemode":0,"rate":83},"command":{"ID":5,"parameters":[{"name":"movemode","type":48},{"name":"rate","type":32},{"name":"optionsMask","type":24,"conditions":[{"type":"minimumRemainingBufferBytes","value":1}]},{"name":"optionsOverride","type":24,"conditions":[{"type":"minimumRemainingBufferBytes","value":1}]}],"required":true,"name":"moveWithOnOff"}}
[2026-02-02 21:59:54] debug: 	zh:controller:endpoint: ZCL command 0x30fb10fffe4c12d6/1 genLevelCtrl.defaultRsp({"cmdId":5,"statusCode":0}, {"timeout":10000,"disableResponse":false,"disableRecovery":false,"disableDefaultResponse":true,"direction":1,"reservedBits":0,"transactionSequenceNumber":2,"writeUndiv":false})
[2026-02-02 21:59:54] debug: 	zh:controller:endpoint: Request Queue (0x30fb10fffe4c12d6/1): send defaultRsp request immediately (sendPolicy=undefined)
[2026-02-02 21:59:54] debug: 	zh:ember: ~~~> [ZCL to=0x30fb10fffe4c12d6:10078 apsFrame={"profileId":260,"clusterId":8,"sourceEndpoint":1,"destinationEndpoint":1,"options":4352,"groupId":0,"sequence":0} header={"frameControl":{"reservedBits":0,"frameType":0,"direction":1,"disableDefaultResponse":true,"manufacturerSpecific":false},"transactionSequenceNumber":2,"commandIdentifier":11}]
[2026-02-02 21:59:54] debug: 	zh:ember:ezsp: ===> [FRAME: ID=52:"SEND_UNICAST" Seq=39 Len=26]
[2026-02-02 21:59:54] debug: 	zh:ember:uart:ash: ---> [FRAME type=DATA frmTx=7 frmRx=4](ackRx=7)
[2026-02-02 21:59:54] debug: 	z2m: Received Zigbee message from 'IKEA Tradfri Switch 1', type 'commandMoveWithOnOff', cluster 'genLevelCtrl', data '{"movemode":0,"rate":83}' from endpoint 1 with groupID 0
[2026-02-02 21:59:54] info: 	z2m:mqtt: MQTT publish: topic 'zigbee2mqtt/IKEA Tradfri Switch 1', payload '{"action":"brightness_move_up","action_rate":83,"battery":100,"identify":null,"linkquality":116,"update":{"installed_version":33816598,"latest_version":33816598,"state":"idle"}}'
[2026-02-02 21:59:54] info: 	z2m:mqtt: MQTT publish: topic 'zigbee2mqtt/IKEA Tradfri Switch 1/action', payload 'brightness_move_up'
[2026-02-02 21:59:54] debug: 	zh:ember:uart:ash: <--- [FRAME type=DATA]
[2026-02-02 21:59:54] debug: 	zh:ember:uart:ash: <--- [FRAME type=DATA ackNum=0](ackRx=7 frmTx=0)
[2026-02-02 21:59:54] debug: 	zh:ember:uart:ash: <--- [FRAME type=DATA ackNum=0 frmNum=4](frmRx=4) Added to rxQueue
[2026-02-02 21:59:54] debug: 	zh:ember:uart:ash: ---> [FRAME type=ACK frmRx=5](ackRx=0)
[2026-02-02 21:59:54] debug: 	zh:ember:ezsp: <=== [FRAME: ID=52:"SEND_UNICAST" Seq=39 Len=7]
[2026-02-02 21:59:54] debug: 	zh:ember:ezsp: ~~~> [SENT type=DIRECT apsSequence=34 messageTag=6 status=OK]
[2026-02-02 21:59:54] debug: 	zh:ember:uart:ash: <--- [FRAME type=DATA]
[2026-02-02 21:59:54] debug: 	zh:ember:uart:ash: <--- [FRAME type=DATA ackNum=0](ackRx=0 frmTx=0)
[2026-02-02 21:59:54] debug: 	zh:ember:uart:ash: <--- [FRAME type=DATA ackNum=0 frmNum=5](frmRx=5) Added to rxQueue
[2026-02-02 21:59:54] debug: 	zh:ember:uart:ash: ---> [FRAME type=ACK frmRx=6](ackRx=0)
[2026-02-02 21:59:54] debug: 	zh:ember:ezsp: <=== [CBFRAME: ID=63:"MESSAGE_SENT_HANDLER" Seq=39 Len=22]
[2026-02-02 21:59:54] debug: 	zh:ember:ezsp: ezspMessageSentHandler: status=OK type=DIRECT indexOrDestination=10078 apsFrame={"profileId":260,"clusterId":8,"sourceEndpoint":1,"destinationEndpoint":1,"options":4352,"groupId":0,"sequence":34} messageTag=6
[2026-02-02 21:59:55] debug: 	zh:ember:uart:ash: <--- [FRAME type=DATA]
[2026-02-02 21:59:55] debug: 	zh:ember:uart:ash: <--- [FRAME type=DATA ackNum=0](ackRx=0 frmTx=0)
[2026-02-02 21:59:55] debug: 	zh:ember:uart:ash: <--- [FRAME type=DATA ackNum=0 frmNum=6](frmRx=6) Added to rxQueue
[2026-02-02 21:59:55] debug: 	zh:ember:uart:ash: ---> [FRAME type=ACK frmRx=7](ackRx=0)
[2026-02-02 21:59:55] debug: 	zh:ember:ezsp: <=== [CBFRAME: ID=69:"INCOMING_MESSAGE_HANDLER" Seq=39 Len=28]
[2026-02-02 21:59:55] debug: 	zh:ember:ezsp: ezspIncomingMessageHandler: type=UNICAST apsFrame={"profileId":260,"clusterId":8,"sourceEndpoint":1,"destinationEndpoint":1,"options":256,"groupId":0,"sequence":107} packetInfo:{"senderShortId":10078,"senderLongId":"0xffffffffffffffff","bindingIndex":255,"addressIndex":255,"lastHopLqi":96,"lastHopRssi":-76,"lastHopTimestamp":0} messageContents=010307
[2026-02-02 21:59:55] debug: 	zh:controller: Received payload: clusterID=8, address=10078, groupID=0, endpoint=1, destinationEndpoint=1, wasBroadcast=false, linkQuality=96, frame={"header":{"frameControl":{"frameType":1,"manufacturerSpecific":false,"direction":0,"disableDefaultResponse":false,"reservedBits":0},"transactionSequenceNumber":3,"commandIdentifier":7},"payload":{},"command":{"ID":7,"parameters":[{"name":"optionsMask","type":24,"conditions":[{"type":"minimumRemainingBufferBytes","value":1}]},{"name":"optionsOverride","type":24,"conditions":[{"type":"minimumRemainingBufferBytes","value":1}]}],"required":true,"name":"stopWithOnOff"}}
[2026-02-02 21:59:55] debug: 	zh:controller:endpoint: ZCL command 0x30fb10fffe4c12d6/1 genLevelCtrl.defaultRsp({"cmdId":7,"statusCode":0}, {"timeout":10000,"disableResponse":false,"disableRecovery":false,"disableDefaultResponse":true,"direction":1,"reservedBits":0,"transactionSequenceNumber":3,"writeUndiv":false})
[2026-02-02 21:59:55] debug: 	zh:controller:endpoint: Request Queue (0x30fb10fffe4c12d6/1): send defaultRsp request immediately (sendPolicy=undefined)
[2026-02-02 21:59:55] debug: 	zh:ember: ~~~> [ZCL to=0x30fb10fffe4c12d6:10078 apsFrame={"profileId":260,"clusterId":8,"sourceEndpoint":1,"destinationEndpoint":1,"options":4352,"groupId":0,"sequence":0} header={"frameControl":{"reservedBits":0,"frameType":0,"direction":1,"disableDefaultResponse":true,"manufacturerSpecific":false},"transactionSequenceNumber":3,"commandIdentifier":11}]
[2026-02-02 21:59:55] debug: 	zh:ember:ezsp: ===> [FRAME: ID=52:"SEND_UNICAST" Seq=40 Len=26]
[2026-02-02 21:59:55] debug: 	zh:ember:uart:ash: ---> [FRAME type=DATA frmTx=0 frmRx=7](ackRx=0)
[2026-02-02 21:59:55] debug: 	z2m: Received Zigbee message from 'IKEA Tradfri Switch 1', type 'commandStopWithOnOff', cluster 'genLevelCtrl', data '{}' from endpoint 1 with groupID 0
[2026-02-02 21:59:55] info: 	z2m:mqtt: MQTT publish: topic 'zigbee2mqtt/IKEA Tradfri Switch 1', payload '{"action":"brightness_stop","battery":100,"identify":null,"linkquality":96,"update":{"installed_version":33816598,"latest_version":33816598,"state":"idle"}}'
[2026-02-02 21:59:55] info: 	z2m:mqtt: MQTT publish: topic 'zigbee2mqtt/IKEA Tradfri Switch 1/action', payload 'brightness_stop'
[2026-02-02 21:59:55] debug: 	zh:ember:uart:ash: <--- [FRAME type=DATA]
[2026-02-02 21:59:55] debug: 	zh:ember:uart:ash: <--- [FRAME type=DATA ackNum=1](ackRx=0 frmTx=1)
[2026-02-02 21:59:55] debug: 	zh:ember:uart:ash: <--- [FRAME type=DATA ackNum=1 frmNum=7](frmRx=7) Added to rxQueue
[2026-02-02 21:59:55] debug: 	zh:ember:uart:ash: ---> [FRAME type=ACK frmRx=0](ackRx=1)
[2026-02-02 21:59:55] debug: 	zh:ember:ezsp: <=== [FRAME: ID=52:"SEND_UNICAST" Seq=40 Len=7]
[2026-02-02 21:59:55] debug: 	zh:ember:ezsp: ~~~> [SENT type=DIRECT apsSequence=35 messageTag=7 status=OK]
[2026-02-02 21:59:55] debug: 	zh:ember:uart:ash: <--- [FRAME type=DATA]
[2026-02-02 21:59:55] debug: 	zh:ember:uart:ash: <--- [FRAME type=DATA ackNum=1](ackRx=1 frmTx=1)
[2026-02-02 21:59:55] debug: 	zh:ember:uart:ash: <--- [FRAME type=DATA ackNum=1 frmNum=0](frmRx=0) Added to rxQueue
[2026-02-02 21:59:55] debug: 	zh:ember:uart:ash: ---> [FRAME type=ACK frmRx=1](ackRx=1)
[2026-02-02 21:59:55] debug: 	zh:ember:ezsp: <=== [CBFRAME: ID=63:"MESSAGE_SENT_HANDLER" Seq=40 Len=22]
[2026-02-02 21:59:55] debug: 	zh:ember:ezsp: ezspMessageSentHandler: status=OK type=DIRECT indexOrDestination=10078 apsFrame={"profileId":260,"clusterId":8,"sourceEndpoint":1,"destinationEndpoint":1,"options":4352,"groupId":0,"sequence":35} messageTag=7
[2026-02-02 22:00:09] debug: 	zh:ember:uart:ash: <--- [FRAME type=DATA]
[2026-02-02 22:00:09] debug: 	zh:ember:uart:ash: <--- [FRAME type=DATA ackNum=1](ackRx=1 frmTx=1)
[2026-02-02 22:00:09] debug: 	zh:ember:uart:ash: <--- [FRAME type=DATA ackNum=1 frmNum=1](frmRx=1) Added to rxQueue
[2026-02-02 22:00:09] debug: 	zh:ember:uart:ash: ---> [FRAME type=ACK frmRx=2](ackRx=1)
[2026-02-02 22:00:09] debug: 	zh:ember:ezsp: <=== [CBFRAME: ID=69:"INCOMING_MESSAGE_HANDLER" Seq=40 Len=33]
[2026-02-02 22:00:09] debug: 	zh:ember:ezsp: ezspIncomingMessageHandler: type=UNICAST apsFrame={"profileId":260,"clusterId":2820,"sourceEndpoint":1,"destinationEndpoint":1,"options":256,"groupId":0,"sequence":250} packetInfo:{"senderShortId":7447,"senderLongId":"0xffffffffffffffff","bindingIndex":255,"addressIndex":255,"lastHopLqi":160,"lastHopRssi":-60,"lastHopTimestamp":0} messageContents=18810a050521e900
[2026-02-02 22:00:09] debug: 	zh:controller: Received payload: clusterID=2820, address=7447, groupID=0, endpoint=1, destinationEndpoint=1, wasBroadcast=false, linkQuality=160, frame={"header":{"frameControl":{"frameType":0,"manufacturerSpecific":false,"direction":1,"disableDefaultResponse":true,"reservedBits":0},"transactionSequenceNumber":129,"commandIdentifier":10},"payload":[{"attrId":1285,"dataType":33,"attrData":233}],"command":{"ID":10,"name":"report","parameters":[{"name":"attrId","type":9},{"name":"dataType","type":8},{"name":"attrData","type":1000}]}}
[2026-02-02 22:00:09] debug: 	z2m: Received Zigbee message from 'Tuya Connected Outlet', type 'attributeReport', cluster 'haElectricalMeasurement', data '{"rmsVoltage":233}' from endpoint 1 with groupID 0
[2026-02-02 22:00:09] info: 	z2m:mqtt: MQTT publish: topic 'zigbee2mqtt/Tuya Connected Outlet', payload '{"child_lock":"UNLOCK","countdown":0,"current":0,"energy":28.22,"indicator_mode":"off/on","linkquality":160,"power":0,"power_outage_memory":"off","state":"OFF","update":{"installed_version":268514823,"latest_version":268514823,"state":"idle"},"voltage":233}'
[2026-02-02 22:00:19] debug: 	zh:controller:endpoint: ZCL command 0xa4c138247a1a948b/1 haElectricalMeasurement.read(["rmsVoltage","rmsCurrent","activePower"], {"timeout":10000,"disableResponse":false,"disableRecovery":false,"disableDefaultResponse":true,"direction":0,"reservedBits":0,"writeUndiv":false})
[2026-02-02 22:00:19] debug: 	zh:ember: ~~~> [ZCL to=0xa4c138247a1a948b:7447 apsFrame={"profileId":260,"clusterId":2820,"sourceEndpoint":1,"destinationEndpoint":1,"options":4416,"groupId":0,"sequence":0} header={"frameControl":{"reservedBits":0,"frameType":0,"direction":0,"disableDefaultResponse":true,"manufacturerSpecific":false},"transactionSequenceNumber":0,"commandIdentifier":0}]
[2026-02-02 22:00:19] debug: 	zh:ember:ezsp: ===> [FRAME: ID=52:"SEND_UNICAST" Seq=41 Len=30]
[2026-02-02 22:00:19] debug: 	zh:ember:uart:ash: ---> [FRAME type=DATA frmTx=1 frmRx=2](ackRx=1)
[2026-02-02 22:00:19] debug: 	zh:ember:uart:ash: <--- [FRAME type=DATA]
[2026-02-02 22:00:19] debug: 	zh:ember:uart:ash: <--- [FRAME type=DATA ackNum=2](ackRx=1 frmTx=2)
[2026-02-02 22:00:19] debug: 	zh:ember:uart:ash: <--- [FRAME type=DATA ackNum=2 frmNum=2](frmRx=2) Added to rxQueue
[2026-02-02 22:00:19] debug: 	zh:ember:uart:ash: ---> [FRAME type=ACK frmRx=3](ackRx=2)
[2026-02-02 22:00:19] debug: 	zh:ember:ezsp: <=== [FRAME: ID=52:"SEND_UNICAST" Seq=41 Len=7]
[2026-02-02 22:00:19] debug: 	zh:ember:ezsp: ~~~> [SENT type=DIRECT apsSequence=36 messageTag=8 status=OK]
[2026-02-02 22:00:19] debug: 	zh:ember:uart:ash: <--- [FRAME type=DATA]
[2026-02-02 22:00:19] debug: 	zh:ember:uart:ash: <--- [FRAME type=DATA ackNum=2](ackRx=2 frmTx=2)
[2026-02-02 22:00:19] debug: 	zh:ember:uart:ash: <--- [FRAME type=DATA ackNum=2 frmNum=3](frmRx=3) Added to rxQueue
[2026-02-02 22:00:19] debug: 	zh:ember:uart:ash: ---> [FRAME type=ACK frmRx=4](ackRx=2)
[2026-02-02 22:00:19] debug: 	zh:ember:ezsp: <=== [CBFRAME: ID=63:"MESSAGE_SENT_HANDLER" Seq=41 Len=22]
[2026-02-02 22:00:19] debug: 	zh:ember:ezsp: ezspMessageSentHandler: status=OK type=DIRECT indexOrDestination=7447 apsFrame={"profileId":260,"clusterId":2820,"sourceEndpoint":1,"destinationEndpoint":1,"options":4416,"groupId":0,"sequence":36} messageTag=8
[2026-02-02 22:00:19] debug: 	zh:ember:uart:ash: <--- [FRAME type=DATA]
[2026-02-02 22:00:19] debug: 	zh:ember:uart:ash: <--- [FRAME type=DATA ackNum=2](ackRx=2 frmTx=2)
[2026-02-02 22:00:19] debug: 	zh:ember:uart:ash: <--- [FRAME type=DATA ackNum=2 frmNum=4](frmRx=4) Added to rxQueue
[2026-02-02 22:00:19] debug: 	zh:ember:uart:ash: ---> [FRAME type=ACK frmRx=5](ackRx=2)
[2026-02-02 22:00:19] debug: 	zh:ember:ezsp: <=== [CBFRAME: ID=69:"INCOMING_MESSAGE_HANDLER" Seq=41 Len=46]
[2026-02-02 22:00:19] debug: 	zh:ember:ezsp: ezspIncomingMessageHandler: type=UNICAST apsFrame={"profileId":260,"clusterId":2820,"sourceEndpoint":1,"destinationEndpoint":1,"options":320,"groupId":0,"sequence":251} packetInfo:{"senderShortId":7447,"senderLongId":"0xffffffffffffffff","bindingIndex":255,"addressIndex":255,"lastHopLqi":144,"lastHopRssi":-64,"lastHopTimestamp":0} messageContents=18000105050021eb000805002100000b0500210000
[2026-02-02 22:00:19] debug: 	zh:controller: Received payload: clusterID=2820, address=7447, groupID=0, endpoint=1, destinationEndpoint=1, wasBroadcast=false, linkQuality=144, frame={"header":{"frameControl":{"frameType":0,"manufacturerSpecific":false,"direction":1,"disableDefaultResponse":true,"reservedBits":0},"transactionSequenceNumber":0,"commandIdentifier":1},"payload":[{"attrId":1285,"status":0,"dataType":33,"attrData":235},{"attrId":1288,"status":0,"dataType":33,"attrData":0},{"attrId":1291,"status":0,"dataType":33,"attrData":0}],"command":{"ID":1,"name":"readRsp","parameters":[{"name":"attrId","type":9},{"name":"status","type":8},{"name":"dataType","type":8,"conditions":[{"type":"fieldEquals","field":"status","value":0}]},{"name":"attrData","type":1000,"conditions":[{"type":"fieldEquals","field":"status","value":0}]}]}}
[2026-02-02 22:00:19] debug: 	z2m: Received Zigbee message from 'Tuya Connected Outlet', type 'readResponse', cluster 'haElectricalMeasurement', data '{"activePower":0,"rmsCurrent":0,"rmsVoltage":235}' from endpoint 1 with groupID 0
[2026-02-02 22:00:19] info: 	z2m:mqtt: MQTT publish: topic 'zigbee2mqtt/Tuya Connected Outlet', payload '{"child_lock":"UNLOCK","countdown":0,"current":0,"energy":28.22,"indicator_mode":"off/on","linkquality":144,"power":0,"power_outage_memory":"off","state":"OFF","update":{"installed_version":268514823,"latest_version":268514823,"state":"idle"},"voltage":235}'
[2026-02-02 22:00:19] debug: 	zh:controller:endpoint: ZCL command 0xa4c138247a1a948b/1 seMetering.read(["currentSummDelivered"], {"timeout":10000,"disableResponse":false,"disableRecovery":false,"disableDefaultResponse":true,"direction":0,"reservedBits":0,"writeUndiv":false})
[2026-02-02 22:00:19] debug: 	zh:ember: ~~~> [ZCL to=0xa4c138247a1a948b:7447 apsFrame={"profileId":260,"clusterId":1794,"sourceEndpoint":1,"destinationEndpoint":1,"options":4416,"groupId":0,"sequence":0} header={"frameControl":{"reservedBits":0,"frameType":0,"direction":0,"disableDefaultResponse":true,"manufacturerSpecific":false},"transactionSequenceNumber":1,"commandIdentifier":0}]
[2026-02-02 22:00:19] debug: 	zh:ember:ezsp: ===> [FRAME: ID=52:"SEND_UNICAST" Seq=42 Len=26]
[2026-02-02 22:00:19] debug: 	zh:ember:uart:ash: ---> [FRAME type=DATA frmTx=2 frmRx=5](ackRx=2)
[2026-02-02 22:00:19] debug: 	zh:ember:uart:ash: <--- [FRAME type=DATA]
[2026-02-02 22:00:19] debug: 	zh:ember:uart:ash: <--- [FRAME type=DATA ackNum=3](ackRx=2 frmTx=3)
[2026-02-02 22:00:19] debug: 	zh:ember:uart:ash: <--- [FRAME type=DATA ackNum=3 frmNum=5](frmRx=5) Added to rxQueue
[2026-02-02 22:00:19] debug: 	zh:ember:uart:ash: ---> [FRAME type=ACK frmRx=6](ackRx=3)
[2026-02-02 22:00:19] debug: 	zh:ember:ezsp: <=== [FRAME: ID=52:"SEND_UNICAST" Seq=42 Len=7]
[2026-02-02 22:00:19] debug: 	zh:ember:ezsp: ~~~> [SENT type=DIRECT apsSequence=37 messageTag=9 status=OK]
[2026-02-02 22:00:19] debug: 	zh:ember:uart:ash: <--- [FRAME type=DATA]
[2026-02-02 22:00:19] debug: 	zh:ember:uart:ash: <--- [FRAME type=DATA ackNum=3](ackRx=3 frmTx=3)
[2026-02-02 22:00:19] debug: 	zh:ember:uart:ash: <--- [FRAME type=DATA ackNum=3 frmNum=6](frmRx=6) Added to rxQueue
[2026-02-02 22:00:19] debug: 	zh:ember:uart:ash: ---> [FRAME type=ACK frmRx=7](ackRx=3)
[2026-02-02 22:00:19] debug: 	zh:ember:ezsp: <=== [CBFRAME: ID=63:"MESSAGE_SENT_HANDLER" Seq=42 Len=22]
[2026-02-02 22:00:19] debug: 	zh:ember:ezsp: ezspMessageSentHandler: status=OK type=DIRECT indexOrDestination=7447 apsFrame={"profileId":260,"clusterId":1794,"sourceEndpoint":1,"destinationEndpoint":1,"options":4416,"groupId":0,"sequence":37} messageTag=9
[2026-02-02 22:00:19] debug: 	zh:ember:uart:ash: <--- [FRAME type=DATA]
[2026-02-02 22:00:19] debug: 	zh:ember:uart:ash: <--- [FRAME type=DATA ackNum=3](ackRx=3 frmTx=3)
[2026-02-02 22:00:19] debug: 	zh:ember:uart:ash: <--- [FRAME type=DATA ackNum=3 frmNum=7](frmRx=7) Added to rxQueue
[2026-02-02 22:00:19] debug: 	zh:ember:uart:ash: ---> [FRAME type=ACK frmRx=0](ackRx=3)
[2026-02-02 22:00:19] debug: 	zh:ember:ezsp: <=== [CBFRAME: ID=69:"INCOMING_MESSAGE_HANDLER" Seq=42 Len=38]
[2026-02-02 22:00:19] debug: 	zh:ember:ezsp: ezspIncomingMessageHandler: type=UNICAST apsFrame={"profileId":260,"clusterId":1794,"sourceEndpoint":1,"destinationEndpoint":1,"options":320,"groupId":0,"sequence":252} packetInfo:{"senderShortId":7447,"senderLongId":"0xffffffffffffffff","bindingIndex":255,"addressIndex":255,"lastHopLqi":144,"lastHopRssi":-64,"lastHopTimestamp":0} messageContents=18010100000025060b00000000
[2026-02-02 22:00:19] debug: 	zh:controller: Received payload: clusterID=1794, address=7447, groupID=0, endpoint=1, destinationEndpoint=1, wasBroadcast=false, linkQuality=144, frame={"header":{"frameControl":{"frameType":0,"manufacturerSpecific":false,"direction":1,"disableDefaultResponse":true,"reservedBits":0},"transactionSequenceNumber":1,"commandIdentifier":1},"payload":[{"attrId":0,"status":0,"dataType":37,"attrData":2822}],"command":{"ID":1,"name":"readRsp","parameters":[{"name":"attrId","type":9},{"name":"status","type":8},{"name":"dataType","type":8,"conditions":[{"type":"fieldEquals","field":"status","value":0}]},{"name":"attrData","type":1000,"conditions":[{"type":"fieldEquals","field":"status","value":0}]}]}}
[2026-02-02 22:00:19] debug: 	z2m: Received Zigbee message from 'Tuya Connected Outlet', type 'readResponse', cluster 'seMetering', data '{"currentSummDelivered":2822}' from endpoint 1 with groupID 0
[2026-02-02 22:00:19] info: 	z2m:mqtt: MQTT publish: topic 'zigbee2mqtt/Tuya Connected Outlet', payload '{"child_lock":"UNLOCK","countdown":0,"current":0,"energy":28.22,"indicator_mode":"off/on","linkquality":144,"power":0,"power_outage_memory":"off","state":"OFF","update":{"installed_version":268514823,"latest_version":268514823,"state":"idle"},"voltage":235}'
[2026-02-02 22:00:20] debug: 	z2m:mqtt: Received MQTT message on 'zigbee2mqtt/Tuya Connected Outlet/set' with data 'ON'
[2026-02-02 22:00:20] debug: 	z2m: Publishing 'set' 'state' to 'Tuya Connected Outlet'
[2026-02-02 22:00:20] debug: 	zh:controller:endpoint: ZCL command 0xa4c138247a1a948b/1 genOnOff.on({}, {"timeout":10000,"disableResponse":false,"disableRecovery":false,"disableDefaultResponse":false,"direction":0,"reservedBits":0,"writeUndiv":false})
[2026-02-02 22:00:20] debug: 	zh:ember: ~~~> [ZCL to=0xa4c138247a1a948b:7447 apsFrame={"profileId":260,"clusterId":6,"sourceEndpoint":1,"destinationEndpoint":1,"options":4416,"groupId":0,"sequence":0} header={"frameControl":{"reservedBits":0,"frameType":1,"direction":0,"disableDefaultResponse":false,"manufacturerSpecific":false},"transactionSequenceNumber":2,"commandIdentifier":1}]
[2026-02-02 22:00:20] debug: 	zh:ember:ezsp: ===> [FRAME: ID=52:"SEND_UNICAST" Seq=43 Len=24]
[2026-02-02 22:00:20] debug: 	zh:ember:uart:ash: ---> [FRAME type=DATA frmTx=3 frmRx=0](ackRx=3)
[2026-02-02 22:00:20] debug: 	zh:ember:uart:ash: <--- [FRAME type=DATA]
[2026-02-02 22:00:20] debug: 	zh:ember:uart:ash: <--- [FRAME type=DATA ackNum=4](ackRx=3 frmTx=4)
[2026-02-02 22:00:20] debug: 	zh:ember:uart:ash: <--- [FRAME type=DATA ackNum=4 frmNum=0](frmRx=0) Added to rxQueue
[2026-02-02 22:00:20] debug: 	zh:ember:uart:ash: ---> [FRAME type=ACK frmRx=1](ackRx=4)
[2026-02-02 22:00:20] debug: 	zh:ember:ezsp: <=== [FRAME: ID=52:"SEND_UNICAST" Seq=43 Len=7]
[2026-02-02 22:00:20] debug: 	zh:ember:ezsp: ~~~> [SENT type=DIRECT apsSequence=38 messageTag=10 status=OK]
[2026-02-02 22:00:20] debug: 	zh:ember:uart:ash: <--- [FRAME type=DATA]
[2026-02-02 22:00:20] debug: 	zh:ember:uart:ash: <--- [FRAME type=DATA ackNum=4](ackRx=4 frmTx=4)
[2026-02-02 22:00:20] debug: 	zh:ember:uart:ash: <--- [FRAME type=DATA ackNum=4 frmNum=1](frmRx=1) Added to rxQueue
[2026-02-02 22:00:20] debug: 	zh:ember:uart:ash: ---> [FRAME type=ACK frmRx=2](ackRx=4)
[2026-02-02 22:00:20] debug: 	zh:ember:ezsp: <=== [CBFRAME: ID=63:"MESSAGE_SENT_HANDLER" Seq=43 Len=22]
[2026-02-02 22:00:20] debug: 	zh:ember:ezsp: ezspMessageSentHandler: status=OK type=DIRECT indexOrDestination=7447 apsFrame={"profileId":260,"clusterId":6,"sourceEndpoint":1,"destinationEndpoint":1,"options":4416,"groupId":0,"sequence":38} messageTag=10
[2026-02-02 22:00:20] debug: 	zh:ember:uart:ash: <--- [FRAME type=DATA]
[2026-02-02 22:00:20] debug: 	zh:ember:uart:ash: <--- [FRAME type=DATA ackNum=4](ackRx=4 frmTx=4)
[2026-02-02 22:00:20] debug: 	zh:ember:uart:ash: <--- [FRAME type=DATA ackNum=4 frmNum=2](frmRx=2) Added to rxQueue
[2026-02-02 22:00:20] debug: 	zh:ember:uart:ash: ---> [FRAME type=ACK frmRx=3](ackRx=4)
[2026-02-02 22:00:20] debug: 	zh:ember:ezsp: <=== [CBFRAME: ID=69:"INCOMING_MESSAGE_HANDLER" Seq=43 Len=30]
[2026-02-02 22:00:20] debug: 	zh:ember:ezsp: ezspIncomingMessageHandler: type=UNICAST apsFrame={"profileId":260,"clusterId":6,"sourceEndpoint":1,"destinationEndpoint":1,"options":320,"groupId":0,"sequence":253} packetInfo:{"senderShortId":7447,"senderLongId":"0xffffffffffffffff","bindingIndex":255,"addressIndex":255,"lastHopLqi":144,"lastHopRssi":-64,"lastHopTimestamp":0} messageContents=18020b0100
[2026-02-02 22:00:20] debug: 	zh:controller: Received payload: clusterID=6, address=7447, groupID=0, endpoint=1, destinationEndpoint=1, wasBroadcast=false, linkQuality=144, frame={"header":{"frameControl":{"frameType":0,"manufacturerSpecific":false,"direction":1,"disableDefaultResponse":true,"reservedBits":0},"transactionSequenceNumber":2,"commandIdentifier":11},"payload":{"cmdId":1,"statusCode":0},"command":{"ID":11,"name":"defaultRsp","parameters":[{"name":"cmdId","type":8},{"name":"statusCode","type":48}]}}
[2026-02-02 22:00:20] info: 	z2m:mqtt: MQTT publish: topic 'zigbee2mqtt/Tuya Connected Outlet', payload '{"child_lock":"UNLOCK","countdown":0,"current":0,"energy":28.22,"indicator_mode":"off/on","linkquality":144,"power":0,"power_outage_memory":"off","state":"ON","update":{"installed_version":268514823,"latest_version":268514823,"state":"idle"},"voltage":235}'
[2026-02-02 22:00:20] debug: 	zh:ember:uart:ash: <--- [FRAME type=DATA]
[2026-02-02 22:00:20] debug: 	zh:ember:uart:ash: <--- [FRAME type=DATA ackNum=4](ackRx=4 frmTx=4)
[2026-02-02 22:00:20] debug: 	zh:ember:uart:ash: <--- [FRAME type=DATA ackNum=4 frmNum=3](frmRx=3) Added to rxQueue
[2026-02-02 22:00:20] debug: 	zh:ember:uart:ash: ---> [FRAME type=ACK frmRx=4](ackRx=4)
[2026-02-02 22:00:20] debug: 	zh:ember:ezsp: <=== [CBFRAME: ID=69:"INCOMING_MESSAGE_HANDLER" Seq=43 Len=32]
[2026-02-02 22:00:20] debug: 	zh:ember:ezsp: ezspIncomingMessageHandler: type=UNICAST apsFrame={"profileId":260,"clusterId":6,"sourceEndpoint":1,"destinationEndpoint":1,"options":256,"groupId":0,"sequence":254} packetInfo:{"senderShortId":7447,"senderLongId":"0xffffffffffffffff","bindingIndex":255,"addressIndex":255,"lastHopLqi":148,"lastHopRssi":-63,"lastHopTimestamp":0} messageContents=18820a00001001
[2026-02-02 22:00:20] debug: 	zh:controller: Received payload: clusterID=6, address=7447, groupID=0, endpoint=1, destinationEndpoint=1, wasBroadcast=false, linkQuality=148, frame={"header":{"frameControl":{"frameType":0,"manufacturerSpecific":false,"direction":1,"disableDefaultResponse":true,"reservedBits":0},"transactionSequenceNumber":130,"commandIdentifier":10},"payload":[{"attrId":0,"dataType":16,"attrData":1}],"command":{"ID":10,"name":"report","parameters":[{"name":"attrId","type":9},{"name":"dataType","type":8},{"name":"attrData","type":1000}]}}
[2026-02-02 22:00:20] debug: 	z2m: Received Zigbee message from 'Tuya Connected Outlet', type 'attributeReport', cluster 'genOnOff', data '{"onOff":1}' from endpoint 1 with groupID 0
[2026-02-02 22:00:20] info: 	z2m:mqtt: MQTT publish: topic 'zigbee2mqtt/Tuya Connected Outlet', payload '{"child_lock":"UNLOCK","countdown":0,"current":0,"energy":28.22,"indicator_mode":"off/on","linkquality":148,"power":0,"power_outage_memory":"off","state":"ON","update":{"installed_version":268514823,"latest_version":268514823,"state":"idle"},"voltage":235}'
[2026-02-02 22:00:21] debug: 	zh:ember:uart:ash: <--- [FRAME type=DATA]
[2026-02-02 22:00:21] debug: 	zh:ember:uart:ash: <--- [FRAME type=DATA ackNum=4](ackRx=4 frmTx=4)
[2026-02-02 22:00:21] debug: 	zh:ember:uart:ash: <--- [FRAME type=DATA ackNum=4 frmNum=4](frmRx=4) Added to rxQueue
[2026-02-02 22:00:21] debug: 	zh:ember:uart:ash: ---> [FRAME type=ACK frmRx=5](ackRx=4)
[2026-02-02 22:00:21] debug: 	zh:ember:ezsp: <=== [CBFRAME: ID=69:"INCOMING_MESSAGE_HANDLER" Seq=43 Len=33]
[2026-02-02 22:00:21] debug: 	zh:ember:ezsp: ezspIncomingMessageHandler: type=UNICAST apsFrame={"profileId":260,"clusterId":2820,"sourceEndpoint":1,"destinationEndpoint":1,"options":256,"groupId":0,"sequence":255} packetInfo:{"senderShortId":7447,"senderLongId":"0xffffffffffffffff","bindingIndex":255,"addressIndex":255,"lastHopLqi":144,"lastHopRssi":-64,"lastHopTimestamp":0} messageContents=18830a0b05211000
[2026-02-02 22:00:21] debug: 	zh:controller: Received payload: clusterID=2820, address=7447, groupID=0, endpoint=1, destinationEndpoint=1, wasBroadcast=false, linkQuality=144, frame={"header":{"frameControl":{"frameType":0,"manufacturerSpecific":false,"direction":1,"disableDefaultResponse":true,"reservedBits":0},"transactionSequenceNumber":131,"commandIdentifier":10},"payload":[{"attrId":1291,"dataType":33,"attrData":16}],"command":{"ID":10,"name":"report","parameters":[{"name":"attrId","type":9},{"name":"dataType","type":8},{"name":"attrData","type":1000}]}}
[2026-02-02 22:00:21] debug: 	z2m: Received Zigbee message from 'Tuya Connected Outlet', type 'attributeReport', cluster 'haElectricalMeasurement', data '{"activePower":16}' from endpoint 1 with groupID 0
[2026-02-02 22:00:21] info: 	z2m:mqtt: MQTT publish: topic 'zigbee2mqtt/Tuya Connected Outlet', payload '{"child_lock":"UNLOCK","countdown":0,"current":0,"energy":28.22,"indicator_mode":"off/on","linkquality":144,"power":16,"power_outage_memory":"off","state":"ON","update":{"installed_version":268514823,"latest_version":268514823,"state":"idle"},"voltage":235}'
[2026-02-02 22:00:21] debug: 	z2m:mqtt: Received MQTT message on 'zigbee2mqtt/Tuya Connected Outlet/set' with data 'OFF'
[2026-02-02 22:00:21] debug: 	z2m: Publishing 'set' 'state' to 'Tuya Connected Outlet'
[2026-02-02 22:00:21] debug: 	zh:controller:endpoint: ZCL command 0xa4c138247a1a948b/1 genOnOff.off({}, {"timeout":10000,"disableResponse":false,"disableRecovery":false,"disableDefaultResponse":false,"direction":0,"reservedBits":0,"writeUndiv":false})
[2026-02-02 22:00:21] debug: 	zh:ember: ~~~> [ZCL to=0xa4c138247a1a948b:7447 apsFrame={"profileId":260,"clusterId":6,"sourceEndpoint":1,"destinationEndpoint":1,"options":4416,"groupId":0,"sequence":0} header={"frameControl":{"reservedBits":0,"frameType":1,"direction":0,"disableDefaultResponse":false,"manufacturerSpecific":false},"transactionSequenceNumber":3,"commandIdentifier":0}]
[2026-02-02 22:00:21] debug: 	zh:ember:ezsp: ===> [FRAME: ID=52:"SEND_UNICAST" Seq=44 Len=24]
[2026-02-02 22:00:21] debug: 	zh:ember:uart:ash: ---> [FRAME type=DATA frmTx=4 frmRx=5](ackRx=4)
[2026-02-02 22:00:21] debug: 	zh:ember:uart:ash: <--- [FRAME type=DATA]
[2026-02-02 22:00:21] debug: 	zh:ember:uart:ash: <--- [FRAME type=DATA ackNum=5](ackRx=4 frmTx=5)
[2026-02-02 22:00:21] debug: 	zh:ember:uart:ash: <--- [FRAME type=DATA ackNum=5 frmNum=5](frmRx=5) Added to rxQueue
[2026-02-02 22:00:21] debug: 	zh:ember:uart:ash: ---> [FRAME type=ACK frmRx=6](ackRx=5)
[2026-02-02 22:00:21] debug: 	zh:ember:ezsp: <=== [FRAME: ID=52:"SEND_UNICAST" Seq=44 Len=7]
[2026-02-02 22:00:21] debug: 	zh:ember:ezsp: ~~~> [SENT type=DIRECT apsSequence=39 messageTag=11 status=OK]
[2026-02-02 22:00:21] debug: 	zh:ember:uart:ash: <--- [FRAME type=DATA]
[2026-02-02 22:00:21] debug: 	zh:ember:uart:ash: <--- [FRAME type=DATA ackNum=5](ackRx=5 frmTx=5)
[2026-02-02 22:00:21] debug: 	zh:ember:uart:ash: <--- [FRAME type=DATA ackNum=5 frmNum=6](frmRx=6) Added to rxQueue
[2026-02-02 22:00:21] debug: 	zh:ember:uart:ash: ---> [FRAME type=ACK frmRx=7](ackRx=5)
[2026-02-02 22:00:21] debug: 	zh:ember:ezsp: <=== [CBFRAME: ID=63:"MESSAGE_SENT_HANDLER" Seq=44 Len=22]
[2026-02-02 22:00:21] debug: 	zh:ember:ezsp: ezspMessageSentHandler: status=OK type=DIRECT indexOrDestination=7447 apsFrame={"profileId":260,"clusterId":6,"sourceEndpoint":1,"destinationEndpoint":1,"options":4416,"groupId":0,"sequence":39} messageTag=11
[2026-02-02 22:00:21] debug: 	zh:ember:uart:ash: <--- [FRAME type=DATA]
[2026-02-02 22:00:21] debug: 	zh:ember:uart:ash: <--- [FRAME type=DATA ackNum=5](ackRx=5 frmTx=5)
[2026-02-02 22:00:21] debug: 	zh:ember:uart:ash: <--- [FRAME type=DATA ackNum=5 frmNum=7](frmRx=7) Added to rxQueue
[2026-02-02 22:00:21] debug: 	zh:ember:uart:ash: ---> [FRAME type=ACK frmRx=0](ackRx=5)
[2026-02-02 22:00:21] debug: 	zh:ember:ezsp: <=== [CBFRAME: ID=69:"INCOMING_MESSAGE_HANDLER" Seq=44 Len=30]
[2026-02-02 22:00:21] debug: 	zh:ember:ezsp: ezspIncomingMessageHandler: type=UNICAST apsFrame={"profileId":260,"clusterId":6,"sourceEndpoint":1,"destinationEndpoint":1,"options":320,"groupId":0,"sequence":0} packetInfo:{"senderShortId":7447,"senderLongId":"0xffffffffffffffff","bindingIndex":255,"addressIndex":255,"lastHopLqi":136,"lastHopRssi":-66,"lastHopTimestamp":0} messageContents=18030b0000
[2026-02-02 22:00:21] debug: 	zh:controller: Received payload: clusterID=6, address=7447, groupID=0, endpoint=1, destinationEndpoint=1, wasBroadcast=false, linkQuality=136, frame={"header":{"frameControl":{"frameType":0,"manufacturerSpecific":false,"direction":1,"disableDefaultResponse":true,"reservedBits":0},"transactionSequenceNumber":3,"commandIdentifier":11},"payload":{"cmdId":0,"statusCode":0},"command":{"ID":11,"name":"defaultRsp","parameters":[{"name":"cmdId","type":8},{"name":"statusCode","type":48}]}}
[2026-02-02 22:00:21] info: 	z2m:mqtt: MQTT publish: topic 'zigbee2mqtt/Tuya Connected Outlet', payload '{"child_lock":"UNLOCK","countdown":0,"current":0,"energy":28.22,"indicator_mode":"off/on","linkquality":136,"power":16,"power_outage_memory":"off","state":"OFF","update":{"installed_version":268514823,"latest_version":268514823,"state":"idle"},"voltage":235}'
[2026-02-02 22:00:21] debug: 	zh:ember:uart:ash: <--- [FRAME type=DATA]
[2026-02-02 22:00:21] debug: 	zh:ember:uart:ash: <--- [FRAME type=DATA ackNum=5](ackRx=5 frmTx=5)
[2026-02-02 22:00:21] debug: 	zh:ember:uart:ash: <--- [FRAME type=DATA ackNum=5 frmNum=0](frmRx=0) Added to rxQueue
[2026-02-02 22:00:21] debug: 	zh:ember:uart:ash: ---> [FRAME type=ACK frmRx=1](ackRx=5)
[2026-02-02 22:00:21] debug: 	zh:ember:ezsp: <=== [CBFRAME: ID=69:"INCOMING_MESSAGE_HANDLER" Seq=44 Len=32]
[2026-02-02 22:00:21] debug: 	zh:ember:ezsp: ezspIncomingMessageHandler: type=UNICAST apsFrame={"profileId":260,"clusterId":6,"sourceEndpoint":1,"destinationEndpoint":1,"options":256,"groupId":0,"sequence":1} packetInfo:{"senderShortId":7447,"senderLongId":"0xffffffffffffffff","bindingIndex":255,"addressIndex":255,"lastHopLqi":128,"lastHopRssi":-68,"lastHopTimestamp":0} messageContents=18840a00001000
[2026-02-02 22:00:21] debug: 	zh:controller: Received payload: clusterID=6, address=7447, groupID=0, endpoint=1, destinationEndpoint=1, wasBroadcast=false, linkQuality=128, frame={"header":{"frameControl":{"frameType":0,"manufacturerSpecific":false,"direction":1,"disableDefaultResponse":true,"reservedBits":0},"transactionSequenceNumber":132,"commandIdentifier":10},"payload":[{"attrId":0,"dataType":16,"attrData":0}],"command":{"ID":10,"name":"report","parameters":[{"name":"attrId","type":9},{"name":"dataType","type":8},{"name":"attrData","type":1000}]}}
[2026-02-02 22:00:21] debug: 	z2m: Received Zigbee message from 'Tuya Connected Outlet', type 'attributeReport', cluster 'genOnOff', data '{"onOff":0}' from endpoint 1 with groupID 0
[2026-02-02 22:00:21] info: 	z2m:mqtt: MQTT publish: topic 'zigbee2mqtt/Tuya Connected Outlet', payload '{"child_lock":"UNLOCK","countdown":0,"current":0,"energy":28.22,"indicator_mode":"off/on","linkquality":128,"power":16,"power_outage_memory":"off","state":"OFF","update":{"installed_version":268514823,"latest_version":268514823,"state":"idle"},"voltage":235}'
[2026-02-02 22:00:22] debug: 	zh:ember:uart:ash: <--- [FRAME type=DATA]
[2026-02-02 22:00:22] debug: 	zh:ember:uart:ash: <--- [FRAME type=DATA ackNum=5](ackRx=5 frmTx=5)
[2026-02-02 22:00:22] debug: 	zh:ember:uart:ash: <--- [FRAME type=DATA ackNum=5 frmNum=1](frmRx=1) Added to rxQueue
[2026-02-02 22:00:22] debug: 	zh:ember:uart:ash: ---> [FRAME type=ACK frmRx=2](ackRx=5)
[2026-02-02 22:00:22] debug: 	zh:ember:ezsp: <=== [CBFRAME: ID=69:"INCOMING_MESSAGE_HANDLER" Seq=44 Len=33]
[2026-02-02 22:00:22] debug: 	zh:ember:ezsp: ezspIncomingMessageHandler: type=UNICAST apsFrame={"profileId":260,"clusterId":2820,"sourceEndpoint":1,"destinationEndpoint":1,"options":256,"groupId":0,"sequence":2} packetInfo:{"senderShortId":7447,"senderLongId":"0xffffffffffffffff","bindingIndex":255,"addressIndex":255,"lastHopLqi":148,"lastHopRssi":-63,"lastHopTimestamp":0} messageContents=18850a0b05212100
[2026-02-02 22:00:22] debug: 	zh:controller: Received payload: clusterID=2820, address=7447, groupID=0, endpoint=1, destinationEndpoint=1, wasBroadcast=false, linkQuality=148, frame={"header":{"frameControl":{"frameType":0,"manufacturerSpecific":false,"direction":1,"disableDefaultResponse":true,"reservedBits":0},"transactionSequenceNumber":133,"commandIdentifier":10},"payload":[{"attrId":1291,"dataType":33,"attrData":33}],"command":{"ID":10,"name":"report","parameters":[{"name":"attrId","type":9},{"name":"dataType","type":8},{"name":"attrData","type":1000}]}}
[2026-02-02 22:00:22] debug: 	z2m: Received Zigbee message from 'Tuya Connected Outlet', type 'attributeReport', cluster 'haElectricalMeasurement', data '{"activePower":33}' from endpoint 1 with groupID 0
[2026-02-02 22:00:22] info: 	z2m:mqtt: MQTT publish: topic 'zigbee2mqtt/Tuya Connected Outlet', payload '{"child_lock":"UNLOCK","countdown":0,"current":0,"energy":28.22,"indicator_mode":"off/on","linkquality":148,"power":33,"power_outage_memory":"off","state":"OFF","update":{"installed_version":268514823,"latest_version":268514823,"state":"idle"},"voltage":235}'
[2026-02-02 22:00:22] debug: 	zh:ember:uart:ash: <--- [FRAME type=DATA]
[2026-02-02 22:00:22] debug: 	zh:ember:uart:ash: <--- [FRAME type=DATA ackNum=5](ackRx=5 frmTx=5)
[2026-02-02 22:00:22] debug: 	zh:ember:uart:ash: <--- [FRAME type=DATA ackNum=5 frmNum=2](frmRx=2) Added to rxQueue
[2026-02-02 22:00:22] debug: 	zh:ember:uart:ash: ---> [FRAME type=ACK frmRx=3](ackRx=5)
[2026-02-02 22:00:22] debug: 	zh:ember:ezsp: <=== [CBFRAME: ID=89:"INCOMING_ROUTE_RECORD_HANDLER" Seq=44 Len=20]
[2026-02-02 22:00:22] debug: 	zh:ember:ezsp: ezspIncomingRouteRecordHandler: source=10078 sourceEui=0x30fb10fffe4c12d6 lastHopLqi=116 lastHopRssi=-71 relayCount=1 relayList=40200
[2026-02-02 22:00:22] debug: 	zh:ember:uart:ash: <--- [FRAME type=DATA]
[2026-02-02 22:00:22] debug: 	zh:ember:uart:ash: <--- [FRAME type=DATA ackNum=5](ackRx=5 frmTx=5)
[2026-02-02 22:00:22] debug: 	zh:ember:uart:ash: <--- [FRAME type=DATA ackNum=5 frmNum=3](frmRx=3) Added to rxQueue
[2026-02-02 22:00:22] debug: 	zh:ember:uart:ash: ---> [FRAME type=ACK frmRx=4](ackRx=5)
[2026-02-02 22:00:22] debug: 	zh:ember:ezsp: <=== [CBFRAME: ID=69:"INCOMING_MESSAGE_HANDLER" Seq=44 Len=28]
[2026-02-02 22:00:22] debug: 	zh:ember:ezsp: ezspIncomingMessageHandler: type=UNICAST apsFrame={"profileId":260,"clusterId":6,"sourceEndpoint":1,"destinationEndpoint":1,"options":256,"groupId":0,"sequence":108} packetInfo:{"senderShortId":10078,"senderLongId":"0xffffffffffffffff","bindingIndex":255,"addressIndex":255,"lastHopLqi":116,"lastHopRssi":-71,"lastHopTimestamp":0} messageContents=010401
[2026-02-02 22:00:22] debug: 	zh:controller: Received payload: clusterID=6, address=10078, groupID=0, endpoint=1, destinationEndpoint=1, wasBroadcast=false, linkQuality=116, frame={"header":{"frameControl":{"frameType":1,"manufacturerSpecific":false,"direction":0,"disableDefaultResponse":false,"reservedBits":0},"transactionSequenceNumber":4,"commandIdentifier":1},"payload":{},"command":{"ID":1,"parameters":[],"required":true,"name":"on"}}
[2026-02-02 22:00:22] debug: 	zh:controller:endpoint: ZCL command 0x30fb10fffe4c12d6/1 genOnOff.defaultRsp({"cmdId":1,"statusCode":0}, {"timeout":10000,"disableResponse":false,"disableRecovery":false,"disableDefaultResponse":true,"direction":1,"reservedBits":0,"transactionSequenceNumber":4,"writeUndiv":false})
[2026-02-02 22:00:22] debug: 	zh:controller:endpoint: Request Queue (0x30fb10fffe4c12d6/1): send defaultRsp request immediately (sendPolicy=undefined)
[2026-02-02 22:00:22] debug: 	zh:ember: ~~~> [ZCL to=0x30fb10fffe4c12d6:10078 apsFrame={"profileId":260,"clusterId":6,"sourceEndpoint":1,"destinationEndpoint":1,"options":4352,"groupId":0,"sequence":0} header={"frameControl":{"reservedBits":0,"frameType":0,"direction":1,"disableDefaultResponse":true,"manufacturerSpecific":false},"transactionSequenceNumber":4,"commandIdentifier":11}]
[2026-02-02 22:00:22] debug: 	zh:ember:ezsp: ===> [FRAME: ID=52:"SEND_UNICAST" Seq=45 Len=26]
[2026-02-02 22:00:22] debug: 	zh:ember:uart:ash: ---> [FRAME type=DATA frmTx=5 frmRx=4](ackRx=5)
[2026-02-02 22:00:22] debug: 	z2m: Received Zigbee message from 'IKEA Tradfri Switch 1', type 'commandOn', cluster 'genOnOff', data '{}' from endpoint 1 with groupID 0
[2026-02-02 22:00:22] info: 	z2m:mqtt: MQTT publish: topic 'zigbee2mqtt/IKEA Tradfri Switch 1', payload '{"action":"on","battery":100,"identify":null,"linkquality":116,"update":{"installed_version":33816598,"latest_version":33816598,"state":"idle"}}'
[2026-02-02 22:00:22] info: 	z2m:mqtt: MQTT publish: topic 'zigbee2mqtt/IKEA Tradfri Switch 1/action', payload 'on'
[2026-02-02 22:00:22] debug: 	zh:ember:uart:ash: <--- [FRAME type=DATA]
[2026-02-02 22:00:22] debug: 	zh:ember:uart:ash: <--- [FRAME type=DATA ackNum=6](ackRx=5 frmTx=6)
[2026-02-02 22:00:22] debug: 	zh:ember:uart:ash: <--- [FRAME type=DATA ackNum=6 frmNum=4](frmRx=4) Added to rxQueue
[2026-02-02 22:00:22] debug: 	zh:ember:uart:ash: ---> [FRAME type=ACK frmRx=5](ackRx=6)
[2026-02-02 22:00:22] debug: 	zh:ember:ezsp: <=== [FRAME: ID=52:"SEND_UNICAST" Seq=45 Len=7]
[2026-02-02 22:00:22] debug: 	zh:ember:ezsp: ~~~> [SENT type=DIRECT apsSequence=40 messageTag=12 status=OK]
[2026-02-02 22:00:22] debug: 	zh:ember:uart:ash: <--- [FRAME type=DATA]
[2026-02-02 22:00:22] debug: 	zh:ember:uart:ash: <--- [FRAME type=DATA ackNum=6](ackRx=6 frmTx=6)
[2026-02-02 22:00:22] debug: 	zh:ember:uart:ash: <--- [FRAME type=DATA ackNum=6 frmNum=5](frmRx=5) Added to rxQueue
[2026-02-02 22:00:22] debug: 	zh:ember:uart:ash: ---> [FRAME type=ACK frmRx=6](ackRx=6)
[2026-02-02 22:00:22] debug: 	zh:ember:ezsp: <=== [CBFRAME: ID=63:"MESSAGE_SENT_HANDLER" Seq=45 Len=22]
[2026-02-02 22:00:22] debug: 	zh:ember:ezsp: ezspMessageSentHandler: status=OK type=DIRECT indexOrDestination=10078 apsFrame={"profileId":260,"clusterId":6,"sourceEndpoint":1,"destinationEndpoint":1,"options":4352,"groupId":0,"sequence":40} messageTag=12
[2026-02-02 22:00:23] debug: 	z2m:mqtt: Received MQTT message on 'zigbee2mqtt/Tuya Connected Outlet/set' with data 'ON'
[2026-02-02 22:00:23] debug: 	z2m: Publishing 'set' 'state' to 'Tuya Connected Outlet'
[2026-02-02 22:00:23] debug: 	zh:controller:endpoint: ZCL command 0xa4c138247a1a948b/1 genOnOff.on({}, {"timeout":10000,"disableResponse":false,"disableRecovery":false,"disableDefaultResponse":false,"direction":0,"reservedBits":0,"writeUndiv":false})
[2026-02-02 22:00:23] debug: 	zh:ember: ~~~> [ZCL to=0xa4c138247a1a948b:7447 apsFrame={"profileId":260,"clusterId":6,"sourceEndpoint":1,"destinationEndpoint":1,"options":4416,"groupId":0,"sequence":0} header={"frameControl":{"reservedBits":0,"frameType":1,"direction":0,"disableDefaultResponse":false,"manufacturerSpecific":false},"transactionSequenceNumber":4,"commandIdentifier":1}]
[2026-02-02 22:00:23] debug: 	zh:ember:ezsp: ===> [FRAME: ID=52:"SEND_UNICAST" Seq=46 Len=24]
[2026-02-02 22:00:23] debug: 	zh:ember:uart:ash: ---> [FRAME type=DATA frmTx=6 frmRx=6](ackRx=6)
[2026-02-02 22:00:23] debug: 	zh:ember:uart:ash: <--- [FRAME type=DATA]
[2026-02-02 22:00:23] debug: 	zh:ember:uart:ash: <--- [FRAME type=DATA ackNum=7](ackRx=6 frmTx=7)
[2026-02-02 22:00:23] debug: 	zh:ember:uart:ash: <--- [FRAME type=DATA ackNum=7 frmNum=6](frmRx=6) Added to rxQueue
[2026-02-02 22:00:23] debug: 	zh:ember:uart:ash: ---> [FRAME type=ACK frmRx=7](ackRx=7)
[2026-02-02 22:00:23] debug: 	zh:ember:ezsp: <=== [FRAME: ID=52:"SEND_UNICAST" Seq=46 Len=7]
[2026-02-02 22:00:23] debug: 	zh:ember:ezsp: ~~~> [SENT type=DIRECT apsSequence=41 messageTag=13 status=OK]
[2026-02-02 22:00:23] debug: 	zh:ember:uart:ash: <--- [FRAME type=DATA]
[2026-02-02 22:00:23] debug: 	zh:ember:uart:ash: <--- [FRAME type=DATA ackNum=7](ackRx=7 frmTx=7)
[2026-02-02 22:00:23] debug: 	zh:ember:uart:ash: <--- [FRAME type=DATA ackNum=7 frmNum=7](frmRx=7) Added to rxQueue
[2026-02-02 22:00:23] debug: 	zh:ember:uart:ash: ---> [FRAME type=ACK frmRx=0](ackRx=7)
[2026-02-02 22:00:23] debug: 	zh:ember:ezsp: <=== [CBFRAME: ID=89:"INCOMING_ROUTE_RECORD_HANDLER" Seq=46 Len=18]
[2026-02-02 22:00:23] debug: 	zh:ember:ezsp: ezspIncomingRouteRecordHandler: source=7447 sourceEui=0xa4c138247a1a948b lastHopLqi=140 lastHopRssi=-65 relayCount=0 relayList=
[2026-02-02 22:00:23] debug: 	zh:ember:uart:ash: <--- [FRAME type=DATA]
[2026-02-02 22:00:23] debug: 	zh:ember:uart:ash: <--- [FRAME type=DATA ackNum=7](ackRx=7 frmTx=7)
[2026-02-02 22:00:23] debug: 	zh:ember:uart:ash: <--- [FRAME type=DATA ackNum=7 frmNum=0](frmRx=0) Added to rxQueue
[2026-02-02 22:00:23] debug: 	zh:ember:uart:ash: ---> [FRAME type=ACK frmRx=1](ackRx=7)
[2026-02-02 22:00:23] debug: 	zh:ember:ezsp: <=== [CBFRAME: ID=63:"MESSAGE_SENT_HANDLER" Seq=46 Len=22]
[2026-02-02 22:00:23] debug: 	zh:ember:ezsp: ezspMessageSentHandler: status=OK type=DIRECT indexOrDestination=7447 apsFrame={"profileId":260,"clusterId":6,"sourceEndpoint":1,"destinationEndpoint":1,"options":4416,"groupId":0,"sequence":41} messageTag=13
[2026-02-02 22:00:23] debug: 	zh:ember:uart:ash: <--- [FRAME type=DATA]
[2026-02-02 22:00:23] debug: 	zh:ember:uart:ash: <--- [FRAME type=DATA ackNum=7](ackRx=7 frmTx=7)
[2026-02-02 22:00:23] debug: 	zh:ember:uart:ash: <--- [FRAME type=DATA ackNum=7 frmNum=1](frmRx=1) Added to rxQueue
[2026-02-02 22:00:23] debug: 	zh:ember:uart:ash: ---> [FRAME type=ACK frmRx=2](ackRx=7)
[2026-02-02 22:00:23] debug: 	zh:ember:ezsp: <=== [CBFRAME: ID=69:"INCOMING_MESSAGE_HANDLER" Seq=46 Len=30]
[2026-02-02 22:00:23] debug: 	zh:ember:ezsp: ezspIncomingMessageHandler: type=UNICAST apsFrame={"profileId":260,"clusterId":6,"sourceEndpoint":1,"destinationEndpoint":1,"options":320,"groupId":0,"sequence":3} packetInfo:{"senderShortId":7447,"senderLongId":"0xffffffffffffffff","bindingIndex":255,"addressIndex":255,"lastHopLqi":152,"lastHopRssi":-62,"lastHopTimestamp":0} messageContents=18040b0100
[2026-02-02 22:00:23] debug: 	zh:controller: Received payload: clusterID=6, address=7447, groupID=0, endpoint=1, destinationEndpoint=1, wasBroadcast=false, linkQuality=152, frame={"header":{"frameControl":{"frameType":0,"manufacturerSpecific":false,"direction":1,"disableDefaultResponse":true,"reservedBits":0},"transactionSequenceNumber":4,"commandIdentifier":11},"payload":{"cmdId":1,"statusCode":0},"command":{"ID":11,"name":"defaultRsp","parameters":[{"name":"cmdId","type":8},{"name":"statusCode","type":48}]}}
[2026-02-02 22:00:23] info: 	z2m:mqtt: MQTT publish: topic 'zigbee2mqtt/Tuya Connected Outlet', payload '{"child_lock":"UNLOCK","countdown":0,"current":0,"energy":28.22,"indicator_mode":"off/on","linkquality":152,"power":33,"power_outage_memory":"off","state":"ON","update":{"installed_version":268514823,"latest_version":268514823,"state":"idle"},"voltage":235}'
[2026-02-02 22:00:23] debug: 	zh:ember:uart:ash: <--- [FRAME type=DATA]
[2026-02-02 22:00:23] debug: 	zh:ember:uart:ash: <--- [FRAME type=DATA ackNum=7](ackRx=7 frmTx=7)
[2026-02-02 22:00:23] debug: 	zh:ember:uart:ash: <--- [FRAME type=DATA ackNum=7 frmNum=2](frmRx=2) Added to rxQueue
[2026-02-02 22:00:23] debug: 	zh:ember:uart:ash: ---> [FRAME type=ACK frmRx=3](ackRx=7)
[2026-02-02 22:00:23] debug: 	zh:ember:ezsp: <=== [CBFRAME: ID=69:"INCOMING_MESSAGE_HANDLER" Seq=46 Len=32]
[2026-02-02 22:00:23] debug: 	zh:ember:ezsp: ezspIncomingMessageHandler: type=UNICAST apsFrame={"profileId":260,"clusterId":6,"sourceEndpoint":1,"destinationEndpoint":1,"options":256,"groupId":0,"sequence":4} packetInfo:{"senderShortId":7447,"senderLongId":"0xffffffffffffffff","bindingIndex":255,"addressIndex":255,"lastHopLqi":152,"lastHopRssi":-62,"lastHopTimestamp":0} messageContents=18860a00001001
[2026-02-02 22:00:23] debug: 	zh:controller: Received payload: clusterID=6, address=7447, groupID=0, endpoint=1, destinationEndpoint=1, wasBroadcast=false, linkQuality=152, frame={"header":{"frameControl":{"frameType":0,"manufacturerSpecific":false,"direction":1,"disableDefaultResponse":true,"reservedBits":0},"transactionSequenceNumber":134,"commandIdentifier":10},"payload":[{"attrId":0,"dataType":16,"attrData":1}],"command":{"ID":10,"name":"report","parameters":[{"name":"attrId","type":9},{"name":"dataType","type":8},{"name":"attrData","type":1000}]}}
[2026-02-02 22:00:23] debug: 	z2m: Received Zigbee message from 'Tuya Connected Outlet', type 'attributeReport', cluster 'genOnOff', data '{"onOff":1}' from endpoint 1 with groupID 0
[2026-02-02 22:00:23] info: 	z2m:mqtt: MQTT publish: topic 'zigbee2mqtt/Tuya Connected Outlet', payload '{"child_lock":"UNLOCK","countdown":0,"current":0,"energy":28.22,"indicator_mode":"off/on","linkquality":152,"power":33,"power_outage_memory":"off","state":"ON","update":{"installed_version":268514823,"latest_version":268514823,"state":"idle"},"voltage":235}'
[2026-02-02 22:00:23] debug: 	zh:ember:uart:ash: <--- [FRAME type=DATA]
[2026-02-02 22:00:23] debug: 	zh:ember:uart:ash: <--- [FRAME type=DATA ackNum=7](ackRx=7 frmTx=7)
[2026-02-02 22:00:23] debug: 	zh:ember:uart:ash: <--- [FRAME type=DATA ackNum=7 frmNum=3](frmRx=3) Added to rxQueue
[2026-02-02 22:00:23] debug: 	zh:ember:uart:ash: ---> [FRAME type=ACK frmRx=4](ackRx=7)
[2026-02-02 22:00:23] debug: 	zh:ember:ezsp: <=== [CBFRAME: ID=69:"INCOMING_MESSAGE_HANDLER" Seq=46 Len=33]
[2026-02-02 22:00:23] debug: 	zh:ember:ezsp: ezspIncomingMessageHandler: type=UNICAST apsFrame={"profileId":260,"clusterId":2820,"sourceEndpoint":1,"destinationEndpoint":1,"options":256,"groupId":0,"sequence":5} packetInfo:{"senderShortId":7447,"senderLongId":"0xffffffffffffffff","bindingIndex":255,"addressIndex":255,"lastHopLqi":144,"lastHopRssi":-64,"lastHopTimestamp":0} messageContents=18870a0b05210100
[2026-02-02 22:00:23] debug: 	zh:controller: Received payload: clusterID=2820, address=7447, groupID=0, endpoint=1, destinationEndpoint=1, wasBroadcast=false, linkQuality=144, frame={"header":{"frameControl":{"frameType":0,"manufacturerSpecific":false,"direction":1,"disableDefaultResponse":true,"reservedBits":0},"transactionSequenceNumber":135,"commandIdentifier":10},"payload":[{"attrId":1291,"dataType":33,"attrData":1}],"command":{"ID":10,"name":"report","parameters":[{"name":"attrId","type":9},{"name":"dataType","type":8},{"name":"attrData","type":1000}]}}
[2026-02-02 22:00:23] debug: 	z2m: Received Zigbee message from 'Tuya Connected Outlet', type 'attributeReport', cluster 'haElectricalMeasurement', data '{"activePower":1}' from endpoint 1 with groupID 0
[2026-02-02 22:00:23] info: 	z2m:mqtt: MQTT publish: topic 'zigbee2mqtt/Tuya Connected Outlet', payload '{"child_lock":"UNLOCK","countdown":0,"current":0,"energy":28.22,"indicator_mode":"off/on","linkquality":144,"power":1,"power_outage_memory":"off","state":"ON","update":{"installed_version":268514823,"latest_version":268514823,"state":"idle"},"voltage":235}'
[2026-02-02 22:00:24] debug: 	zh:ember:uart:ash: <--- [FRAME type=DATA]
[2026-02-02 22:00:24] debug: 	zh:ember:uart:ash: <--- [FRAME type=DATA ackNum=7](ackRx=7 frmTx=7)
[2026-02-02 22:00:24] debug: 	zh:ember:uart:ash: <--- [FRAME type=DATA ackNum=7 frmNum=4](frmRx=4) Added to rxQueue
[2026-02-02 22:00:24] debug: 	zh:ember:uart:ash: ---> [FRAME type=ACK frmRx=5](ackRx=7)
[2026-02-02 22:00:24] debug: 	zh:ember:ezsp: <=== [CBFRAME: ID=69:"INCOMING_MESSAGE_HANDLER" Seq=46 Len=33]
[2026-02-02 22:00:24] debug: 	zh:ember:ezsp: ezspIncomingMessageHandler: type=UNICAST apsFrame={"profileId":260,"clusterId":2820,"sourceEndpoint":1,"destinationEndpoint":1,"options":256,"groupId":0,"sequence":6} packetInfo:{"senderShortId":7447,"senderLongId":"0xffffffffffffffff","bindingIndex":255,"addressIndex":255,"lastHopLqi":152,"lastHopRssi":-62,"lastHopTimestamp":0} messageContents=18880a0b05213000
[2026-02-02 22:00:24] debug: 	zh:controller: Received payload: clusterID=2820, address=7447, groupID=0, endpoint=1, destinationEndpoint=1, wasBroadcast=false, linkQuality=152, frame={"header":{"frameControl":{"frameType":0,"manufacturerSpecific":false,"direction":1,"disableDefaultResponse":true,"reservedBits":0},"transactionSequenceNumber":136,"commandIdentifier":10},"payload":[{"attrId":1291,"dataType":33,"attrData":48}],"command":{"ID":10,"name":"report","parameters":[{"name":"attrId","type":9},{"name":"dataType","type":8},{"name":"attrData","type":1000}]}}
[2026-02-02 22:00:24] debug: 	z2m: Received Zigbee message from 'Tuya Connected Outlet', type 'attributeReport', cluster 'haElectricalMeasurement', data '{"activePower":48}' from endpoint 1 with groupID 0
[2026-02-02 22:00:24] info: 	z2m:mqtt: MQTT publish: topic 'zigbee2mqtt/Tuya Connected Outlet', payload '{"child_lock":"UNLOCK","countdown":0,"current":0,"energy":28.22,"indicator_mode":"off/on","linkquality":152,"power":48,"power_outage_memory":"off","state":"ON","update":{"installed_version":268514823,"latest_version":268514823,"state":"idle"},"voltage":235}'
[2026-02-02 22:00:25] debug: 	zh:ember:uart:ash: <--- [FRAME type=DATA]
[2026-02-02 22:00:25] debug: 	zh:ember:uart:ash: <--- [FRAME type=DATA ackNum=7](ackRx=7 frmTx=7)
[2026-02-02 22:00:25] debug: 	zh:ember:uart:ash: <--- [FRAME type=DATA ackNum=7 frmNum=5](frmRx=5) Added to rxQueue
[2026-02-02 22:00:25] debug: 	zh:ember:uart:ash: ---> [FRAME type=ACK frmRx=6](ackRx=7)
[2026-02-02 22:00:25] debug: 	zh:ember:ezsp: <=== [CBFRAME: ID=69:"INCOMING_MESSAGE_HANDLER" Seq=46 Len=33]
[2026-02-02 22:00:25] debug: 	zh:ember:ezsp: ezspIncomingMessageHandler: type=UNICAST apsFrame={"profileId":260,"clusterId":2820,"sourceEndpoint":1,"destinationEndpoint":1,"options":256,"groupId":0,"sequence":7} packetInfo:{"senderShortId":7447,"senderLongId":"0xffffffffffffffff","bindingIndex":255,"addressIndex":255,"lastHopLqi":152,"lastHopRssi":-62,"lastHopTimestamp":0} messageContents=18890a0b05212700
[2026-02-02 22:00:25] debug: 	zh:controller: Received payload: clusterID=2820, address=7447, groupID=0, endpoint=1, destinationEndpoint=1, wasBroadcast=false, linkQuality=152, frame={"header":{"frameControl":{"frameType":0,"manufacturerSpecific":false,"direction":1,"disableDefaultResponse":true,"reservedBits":0},"transactionSequenceNumber":137,"commandIdentifier":10},"payload":[{"attrId":1291,"dataType":33,"attrData":39}],"command":{"ID":10,"name":"report","parameters":[{"name":"attrId","type":9},{"name":"dataType","type":8},{"name":"attrData","type":1000}]}}
[2026-02-02 22:00:25] debug: 	z2m: Received Zigbee message from 'Tuya Connected Outlet', type 'attributeReport', cluster 'haElectricalMeasurement', data '{"activePower":39}' from endpoint 1 with groupID 0
[2026-02-02 22:00:25] info: 	z2m:mqtt: MQTT publish: topic 'zigbee2mqtt/Tuya Connected Outlet', payload '{"child_lock":"UNLOCK","countdown":0,"current":0,"energy":28.22,"indicator_mode":"off/on","linkquality":152,"power":39,"power_outage_memory":"off","state":"ON","update":{"installed_version":268514823,"latest_version":268514823,"state":"idle"},"voltage":235}'
[2026-02-02 22:00:25] debug: 	zh:ember:uart:ash: <--- [FRAME type=DATA]
[2026-02-02 22:00:25] debug: 	zh:ember:uart:ash: <--- [FRAME type=DATA ackNum=7](ackRx=7 frmTx=7)
[2026-02-02 22:00:25] debug: 	zh:ember:uart:ash: <--- [FRAME type=DATA ackNum=7 frmNum=6](frmRx=6) Added to rxQueue
[2026-02-02 22:00:25] debug: 	zh:ember:uart:ash: ---> [FRAME type=ACK frmRx=7](ackRx=7)
[2026-02-02 22:00:25] debug: 	zh:ember:ezsp: <=== [CBFRAME: ID=89:"INCOMING_ROUTE_RECORD_HANDLER" Seq=46 Len=20]
[2026-02-02 22:00:25] debug: 	zh:ember:ezsp: ezspIncomingRouteRecordHandler: source=10078 sourceEui=0x30fb10fffe4c12d6 lastHopLqi=116 lastHopRssi=-71 relayCount=1 relayList=40200
[2026-02-02 22:00:25] debug: 	zh:ember:uart:ash: <--- [FRAME type=DATA]
[2026-02-02 22:00:25] debug: 	zh:ember:uart:ash: <--- [FRAME type=DATA ackNum=7](ackRx=7 frmTx=7)
[2026-02-02 22:00:25] debug: 	zh:ember:uart:ash: <--- [FRAME type=DATA ackNum=7 frmNum=7](frmRx=7) Added to rxQueue
[2026-02-02 22:00:25] debug: 	zh:ember:uart:ash: ---> [FRAME type=ACK frmRx=0](ackRx=7)
[2026-02-02 22:00:25] debug: 	zh:ember:ezsp: <=== [CBFRAME: ID=69:"INCOMING_MESSAGE_HANDLER" Seq=46 Len=34]
[2026-02-02 22:00:25] debug: 	zh:ember:ezsp: ezspIncomingMessageHandler: type=UNICAST apsFrame={"profileId":260,"clusterId":5,"sourceEndpoint":1,"destinationEndpoint":1,"options":256,"groupId":0,"sequence":109} packetInfo:{"senderShortId":10078,"senderLongId":"0xffffffffffffffff","bindingIndex":255,"addressIndex":255,"lastHopLqi":116,"lastHopRssi":-71,"lastHopTimestamp":0} messageContents=057c11050700010d00
[2026-02-02 22:00:25] debug: 	zh:controller: Received payload: clusterID=5, address=10078, groupID=0, endpoint=1, destinationEndpoint=1, wasBroadcast=false, linkQuality=116, frame={"header":{"frameControl":{"frameType":1,"manufacturerSpecific":true,"direction":0,"disableDefaultResponse":false,"reservedBits":0},"manufacturerCode":4476,"transactionSequenceNumber":5,"commandIdentifier":7},"payload":{"value":256,"value2":13},"command":{"ID":7,"parameters":[{"name":"value","type":33,"max":65535},{"name":"value2","type":33,"max":65535}],"name":"tradfriArrowSingle"}}
[2026-02-02 22:00:25] debug: 	zh:controller:endpoint: ZCL command 0x30fb10fffe4c12d6/1 genScenes.defaultRsp({"cmdId":7,"statusCode":0}, {"timeout":10000,"disableResponse":false,"disableRecovery":false,"disableDefaultResponse":true,"direction":1,"reservedBits":0,"transactionSequenceNumber":5,"writeUndiv":false})
[2026-02-02 22:00:25] debug: 	zh:controller:endpoint: Request Queue (0x30fb10fffe4c12d6/1): send defaultRsp request immediately (sendPolicy=undefined)
[2026-02-02 22:00:25] debug: 	zh:ember: ~~~> [ZCL to=0x30fb10fffe4c12d6:10078 apsFrame={"profileId":260,"clusterId":5,"sourceEndpoint":1,"destinationEndpoint":1,"options":4352,"groupId":0,"sequence":0} header={"frameControl":{"reservedBits":0,"frameType":0,"direction":1,"disableDefaultResponse":true,"manufacturerSpecific":false},"transactionSequenceNumber":5,"commandIdentifier":11}]
[2026-02-02 22:00:25] debug: 	zh:ember:ezsp: ===> [FRAME: ID=52:"SEND_UNICAST" Seq=47 Len=26]
[2026-02-02 22:00:25] debug: 	zh:ember:uart:ash: ---> [FRAME type=DATA frmTx=7 frmRx=0](ackRx=7)
[2026-02-02 22:00:25] debug: 	z2m: Received Zigbee message from 'IKEA Tradfri Switch 1', type 'commandTradfriArrowSingle', cluster 'genScenes', data '{"value":256,"value2":13}' from endpoint 1 with groupID 0
[2026-02-02 22:00:25] info: 	z2m:mqtt: MQTT publish: topic 'zigbee2mqtt/IKEA Tradfri Switch 1', payload '{"action":"arrow_right_click","battery":100,"identify":null,"linkquality":116,"update":{"installed_version":33816598,"latest_version":33816598,"state":"idle"}}'
[2026-02-02 22:00:25] info: 	z2m:mqtt: MQTT publish: topic 'zigbee2mqtt/IKEA Tradfri Switch 1/action', payload 'arrow_right_click'
[2026-02-02 22:00:25] debug: 	zh:ember:uart:ash: <--- [FRAME type=DATA]
[2026-02-02 22:00:25] debug: 	zh:ember:uart:ash: <--- [FRAME type=DATA ackNum=0](ackRx=7 frmTx=0)
[2026-02-02 22:00:25] debug: 	zh:ember:uart:ash: <--- [FRAME type=DATA ackNum=0 frmNum=0](frmRx=0) Added to rxQueue
[2026-02-02 22:00:25] debug: 	zh:ember:uart:ash: ---> [FRAME type=ACK frmRx=1](ackRx=0)
[2026-02-02 22:00:25] debug: 	zh:ember:ezsp: <=== [FRAME: ID=52:"SEND_UNICAST" Seq=47 Len=7]
[2026-02-02 22:00:25] debug: 	zh:ember:ezsp: ~~~> [SENT type=DIRECT apsSequence=42 messageTag=14 status=OK]
[2026-02-02 22:00:25] debug: 	zh:ember:uart:ash: <--- [FRAME type=DATA]
[2026-02-02 22:00:25] debug: 	zh:ember:uart:ash: <--- [FRAME type=DATA ackNum=0](ackRx=0 frmTx=0)
[2026-02-02 22:00:25] debug: 	zh:ember:uart:ash: <--- [FRAME type=DATA ackNum=0 frmNum=1](frmRx=1) Added to rxQueue
[2026-02-02 22:00:25] debug: 	zh:ember:uart:ash: ---> [FRAME type=ACK frmRx=2](ackRx=0)
[2026-02-02 22:00:25] debug: 	zh:ember:ezsp: <=== [CBFRAME: ID=63:"MESSAGE_SENT_HANDLER" Seq=47 Len=22]
[2026-02-02 22:00:25] debug: 	zh:ember:ezsp: ezspMessageSentHandler: status=OK type=DIRECT indexOrDestination=10078 apsFrame={"profileId":260,"clusterId":5,"sourceEndpoint":1,"destinationEndpoint":1,"options":4352,"groupId":0,"sequence":42} messageTag=14
[2026-02-02 22:00:31] debug: 	zh:ember:uart:ash: <--- [FRAME type=DATA]
[2026-02-02 22:00:31] debug: 	zh:ember:uart:ash: <--- [FRAME type=DATA ackNum=0](ackRx=0 frmTx=0)
[2026-02-02 22:00:31] debug: 	zh:ember:uart:ash: <--- [FRAME type=DATA ackNum=0 frmNum=2](frmRx=2) Added to rxQueue
[2026-02-02 22:00:31] debug: 	zh:ember:uart:ash: ---> [FRAME type=ACK frmRx=3](ackRx=0)
[2026-02-02 22:00:31] debug: 	zh:ember:ezsp: <=== [CBFRAME: ID=69:"INCOMING_MESSAGE_HANDLER" Seq=47 Len=32]
[2026-02-02 22:00:31] debug: 	zh:ember:ezsp: ezspIncomingMessageHandler: type=UNICAST apsFrame={"profileId":260,"clusterId":5,"sourceEndpoint":1,"destinationEndpoint":1,"options":256,"groupId":0,"sequence":110} packetInfo:{"senderShortId":10078,"senderLongId":"0xffffffffffffffff","bindingIndex":255,"addressIndex":255,"lastHopLqi":116,"lastHopRssi":-71,"lastHopTimestamp":0} messageContents=057c1106090000
[2026-02-02 22:00:31] debug: 	zh:controller: Received payload: clusterID=5, address=10078, groupID=0, endpoint=1, destinationEndpoint=1, wasBroadcast=false, linkQuality=116, frame={"header":{"frameControl":{"frameType":1,"manufacturerSpecific":true,"direction":0,"disableDefaultResponse":false,"reservedBits":0},"manufacturerCode":4476,"transactionSequenceNumber":6,"commandIdentifier":9},"payload":{"value":0},"command":{"ID":9,"parameters":[{"name":"value","type":33,"max":65535}],"name":"tradfriArrowRelease"}}
[2026-02-02 22:00:31] debug: 	zh:controller:endpoint: ZCL command 0x30fb10fffe4c12d6/1 genScenes.defaultRsp({"cmdId":9,"statusCode":0}, {"timeout":10000,"disableResponse":false,"disableRecovery":false,"disableDefaultResponse":true,"direction":1,"reservedBits":0,"transactionSequenceNumber":6,"writeUndiv":false})
[2026-02-02 22:00:31] debug: 	zh:controller:endpoint: Request Queue (0x30fb10fffe4c12d6/1): send defaultRsp request immediately (sendPolicy=undefined)
[2026-02-02 22:00:31] debug: 	zh:ember: ~~~> [ZCL to=0x30fb10fffe4c12d6:10078 apsFrame={"profileId":260,"clusterId":5,"sourceEndpoint":1,"destinationEndpoint":1,"options":4352,"groupId":0,"sequence":0} header={"frameControl":{"reservedBits":0,"frameType":0,"direction":1,"disableDefaultResponse":true,"manufacturerSpecific":false},"transactionSequenceNumber":6,"commandIdentifier":11}]
[2026-02-02 22:00:31] debug: 	zh:ember:ezsp: ===> [FRAME: ID=52:"SEND_UNICAST" Seq=48 Len=26]
[2026-02-02 22:00:31] debug: 	zh:ember:uart:ash: ---> [FRAME type=DATA frmTx=0 frmRx=3](ackRx=0)
[2026-02-02 22:00:31] debug: 	z2m: Received Zigbee message from 'IKEA Tradfri Switch 1', type 'commandTradfriArrowRelease', cluster 'genScenes', data '{"value":0}' from endpoint 1 with groupID 0
[2026-02-02 22:00:31] debug: 	zh:ember:uart:ash: <--- [FRAME type=DATA]
[2026-02-02 22:00:31] debug: 	zh:ember:uart:ash: <--- [FRAME type=DATA ackNum=1](ackRx=0 frmTx=1)
[2026-02-02 22:00:31] debug: 	zh:ember:uart:ash: <--- [FRAME type=DATA ackNum=1 frmNum=3](frmRx=3) Added to rxQueue
[2026-02-02 22:00:31] debug: 	zh:ember:uart:ash: ---> [FRAME type=ACK frmRx=4](ackRx=1)
[2026-02-02 22:00:31] debug: 	zh:ember:ezsp: <=== [FRAME: ID=52:"SEND_UNICAST" Seq=48 Len=7]
[2026-02-02 22:00:31] debug: 	zh:ember:ezsp: ~~~> [SENT type=DIRECT apsSequence=43 messageTag=15 status=OK]
[2026-02-02 22:00:31] debug: 	zh:ember:uart:ash: <--- [FRAME type=DATA]
[2026-02-02 22:00:31] debug: 	zh:ember:uart:ash: <--- [FRAME type=DATA ackNum=1](ackRx=1 frmTx=1)
[2026-02-02 22:00:31] debug: 	zh:ember:uart:ash: <--- [FRAME type=DATA ackNum=1 frmNum=4](frmRx=4) Added to rxQueue
[2026-02-02 22:00:31] debug: 	zh:ember:uart:ash: ---> [FRAME type=ACK frmRx=5](ackRx=1)
[2026-02-02 22:00:31] debug: 	zh:ember:ezsp: <=== [CBFRAME: ID=63:"MESSAGE_SENT_HANDLER" Seq=48 Len=22]
[2026-02-02 22:00:31] debug: 	zh:ember:ezsp: ezspMessageSentHandler: status=OK type=DIRECT indexOrDestination=10078 apsFrame={"profileId":260,"clusterId":5,"sourceEndpoint":1,"destinationEndpoint":1,"options":4352,"groupId":0,"sequence":43} messageTag=15
[2026-02-02 22:00:32] debug: 	zh:ember:uart:ash: <--- [FRAME type=DATA]
[2026-02-02 22:00:32] debug: 	zh:ember:uart:ash: <--- [FRAME type=DATA ackNum=1](ackRx=1 frmTx=1)
[2026-02-02 22:00:32] debug: 	zh:ember:uart:ash: <--- [FRAME type=DATA ackNum=1 frmNum=5](frmRx=5) Added to rxQueue
[2026-02-02 22:00:32] debug: 	zh:ember:uart:ash: ---> [FRAME type=ACK frmRx=6](ackRx=1)
[2026-02-02 22:00:32] debug: 	zh:ember:ezsp: <=== [CBFRAME: ID=69:"INCOMING_MESSAGE_HANDLER" Seq=48 Len=30]
[2026-02-02 22:00:32] debug: 	zh:ember:ezsp: ezspIncomingMessageHandler: type=UNICAST apsFrame={"profileId":260,"clusterId":10,"sourceEndpoint":1,"destinationEndpoint":1,"options":256,"groupId":0,"sequence":8} packetInfo:{"senderShortId":7447,"senderLongId":"0xffffffffffffffff","bindingIndex":255,"addressIndex":255,"lastHopLqi":160,"lastHopRssi":-60,"lastHopTimestamp":0} messageContents=108a000700
[2026-02-02 22:00:32] debug: 	zh:controller: Received payload: clusterID=10, address=7447, groupID=0, endpoint=1, destinationEndpoint=1, wasBroadcast=false, linkQuality=160, frame={"header":{"frameControl":{"frameType":0,"manufacturerSpecific":false,"direction":0,"disableDefaultResponse":true,"reservedBits":0},"transactionSequenceNumber":138,"commandIdentifier":0},"payload":[{"attrId":7}],"command":{"ID":0,"name":"read","parameters":[{"name":"attrId","type":9}],"response":1}}
[2026-02-02 22:00:32] debug: 	zh:controller:endpoint: ZCL command 0xa4c138247a1a948b/1 genTime.readRsp({"localTime":823384832}, {"timeout":10000,"disableResponse":false,"disableRecovery":false,"disableDefaultResponse":true,"direction":1,"srcEndpoint":1,"reservedBits":0,"transactionSequenceNumber":138,"writeUndiv":false})
[2026-02-02 22:00:32] debug: 	zh:ember: ~~~> [ZCL to=0xa4c138247a1a948b:7447 apsFrame={"profileId":260,"clusterId":10,"sourceEndpoint":1,"destinationEndpoint":1,"options":4352,"groupId":0,"sequence":0} header={"frameControl":{"reservedBits":0,"frameType":0,"direction":1,"disableDefaultResponse":true,"manufacturerSpecific":false},"transactionSequenceNumber":138,"commandIdentifier":1}]
[2026-02-02 22:00:32] debug: 	zh:ember:ezsp: ===> [FRAME: ID=52:"SEND_UNICAST" Seq=49 Len=32]
[2026-02-02 22:00:32] debug: 	zh:ember:uart:ash: ---> [FRAME type=DATA frmTx=1 frmRx=6](ackRx=1)
[2026-02-02 22:00:32] debug: 	z2m: Received Zigbee message from 'Tuya Connected Outlet', type 'read', cluster 'genTime', data '["localTime"]' from endpoint 1 with groupID 0
[2026-02-02 22:00:32] debug: 	zh:ember:uart:ash: <--- [FRAME type=DATA]
[2026-02-02 22:00:32] debug: 	zh:ember:uart:ash: <--- [FRAME type=DATA ackNum=1](ackRx=1 frmTx=2)
[2026-02-02 22:00:32] debug: 	zh:ember:uart:ash: <--- [FRAME type=DATA ackNum=1 frmNum=6](frmRx=6) Added to rxQueue
[2026-02-02 22:00:32] debug: 	zh:ember:uart:ash: ---> [FRAME type=ACK frmRx=7](ackRx=1)
[2026-02-02 22:00:32] debug: 	zh:ember:ezsp: <=== [CBFRAME: ID=69:"INCOMING_MESSAGE_HANDLER" Seq=48 Len=28]
[2026-02-02 22:00:32] debug: 	zh:ember:ezsp: ezspIncomingMessageHandler: type=UNICAST apsFrame={"profileId":260,"clusterId":6,"sourceEndpoint":1,"destinationEndpoint":1,"options":256,"groupId":0,"sequence":111} packetInfo:{"senderShortId":10078,"senderLongId":"0xffffffffffffffff","bindingIndex":255,"addressIndex":255,"lastHopLqi":116,"lastHopRssi":-71,"lastHopTimestamp":0} messageContents=010701
[2026-02-02 22:00:32] debug: 	zh:controller: Received payload: clusterID=6, address=10078, groupID=0, endpoint=1, destinationEndpoint=1, wasBroadcast=false, linkQuality=116, frame={"header":{"frameControl":{"frameType":1,"manufacturerSpecific":false,"direction":0,"disableDefaultResponse":false,"reservedBits":0},"transactionSequenceNumber":7,"commandIdentifier":1},"payload":{},"command":{"ID":1,"parameters":[],"required":true,"name":"on"}}
[2026-02-02 22:00:32] debug: 	zh:controller:endpoint: ZCL command 0x30fb10fffe4c12d6/1 genOnOff.defaultRsp({"cmdId":1,"statusCode":0}, {"timeout":10000,"disableResponse":false,"disableRecovery":false,"disableDefaultResponse":true,"direction":1,"reservedBits":0,"transactionSequenceNumber":7,"writeUndiv":false})
[2026-02-02 22:00:32] debug: 	zh:controller:endpoint: Request Queue (0x30fb10fffe4c12d6/1): send defaultRsp request immediately (sendPolicy=undefined)
[2026-02-02 22:00:32] debug: 	zh:ember: ~~~> [ZCL to=0x30fb10fffe4c12d6:10078 apsFrame={"profileId":260,"clusterId":6,"sourceEndpoint":1,"destinationEndpoint":1,"options":4352,"groupId":0,"sequence":0} header={"frameControl":{"reservedBits":0,"frameType":0,"direction":1,"disableDefaultResponse":true,"manufacturerSpecific":false},"transactionSequenceNumber":7,"commandIdentifier":11}]
[2026-02-02 22:00:32] debug: 	z2m: Received Zigbee message from 'IKEA Tradfri Switch 1', type 'commandOn', cluster 'genOnOff', data '{}' from endpoint 1 with groupID 0
[2026-02-02 22:00:32] debug: 	zh:ember:uart:ash: <--- [FRAME type=DATA]
[2026-02-02 22:00:32] debug: 	zh:ember:uart:ash: <--- [FRAME type=DATA ackNum=2](ackRx=1 frmTx=2)
[2026-02-02 22:00:32] debug: 	zh:ember:uart:ash: <--- [FRAME type=DATA ackNum=2 frmNum=7](frmRx=7) Added to rxQueue
[2026-02-02 22:00:32] debug: 	zh:ember:uart:ash: ---> [FRAME type=ACK frmRx=0](ackRx=2)
[2026-02-02 22:00:32] debug: 	zh:ember:ezsp: <=== [FRAME: ID=52:"SEND_UNICAST" Seq=49 Len=7]
[2026-02-02 22:00:32] debug: 	zh:ember:ezsp: ===> [FRAME: ID=52:"SEND_UNICAST" Seq=50 Len=26]
[2026-02-02 22:00:32] debug: 	zh:ember:uart:ash: ---> [FRAME type=DATA frmTx=2 frmRx=0](ackRx=2)
[2026-02-02 22:00:32] debug: 	zh:ember:ezsp: ~~~> [SENT type=DIRECT apsSequence=44 messageTag=16 status=OK]
[2026-02-02 22:00:32] debug: 	zh:ember:uart:ash: <--- [FRAME type=DATA]
[2026-02-02 22:00:32] debug: 	zh:ember:uart:ash: <--- [FRAME type=DATA ackNum=2](ackRx=2 frmTx=3)
[2026-02-02 22:00:32] debug: 	zh:ember:uart:ash: <--- [FRAME type=DATA ackNum=2 frmNum=0](frmRx=0) Added to rxQueue
[2026-02-02 22:00:32] debug: 	zh:ember:uart:ash: ---> [FRAME type=ACK frmRx=1](ackRx=2)
[2026-02-02 22:00:32] debug: 	zh:ember:ezsp: <=== [CBFRAME: ID=63:"MESSAGE_SENT_HANDLER" Seq=49 Len=22]
[2026-02-02 22:00:32] debug: 	zh:ember:ezsp: ezspMessageSentHandler: status=OK type=DIRECT indexOrDestination=7447 apsFrame={"profileId":260,"clusterId":10,"sourceEndpoint":1,"destinationEndpoint":1,"options":4352,"groupId":0,"sequence":44} messageTag=16
[2026-02-02 22:00:32] debug: 	zh:ember:uart:ash: <--- [FRAME type=DATA]
[2026-02-02 22:00:32] debug: 	zh:ember:uart:ash: <--- [FRAME type=DATA ackNum=3](ackRx=2 frmTx=3)
[2026-02-02 22:00:32] debug: 	zh:ember:uart:ash: <--- [FRAME type=DATA ackNum=3 frmNum=1](frmRx=1) Added to rxQueue
[2026-02-02 22:00:32] debug: 	zh:ember:uart:ash: ---> [FRAME type=ACK frmRx=2](ackRx=3)
[2026-02-02 22:00:32] debug: 	zh:ember:ezsp: <=== [FRAME: ID=52:"SEND_UNICAST" Seq=50 Len=7]
[2026-02-02 22:00:32] debug: 	zh:ember:ezsp: ~~~> [SENT type=DIRECT apsSequence=45 messageTag=17 status=OK]
[2026-02-02 22:00:32] debug: 	zh:ember:uart:ash: <--- [FRAME type=DATA]
[2026-02-02 22:00:32] debug: 	zh:ember:uart:ash: <--- [FRAME type=DATA ackNum=3](ackRx=3 frmTx=3)
[2026-02-02 22:00:32] debug: 	zh:ember:uart:ash: <--- [FRAME type=DATA ackNum=3 frmNum=2](frmRx=2) Added to rxQueue
[2026-02-02 22:00:32] debug: 	zh:ember:uart:ash: ---> [FRAME type=ACK frmRx=3](ackRx=3)
[2026-02-02 22:00:32] debug: 	zh:ember:ezsp: <=== [CBFRAME: ID=63:"MESSAGE_SENT_HANDLER" Seq=50 Len=22]
[2026-02-02 22:00:32] debug: 	zh:ember:ezsp: ezspMessageSentHandler: status=OK type=DIRECT indexOrDestination=10078 apsFrame={"profileId":260,"clusterId":6,"sourceEndpoint":1,"destinationEndpoint":1,"options":4352,"groupId":0,"sequence":45} messageTag=17
[2026-02-02 22:00:32] debug: 	zh:ember:uart:ash: <--- [FRAME type=DATA]
[2026-02-02 22:00:32] debug: 	zh:ember:uart:ash: <--- [FRAME type=DATA ackNum=3](ackRx=3 frmTx=3)
[2026-02-02 22:00:32] debug: 	zh:ember:uart:ash: <--- [FRAME type=DATA ackNum=3 frmNum=3](frmRx=3) Added to rxQueue
[2026-02-02 22:00:32] debug: 	zh:ember:uart:ash: ---> [FRAME type=ACK frmRx=4](ackRx=3)
[2026-02-02 22:00:32] debug: 	zh:ember:ezsp: <=== [CBFRAME: ID=69:"INCOMING_MESSAGE_HANDLER" Seq=50 Len=33]
[2026-02-02 22:00:32] debug: 	zh:ember:ezsp: ezspIncomingMessageHandler: type=UNICAST apsFrame={"profileId":260,"clusterId":5,"sourceEndpoint":1,"destinationEndpoint":1,"options":256,"groupId":0,"sequence":112} packetInfo:{"senderShortId":10078,"senderLongId":"0xffffffffffffffff","bindingIndex":255,"addressIndex":255,"lastHopLqi":120,"lastHopRssi":-70,"lastHopTimestamp":0} messageContents=0108050000000000
[2026-02-02 22:00:32] debug: 	zh:controller: Received payload: clusterID=5, address=10078, groupID=0, endpoint=1, destinationEndpoint=1, wasBroadcast=false, linkQuality=120, frame={"header":{"frameControl":{"frameType":1,"manufacturerSpecific":false,"direction":0,"disableDefaultResponse":false,"reservedBits":0},"transactionSequenceNumber":8,"commandIdentifier":5},"payload":{"groupid":0,"sceneid":0,"transitionTime":0},"command":{"ID":5,"parameters":[{"name":"groupid","type":33},{"name":"sceneid","type":32},{"name":"transitionTime","type":33}],"required":true,"name":"recall"}}
[2026-02-02 22:00:32] debug: 	zh:controller:endpoint: ZCL command 0x30fb10fffe4c12d6/1 genScenes.defaultRsp({"cmdId":5,"statusCode":0}, {"timeout":10000,"disableResponse":false,"disableRecovery":false,"disableDefaultResponse":true,"direction":1,"reservedBits":0,"transactionSequenceNumber":8,"writeUndiv":false})
[2026-02-02 22:00:32] debug: 	zh:controller:endpoint: Request Queue (0x30fb10fffe4c12d6/1): send defaultRsp request immediately (sendPolicy=undefined)
[2026-02-02 22:00:32] debug: 	zh:ember: ~~~> [ZCL to=0x30fb10fffe4c12d6:10078 apsFrame={"profileId":260,"clusterId":5,"sourceEndpoint":1,"destinationEndpoint":1,"options":4352,"groupId":0,"sequence":0} header={"frameControl":{"reservedBits":0,"frameType":0,"direction":1,"disableDefaultResponse":true,"manufacturerSpecific":false},"transactionSequenceNumber":8,"commandIdentifier":11}]
[2026-02-02 22:00:32] debug: 	zh:ember:ezsp: ===> [FRAME: ID=52:"SEND_UNICAST" Seq=51 Len=26]
[2026-02-02 22:00:32] debug: 	zh:ember:uart:ash: ---> [FRAME type=DATA frmTx=3 frmRx=4](ackRx=3)
[2026-02-02 22:00:32] debug: 	z2m: Received Zigbee message from 'IKEA Tradfri Switch 1', type 'commandRecall', cluster 'genScenes', data '{"groupid":0,"sceneid":0,"transitionTime":0}' from endpoint 1 with groupID 0
[2026-02-02 22:00:32] debug: 	z2m: No converter available for 'E2001/E2002' with cluster 'genScenes' and type 'commandRecall' and data '{"groupid":0,"sceneid":0,"transitionTime":0}'
[2026-02-02 22:00:32] debug: 	zh:ember:uart:ash: <--- [FRAME type=DATA]
[2026-02-02 22:00:32] debug: 	zh:ember:uart:ash: <--- [FRAME type=DATA ackNum=4](ackRx=3 frmTx=4)
[2026-02-02 22:00:32] debug: 	zh:ember:uart:ash: <--- [FRAME type=DATA ackNum=4 frmNum=4](frmRx=4) Added to rxQueue
[2026-02-02 22:00:32] debug: 	zh:ember:uart:ash: ---> [FRAME type=ACK frmRx=5](ackRx=4)
[2026-02-02 22:00:32] debug: 	zh:ember:ezsp: <=== [FRAME: ID=52:"SEND_UNICAST" Seq=51 Len=7]
[2026-02-02 22:00:32] debug: 	zh:ember:ezsp: ~~~> [SENT type=DIRECT apsSequence=46 messageTag=18 status=OK]
[2026-02-02 22:00:32] debug: 	zh:ember:uart:ash: <--- [FRAME type=DATA]
[2026-02-02 22:00:32] debug: 	zh:ember:uart:ash: <--- [FRAME type=DATA ackNum=4](ackRx=4 frmTx=4)
[2026-02-02 22:00:32] debug: 	zh:ember:uart:ash: <--- [FRAME type=DATA ackNum=4 frmNum=5](frmRx=5) Added to rxQueue
[2026-02-02 22:00:32] debug: 	zh:ember:uart:ash: ---> [FRAME type=ACK frmRx=6](ackRx=4)
[2026-02-02 22:00:32] debug: 	zh:ember:ezsp: <=== [CBFRAME: ID=63:"MESSAGE_SENT_HANDLER" Seq=51 Len=22]
[2026-02-02 22:00:32] debug: 	zh:ember:ezsp: ezspMessageSentHandler: status=OK type=DIRECT indexOrDestination=10078 apsFrame={"profileId":260,"clusterId":5,"sourceEndpoint":1,"destinationEndpoint":1,"options":4352,"groupId":0,"sequence":46} messageTag=18
[2026-02-02 22:00:33] debug: 	zh:ember:uart:ash: <--- [FRAME type=DATA]
[2026-02-02 22:00:33] debug: 	zh:ember:uart:ash: <--- [FRAME type=DATA ackNum=4](ackRx=4 frmTx=4)
[2026-02-02 22:00:33] debug: 	zh:ember:uart:ash: <--- [FRAME type=DATA ackNum=4 frmNum=6](frmRx=6) Added to rxQueue
[2026-02-02 22:00:33] debug: 	zh:ember:uart:ash: ---> [FRAME type=ACK frmRx=7](ackRx=4)
[2026-02-02 22:00:33] debug: 	zh:ember:ezsp: <=== [CBFRAME: ID=69:"INCOMING_MESSAGE_HANDLER" Seq=51 Len=33]
[2026-02-02 22:00:33] debug: 	zh:ember:ezsp: ezspIncomingMessageHandler: type=UNICAST apsFrame={"profileId":260,"clusterId":5,"sourceEndpoint":1,"destinationEndpoint":1,"options":256,"groupId":0,"sequence":113} packetInfo:{"senderShortId":10078,"senderLongId":"0xffffffffffffffff","bindingIndex":255,"addressIndex":255,"lastHopLqi":120,"lastHopRssi":-70,"lastHopTimestamp":0} messageContents=057c110908000d00
[2026-02-02 22:00:33] debug: 	zh:controller: Received payload: clusterID=5, address=10078, groupID=0, endpoint=1, destinationEndpoint=1, wasBroadcast=false, linkQuality=120, frame={"header":{"frameControl":{"frameType":1,"manufacturerSpecific":true,"direction":0,"disableDefaultResponse":false,"reservedBits":0},"manufacturerCode":4476,"transactionSequenceNumber":9,"commandIdentifier":8},"payload":{"value":3328},"command":{"ID":8,"parameters":[{"name":"value","type":33,"max":65535}],"name":"tradfriArrowHold"}}
[2026-02-02 22:00:33] debug: 	zh:controller:endpoint: ZCL command 0x30fb10fffe4c12d6/1 genScenes.defaultRsp({"cmdId":8,"statusCode":0}, {"timeout":10000,"disableResponse":false,"disableRecovery":false,"disableDefaultResponse":true,"direction":1,"reservedBits":0,"transactionSequenceNumber":9,"writeUndiv":false})
[2026-02-02 22:00:33] debug: 	zh:controller:endpoint: Request Queue (0x30fb10fffe4c12d6/1): send defaultRsp request immediately (sendPolicy=undefined)
[2026-02-02 22:00:33] debug: 	zh:ember: ~~~> [ZCL to=0x30fb10fffe4c12d6:10078 apsFrame={"profileId":260,"clusterId":5,"sourceEndpoint":1,"destinationEndpoint":1,"options":4352,"groupId":0,"sequence":0} header={"frameControl":{"reservedBits":0,"frameType":0,"direction":1,"disableDefaultResponse":true,"manufacturerSpecific":false},"transactionSequenceNumber":9,"commandIdentifier":11}]
[2026-02-02 22:00:33] debug: 	zh:ember:ezsp: ===> [FRAME: ID=52:"SEND_UNICAST" Seq=52 Len=26]
[2026-02-02 22:00:33] debug: 	zh:ember:uart:ash: ---> [FRAME type=DATA frmTx=4 frmRx=7](ackRx=4)
[2026-02-02 22:00:33] debug: 	z2m: Received Zigbee message from 'IKEA Tradfri Switch 1', type 'commandTradfriArrowHold', cluster 'genScenes', data '{"value":3328}' from endpoint 1 with groupID 0
[2026-02-02 22:00:33] info: 	z2m:mqtt: MQTT publish: topic 'zigbee2mqtt/IKEA Tradfri Switch 1', payload '{"action":"arrow_right_hold","battery":100,"identify":null,"linkquality":120,"update":{"installed_version":33816598,"latest_version":33816598,"state":"idle"}}'
[2026-02-02 22:00:33] info: 	z2m:mqtt: MQTT publish: topic 'zigbee2mqtt/IKEA Tradfri Switch 1/action', payload 'arrow_right_hold'
[2026-02-02 22:00:33] debug: 	zh:ember:uart:ash: <--- [FRAME type=DATA]
[2026-02-02 22:00:33] debug: 	zh:ember:uart:ash: <--- [FRAME type=DATA ackNum=5](ackRx=4 frmTx=5)
[2026-02-02 22:00:33] debug: 	zh:ember:uart:ash: <--- [FRAME type=DATA ackNum=5 frmNum=7](frmRx=7) Added to rxQueue
[2026-02-02 22:00:33] debug: 	zh:ember:uart:ash: ---> [FRAME type=ACK frmRx=0](ackRx=5)
[2026-02-02 22:00:33] debug: 	zh:ember:ezsp: <=== [FRAME: ID=52:"SEND_UNICAST" Seq=52 Len=7]
[2026-02-02 22:00:33] debug: 	zh:ember:ezsp: ~~~> [SENT type=DIRECT apsSequence=47 messageTag=19 status=OK]
[2026-02-02 22:00:33] debug: 	zh:ember:uart:ash: <--- [FRAME type=DATA]
[2026-02-02 22:00:33] debug: 	zh:ember:uart:ash: <--- [FRAME type=DATA ackNum=5](ackRx=5 frmTx=5)
[2026-02-02 22:00:33] debug: 	zh:ember:uart:ash: <--- [FRAME type=DATA ackNum=5 frmNum=0](frmRx=0) Added to rxQueue
[2026-02-02 22:00:33] debug: 	zh:ember:uart:ash: ---> [FRAME type=ACK frmRx=1](ackRx=5)
[2026-02-02 22:00:33] debug: 	zh:ember:ezsp: <=== [CBFRAME: ID=63:"MESSAGE_SENT_HANDLER" Seq=52 Len=22]
[2026-02-02 22:00:33] debug: 	zh:ember:ezsp: ezspMessageSentHandler: status=OK type=DIRECT indexOrDestination=10078 apsFrame={"profileId":260,"clusterId":5,"sourceEndpoint":1,"destinationEndpoint":1,"options":4352,"groupId":0,"sequence":47} messageTag=19
[2026-02-02 22:00:38] debug: 	zh:ember:uart:ash: <--- [FRAME type=DATA]
[2026-02-02 22:00:38] debug: 	zh:ember:uart:ash: <--- [FRAME type=DATA ackNum=5](ackRx=5 frmTx=5)
[2026-02-02 22:00:38] debug: 	zh:ember:uart:ash: <--- [FRAME type=DATA ackNum=5 frmNum=1](frmRx=1) Added to rxQueue
[2026-02-02 22:00:38] debug: 	zh:ember:uart:ash: ---> [FRAME type=ACK frmRx=2](ackRx=5)
[2026-02-02 22:00:38] debug: 	zh:ember:ezsp: <=== [CBFRAME: ID=69:"INCOMING_MESSAGE_HANDLER" Seq=52 Len=32]
[2026-02-02 22:00:38] debug: 	zh:ember:ezsp: ezspIncomingMessageHandler: type=UNICAST apsFrame={"profileId":260,"clusterId":5,"sourceEndpoint":1,"destinationEndpoint":1,"options":256,"groupId":0,"sequence":114} packetInfo:{"senderShortId":10078,"senderLongId":"0xffffffffffffffff","bindingIndex":255,"addressIndex":255,"lastHopLqi":120,"lastHopRssi":-70,"lastHopTimestamp":0} messageContents=057c110a09bbf4
[2026-02-02 22:00:38] debug: 	zh:controller: Received payload: clusterID=5, address=10078, groupID=0, endpoint=1, destinationEndpoint=1, wasBroadcast=false, linkQuality=120, frame={"header":{"frameControl":{"frameType":1,"manufacturerSpecific":true,"direction":0,"disableDefaultResponse":false,"reservedBits":0},"manufacturerCode":4476,"transactionSequenceNumber":10,"commandIdentifier":9},"payload":{"value":62651},"command":{"ID":9,"parameters":[{"name":"value","type":33,"max":65535}],"name":"tradfriArrowRelease"}}
[2026-02-02 22:00:38] debug: 	zh:controller:endpoint: ZCL command 0x30fb10fffe4c12d6/1 genScenes.defaultRsp({"cmdId":9,"statusCode":0}, {"timeout":10000,"disableResponse":false,"disableRecovery":false,"disableDefaultResponse":true,"direction":1,"reservedBits":0,"transactionSequenceNumber":10,"writeUndiv":false})
[2026-02-02 22:00:38] debug: 	zh:controller:endpoint: Request Queue (0x30fb10fffe4c12d6/1): send defaultRsp request immediately (sendPolicy=undefined)
[2026-02-02 22:00:38] debug: 	zh:ember: ~~~> [ZCL to=0x30fb10fffe4c12d6:10078 apsFrame={"profileId":260,"clusterId":5,"sourceEndpoint":1,"destinationEndpoint":1,"options":4352,"groupId":0,"sequence":0} header={"frameControl":{"reservedBits":0,"frameType":0,"direction":1,"disableDefaultResponse":true,"manufacturerSpecific":false},"transactionSequenceNumber":10,"commandIdentifier":11}]
[2026-02-02 22:00:38] debug: 	zh:ember:ezsp: ===> [FRAME: ID=52:"SEND_UNICAST" Seq=53 Len=26]
[2026-02-02 22:00:38] debug: 	zh:ember:uart:ash: ---> [FRAME type=DATA frmTx=5 frmRx=2](ackRx=5)
[2026-02-02 22:00:38] debug: 	z2m: Received Zigbee message from 'IKEA Tradfri Switch 1', type 'commandTradfriArrowRelease', cluster 'genScenes', data '{"value":62651}' from endpoint 1 with groupID 0
[2026-02-02 22:00:38] info: 	z2m:mqtt: MQTT publish: topic 'zigbee2mqtt/IKEA Tradfri Switch 1', payload '{"action":"arrow_right_release","action_duration":62.651,"battery":100,"identify":null,"linkquality":120,"update":{"installed_version":33816598,"latest_version":33816598,"state":"idle"}}'
[2026-02-02 22:00:38] info: 	z2m:mqtt: MQTT publish: topic 'zigbee2mqtt/IKEA Tradfri Switch 1/action', payload 'arrow_right_release'
[2026-02-02 22:00:38] debug: 	zh:ember:uart:ash: <--- [FRAME type=DATA]
[2026-02-02 22:00:38] debug: 	zh:ember:uart:ash: <--- [FRAME type=DATA ackNum=6](ackRx=5 frmTx=6)
[2026-02-02 22:00:38] debug: 	zh:ember:uart:ash: <--- [FRAME type=DATA ackNum=6 frmNum=2](frmRx=2) Added to rxQueue
[2026-02-02 22:00:38] debug: 	zh:ember:uart:ash: ---> [FRAME type=ACK frmRx=3](ackRx=6)
[2026-02-02 22:00:38] debug: 	zh:ember:ezsp: <=== [FRAME: ID=52:"SEND_UNICAST" Seq=53 Len=7]
[2026-02-02 22:00:38] debug: 	zh:ember:ezsp: ~~~> [SENT type=DIRECT apsSequence=48 messageTag=20 status=OK]
[2026-02-02 22:00:38] debug: 	zh:ember:uart:ash: <--- [FRAME type=DATA]
[2026-02-02 22:00:38] debug: 	zh:ember:uart:ash: <--- [FRAME type=DATA ackNum=6](ackRx=6 frmTx=6)
[2026-02-02 22:00:38] debug: 	zh:ember:uart:ash: <--- [FRAME type=DATA ackNum=6 frmNum=3](frmRx=3) Added to rxQueue
[2026-02-02 22:00:38] debug: 	zh:ember:uart:ash: ---> [FRAME type=ACK frmRx=4](ackRx=6)
[2026-02-02 22:00:38] debug: 	zh:ember:ezsp: <=== [CBFRAME: ID=63:"MESSAGE_SENT_HANDLER" Seq=53 Len=22]
[2026-02-02 22:00:38] debug: 	zh:ember:ezsp: ezspMessageSentHandler: status=OK type=DIRECT indexOrDestination=10078 apsFrame={"profileId":260,"clusterId":5,"sourceEndpoint":1,"destinationEndpoint":1,"options":4352,"groupId":0,"sequence":48} messageTag=20
[2026-02-02 22:00:39] debug: 	zh:ember:uart:ash: <--- [FRAME type=DATA]
[2026-02-02 22:00:39] debug: 	zh:ember:uart:ash: <--- [FRAME type=DATA ackNum=6](ackRx=6 frmTx=6)
[2026-02-02 22:00:39] debug: 	zh:ember:uart:ash: <--- [FRAME type=DATA ackNum=6 frmNum=4](frmRx=4) Added to rxQueue
[2026-02-02 22:00:39] debug: 	zh:ember:uart:ash: ---> [FRAME type=ACK frmRx=5](ackRx=6)
[2026-02-02 22:00:39] debug: 	zh:ember:ezsp: <=== [CBFRAME: ID=69:"INCOMING_MESSAGE_HANDLER" Seq=53 Len=34]
[2026-02-02 22:00:39] debug: 	zh:ember:ezsp: ezspIncomingMessageHandler: type=UNICAST apsFrame={"profileId":260,"clusterId":5,"sourceEndpoint":1,"destinationEndpoint":1,"options":256,"groupId":0,"sequence":115} packetInfo:{"senderShortId":10078,"senderLongId":"0xffffffffffffffff","bindingIndex":255,"addressIndex":255,"lastHopLqi":120,"lastHopRssi":-70,"lastHopTimestamp":0} messageContents=057c110b0700010d00
[2026-02-02 22:00:39] debug: 	zh:controller: Received payload: clusterID=5, address=10078, groupID=0, endpoint=1, destinationEndpoint=1, wasBroadcast=false, linkQuality=120, frame={"header":{"frameControl":{"frameType":1,"manufacturerSpecific":true,"direction":0,"disableDefaultResponse":false,"reservedBits":0},"manufacturerCode":4476,"transactionSequenceNumber":11,"commandIdentifier":7},"payload":{"value":256,"value2":13},"command":{"ID":7,"parameters":[{"name":"value","type":33,"max":65535},{"name":"value2","type":33,"max":65535}],"name":"tradfriArrowSingle"}}
[2026-02-02 22:00:39] debug: 	zh:controller:endpoint: ZCL command 0x30fb10fffe4c12d6/1 genScenes.defaultRsp({"cmdId":7,"statusCode":0}, {"timeout":10000,"disableResponse":false,"disableRecovery":false,"disableDefaultResponse":true,"direction":1,"reservedBits":0,"transactionSequenceNumber":11,"writeUndiv":false})
[2026-02-02 22:00:39] debug: 	zh:controller:endpoint: Request Queue (0x30fb10fffe4c12d6/1): send defaultRsp request immediately (sendPolicy=undefined)
[2026-02-02 22:00:39] debug: 	zh:ember: ~~~> [ZCL to=0x30fb10fffe4c12d6:10078 apsFrame={"profileId":260,"clusterId":5,"sourceEndpoint":1,"destinationEndpoint":1,"options":4352,"groupId":0,"sequence":0} header={"frameControl":{"reservedBits":0,"frameType":0,"direction":1,"disableDefaultResponse":true,"manufacturerSpecific":false},"transactionSequenceNumber":11,"commandIdentifier":11}]
[2026-02-02 22:00:39] debug: 	zh:ember:ezsp: ===> [FRAME: ID=52:"SEND_UNICAST" Seq=54 Len=26]
[2026-02-02 22:00:39] debug: 	zh:ember:uart:ash: ---> [FRAME type=DATA frmTx=6 frmRx=5](ackRx=6)
[2026-02-02 22:00:39] debug: 	z2m: Received Zigbee message from 'IKEA Tradfri Switch 1', type 'commandTradfriArrowSingle', cluster 'genScenes', data '{"value":256,"value2":13}' from endpoint 1 with groupID 0
[2026-02-02 22:00:39] info: 	z2m:mqtt: MQTT publish: topic 'zigbee2mqtt/IKEA Tradfri Switch 1', payload '{"action":"arrow_right_click","battery":100,"identify":null,"linkquality":120,"update":{"installed_version":33816598,"latest_version":33816598,"state":"idle"}}'
[2026-02-02 22:00:39] info: 	z2m:mqtt: MQTT publish: topic 'zigbee2mqtt/IKEA Tradfri Switch 1/action', payload 'arrow_right_click'
[2026-02-02 22:00:39] debug: 	zh:ember:uart:ash: <--- [FRAME type=DATA]
[2026-02-02 22:00:39] debug: 	zh:ember:uart:ash: <--- [FRAME type=DATA ackNum=7](ackRx=6 frmTx=7)
[2026-02-02 22:00:39] debug: 	zh:ember:uart:ash: <--- [FRAME type=DATA ackNum=7 frmNum=5](frmRx=5) Added to rxQueue
[2026-02-02 22:00:39] debug: 	zh:ember:uart:ash: ---> [FRAME type=ACK frmRx=6](ackRx=7)
[2026-02-02 22:00:39] debug: 	zh:ember:ezsp: <=== [FRAME: ID=52:"SEND_UNICAST" Seq=54 Len=7]
[2026-02-02 22:00:39] debug: 	zh:ember:ezsp: ~~~> [SENT type=DIRECT apsSequence=49 messageTag=21 status=OK]
[2026-02-02 22:00:39] debug: 	zh:ember:uart:ash: <--- [FRAME type=DATA]
[2026-02-02 22:00:39] debug: 	zh:ember:uart:ash: <--- [FRAME type=DATA ackNum=7](ackRx=7 frmTx=7)
[2026-02-02 22:00:39] debug: 	zh:ember:uart:ash: <--- [FRAME type=DATA ackNum=7 frmNum=6](frmRx=6) Added to rxQueue
[2026-02-02 22:00:39] debug: 	zh:ember:uart:ash: ---> [FRAME type=ACK frmRx=7](ackRx=7)
[2026-02-02 22:00:39] debug: 	zh:ember:ezsp: <=== [CBFRAME: ID=63:"MESSAGE_SENT_HANDLER" Seq=54 Len=22]
[2026-02-02 22:00:39] debug: 	zh:ember:ezsp: ezspMessageSentHandler: status=OK type=DIRECT indexOrDestination=10078 apsFrame={"profileId":260,"clusterId":5,"sourceEndpoint":1,"destinationEndpoint":1,"options":4352,"groupId":0,"sequence":49} messageTag=21
[2026-02-02 22:00:39] debug: 	zh:ember:uart:ash: <--- [FRAME type=DATA]
[2026-02-02 22:00:39] debug: 	zh:ember:uart:ash: <--- [FRAME type=DATA ackNum=7](ackRx=7 frmTx=7)
[2026-02-02 22:00:39] debug: 	zh:ember:uart:ash: <--- [FRAME type=DATA ackNum=7 frmNum=7](frmRx=7) Added to rxQueue
[2026-02-02 22:00:39] debug: 	zh:ember:uart:ash: ---> [FRAME type=ACK frmRx=0](ackRx=7)
[2026-02-02 22:00:39] debug: 	zh:ember:ezsp: <=== [CBFRAME: ID=69:"INCOMING_MESSAGE_HANDLER" Seq=54 Len=32]
[2026-02-02 22:00:39] debug: 	zh:ember:ezsp: ezspIncomingMessageHandler: type=UNICAST apsFrame={"profileId":260,"clusterId":5,"sourceEndpoint":1,"destinationEndpoint":1,"options":256,"groupId":0,"sequence":116} packetInfo:{"senderShortId":10078,"senderLongId":"0xffffffffffffffff","bindingIndex":255,"addressIndex":255,"lastHopLqi":120,"lastHopRssi":-70,"lastHopTimestamp":0} messageContents=057c110c090000
[2026-02-02 22:00:39] debug: 	zh:controller: Received payload: clusterID=5, address=10078, groupID=0, endpoint=1, destinationEndpoint=1, wasBroadcast=false, linkQuality=120, frame={"header":{"frameControl":{"frameType":1,"manufacturerSpecific":true,"direction":0,"disableDefaultResponse":false,"reservedBits":0},"manufacturerCode":4476,"transactionSequenceNumber":12,"commandIdentifier":9},"payload":{"value":0},"command":{"ID":9,"parameters":[{"name":"value","type":33,"max":65535}],"name":"tradfriArrowRelease"}}
[2026-02-02 22:00:39] debug: 	zh:controller:endpoint: ZCL command 0x30fb10fffe4c12d6/1 genScenes.defaultRsp({"cmdId":9,"statusCode":0}, {"timeout":10000,"disableResponse":false,"disableRecovery":false,"disableDefaultResponse":true,"direction":1,"reservedBits":0,"transactionSequenceNumber":12,"writeUndiv":false})
[2026-02-02 22:00:39] debug: 	zh:controller:endpoint: Request Queue (0x30fb10fffe4c12d6/1): send defaultRsp request immediately (sendPolicy=undefined)
[2026-02-02 22:00:39] debug: 	zh:ember: ~~~> [ZCL to=0x30fb10fffe4c12d6:10078 apsFrame={"profileId":260,"clusterId":5,"sourceEndpoint":1,"destinationEndpoint":1,"options":4352,"groupId":0,"sequence":0} header={"frameControl":{"reservedBits":0,"frameType":0,"direction":1,"disableDefaultResponse":true,"manufacturerSpecific":false},"transactionSequenceNumber":12,"commandIdentifier":11}]
[2026-02-02 22:00:39] debug: 	zh:ember:ezsp: ===> [FRAME: ID=52:"SEND_UNICAST" Seq=55 Len=26]
[2026-02-02 22:00:39] debug: 	zh:ember:uart:ash: ---> [FRAME type=DATA frmTx=7 frmRx=0](ackRx=7)
[2026-02-02 22:00:39] debug: 	z2m: Received Zigbee message from 'IKEA Tradfri Switch 1', type 'commandTradfriArrowRelease', cluster 'genScenes', data '{"value":0}' from endpoint 1 with groupID 0
[2026-02-02 22:00:39] debug: 	zh:ember:uart:ash: <--- [FRAME type=DATA]
[2026-02-02 22:00:39] debug: 	zh:ember:uart:ash: <--- [FRAME type=DATA ackNum=0](ackRx=7 frmTx=0)
[2026-02-02 22:00:39] debug: 	zh:ember:uart:ash: <--- [FRAME type=DATA ackNum=0 frmNum=0](frmRx=0) Added to rxQueue
[2026-02-02 22:00:39] debug: 	zh:ember:uart:ash: ---> [FRAME type=ACK frmRx=1](ackRx=0)
[2026-02-02 22:00:39] debug: 	zh:ember:ezsp: <=== [FRAME: ID=52:"SEND_UNICAST" Seq=55 Len=7]
[2026-02-02 22:00:39] debug: 	zh:ember:ezsp: ~~~> [SENT type=DIRECT apsSequence=50 messageTag=22 status=OK]
[2026-02-02 22:00:39] debug: 	zh:ember:uart:ash: <--- [FRAME type=DATA]
[2026-02-02 22:00:39] debug: 	zh:ember:uart:ash: <--- [FRAME type=DATA ackNum=0](ackRx=0 frmTx=0)
[2026-02-02 22:00:39] debug: 	zh:ember:uart:ash: <--- [FRAME type=DATA ackNum=0 frmNum=1](frmRx=1) Added to rxQueue
[2026-02-02 22:00:39] debug: 	zh:ember:uart:ash: ---> [FRAME type=ACK frmRx=2](ackRx=0)
[2026-02-02 22:00:39] debug: 	zh:ember:ezsp: <=== [CBFRAME: ID=63:"MESSAGE_SENT_HANDLER" Seq=55 Len=22]
[2026-02-02 22:00:39] debug: 	zh:ember:ezsp: ezspMessageSentHandler: status=OK type=DIRECT indexOrDestination=10078 apsFrame={"profileId":260,"clusterId":5,"sourceEndpoint":1,"destinationEndpoint":1,"options":4352,"groupId":0,"sequence":50} messageTag=22
[2026-02-02 22:00:41] debug: 	zh:ember:uart:ash: <--- [FRAME type=DATA]
[2026-02-02 22:00:41] debug: 	zh:ember:uart:ash: <--- [FRAME type=DATA ackNum=0](ackRx=0 frmTx=0)
[2026-02-02 22:00:41] debug: 	zh:ember:uart:ash: <--- [FRAME type=DATA ackNum=0 frmNum=2](frmRx=2) Added to rxQueue
[2026-02-02 22:00:41] debug: 	zh:ember:uart:ash: ---> [FRAME type=ACK frmRx=3](ackRx=0)
[2026-02-02 22:00:41] debug: 	zh:ember:ezsp: <=== [CBFRAME: ID=69:"INCOMING_MESSAGE_HANDLER" Seq=55 Len=28]
[2026-02-02 22:00:41] debug: 	zh:ember:ezsp: ezspIncomingMessageHandler: type=UNICAST apsFrame={"profileId":260,"clusterId":6,"sourceEndpoint":1,"destinationEndpoint":1,"options":256,"groupId":0,"sequence":117} packetInfo:{"senderShortId":10078,"senderLongId":"0xffffffffffffffff","bindingIndex":255,"addressIndex":255,"lastHopLqi":116,"lastHopRssi":-71,"lastHopTimestamp":0} messageContents=010d00
[2026-02-02 22:00:41] debug: 	zh:controller: Received payload: clusterID=6, address=10078, groupID=0, endpoint=1, destinationEndpoint=1, wasBroadcast=false, linkQuality=116, frame={"header":{"frameControl":{"frameType":1,"manufacturerSpecific":false,"direction":0,"disableDefaultResponse":false,"reservedBits":0},"transactionSequenceNumber":13,"commandIdentifier":0},"payload":{},"command":{"ID":0,"parameters":[],"required":true,"name":"off"}}
[2026-02-02 22:00:41] debug: 	zh:controller:endpoint: ZCL command 0x30fb10fffe4c12d6/1 genOnOff.defaultRsp({"cmdId":0,"statusCode":0}, {"timeout":10000,"disableResponse":false,"disableRecovery":false,"disableDefaultResponse":true,"direction":1,"reservedBits":0,"transactionSequenceNumber":13,"writeUndiv":false})
[2026-02-02 22:00:41] debug: 	zh:controller:endpoint: Request Queue (0x30fb10fffe4c12d6/1): send defaultRsp request immediately (sendPolicy=undefined)
[2026-02-02 22:00:41] debug: 	zh:ember: ~~~> [ZCL to=0x30fb10fffe4c12d6:10078 apsFrame={"profileId":260,"clusterId":6,"sourceEndpoint":1,"destinationEndpoint":1,"options":4352,"groupId":0,"sequence":0} header={"frameControl":{"reservedBits":0,"frameType":0,"direction":1,"disableDefaultResponse":true,"manufacturerSpecific":false},"transactionSequenceNumber":13,"commandIdentifier":11}]
[2026-02-02 22:00:41] debug: 	zh:ember:ezsp: ===> [FRAME: ID=52:"SEND_UNICAST" Seq=56 Len=26]
[2026-02-02 22:00:41] debug: 	zh:ember:uart:ash: ---> [FRAME type=DATA frmTx=0 frmRx=3](ackRx=0)
[2026-02-02 22:00:41] debug: 	z2m: Received Zigbee message from 'IKEA Tradfri Switch 1', type 'commandOff', cluster 'genOnOff', data '{}' from endpoint 1 with groupID 0
[2026-02-02 22:00:41] info: 	z2m:mqtt: MQTT publish: topic 'zigbee2mqtt/IKEA Tradfri Switch 1', payload '{"action":"off","battery":100,"identify":null,"linkquality":116,"update":{"installed_version":33816598,"latest_version":33816598,"state":"idle"}}'
[2026-02-02 22:00:41] info: 	z2m:mqtt: MQTT publish: topic 'zigbee2mqtt/IKEA Tradfri Switch 1/action', payload 'off'
[2026-02-02 22:00:41] debug: 	zh:ember:uart:ash: <--- [FRAME type=DATA]
[2026-02-02 22:00:41] debug: 	zh:ember:uart:ash: <--- [FRAME type=DATA ackNum=1](ackRx=0 frmTx=1)
[2026-02-02 22:00:41] debug: 	zh:ember:uart:ash: <--- [FRAME type=DATA ackNum=1 frmNum=3](frmRx=3) Added to rxQueue
[2026-02-02 22:00:41] debug: 	zh:ember:uart:ash: ---> [FRAME type=ACK frmRx=4](ackRx=1)
[2026-02-02 22:00:41] debug: 	zh:ember:ezsp: <=== [FRAME: ID=52:"SEND_UNICAST" Seq=56 Len=7]
[2026-02-02 22:00:41] debug: 	zh:ember:ezsp: ~~~> [SENT type=DIRECT apsSequence=51 messageTag=23 status=OK]
[2026-02-02 22:00:41] debug: 	zh:ember:uart:ash: <--- [FRAME type=DATA]
[2026-02-02 22:00:41] debug: 	zh:ember:uart:ash: <--- [FRAME type=DATA ackNum=1](ackRx=1 frmTx=1)
[2026-02-02 22:00:41] debug: 	zh:ember:uart:ash: <--- [FRAME type=DATA ackNum=1 frmNum=4](frmRx=4) Added to rxQueue
[2026-02-02 22:00:41] debug: 	zh:ember:uart:ash: ---> [FRAME type=ACK frmRx=5](ackRx=1)
[2026-02-02 22:00:41] debug: 	zh:ember:ezsp: <=== [CBFRAME: ID=63:"MESSAGE_SENT_HANDLER" Seq=56 Len=22]
[2026-02-02 22:00:41] debug: 	zh:ember:ezsp: ezspMessageSentHandler: status=OK type=DIRECT indexOrDestination=10078 apsFrame={"profileId":260,"clusterId":6,"sourceEndpoint":1,"destinationEndpoint":1,"options":4352,"groupId":0,"sequence":51} messageTag=23
[2026-02-02 22:00:41] debug: 	zh:ember:uart:ash: <--- [FRAME type=DATA]
[2026-02-02 22:00:41] debug: 	zh:ember:uart:ash: <--- [FRAME type=DATA ackNum=1](ackRx=1 frmTx=1)
[2026-02-02 22:00:41] debug: 	zh:ember:uart:ash: <--- [FRAME type=DATA ackNum=1 frmNum=5](frmRx=5) Added to rxQueue
[2026-02-02 22:00:41] debug: 	zh:ember:uart:ash: ---> [FRAME type=ACK frmRx=6](ackRx=1)
[2026-02-02 22:00:41] debug: 	zh:ember:ezsp: <=== [CBFRAME: ID=69:"INCOMING_MESSAGE_HANDLER" Seq=56 Len=32]
[2026-02-02 22:00:41] debug: 	zh:ember:ezsp: ezspIncomingMessageHandler: type=UNICAST apsFrame={"profileId":260,"clusterId":8,"sourceEndpoint":1,"destinationEndpoint":1,"options":256,"groupId":0,"sequence":118} packetInfo:{"senderShortId":10078,"senderLongId":"0xffffffffffffffff","bindingIndex":255,"addressIndex":255,"lastHopLqi":120,"lastHopRssi":-70,"lastHopTimestamp":0} messageContents=010e0101530000
[2026-02-02 22:00:41] debug: 	zh:controller: Received payload: clusterID=8, address=10078, groupID=0, endpoint=1, destinationEndpoint=1, wasBroadcast=false, linkQuality=120, frame={"header":{"frameControl":{"frameType":1,"manufacturerSpecific":false,"direction":0,"disableDefaultResponse":false,"reservedBits":0},"transactionSequenceNumber":14,"commandIdentifier":1},"payload":{"movemode":1,"rate":83,"optionsMask":0,"optionsOverride":0},"command":{"ID":1,"parameters":[{"name":"movemode","type":48},{"name":"rate","type":32},{"name":"optionsMask","type":24,"conditions":[{"type":"minimumRemainingBufferBytes","value":1}]},{"name":"optionsOverride","type":24,"conditions":[{"type":"minimumRemainingBufferBytes","value":1}]}],"required":true,"name":"move"}}
[2026-02-02 22:00:41] debug: 	zh:controller:endpoint: ZCL command 0x30fb10fffe4c12d6/1 genLevelCtrl.defaultRsp({"cmdId":1,"statusCode":0}, {"timeout":10000,"disableResponse":false,"disableRecovery":false,"disableDefaultResponse":true,"direction":1,"reservedBits":0,"transactionSequenceNumber":14,"writeUndiv":false})
[2026-02-02 22:00:41] debug: 	zh:controller:endpoint: Request Queue (0x30fb10fffe4c12d6/1): send defaultRsp request immediately (sendPolicy=undefined)
[2026-02-02 22:00:41] debug: 	zh:ember: ~~~> [ZCL to=0x30fb10fffe4c12d6:10078 apsFrame={"profileId":260,"clusterId":8,"sourceEndpoint":1,"destinationEndpoint":1,"options":4352,"groupId":0,"sequence":0} header={"frameControl":{"reservedBits":0,"frameType":0,"direction":1,"disableDefaultResponse":true,"manufacturerSpecific":false},"transactionSequenceNumber":14,"commandIdentifier":11}]
[2026-02-02 22:00:41] debug: 	zh:ember:ezsp: ===> [FRAME: ID=52:"SEND_UNICAST" Seq=57 Len=26]
[2026-02-02 22:00:41] debug: 	zh:ember:uart:ash: ---> [FRAME type=DATA frmTx=1 frmRx=6](ackRx=1)
[2026-02-02 22:00:41] debug: 	z2m: Received Zigbee message from 'IKEA Tradfri Switch 1', type 'commandMove', cluster 'genLevelCtrl', data '{"movemode":1,"optionsMask":0,"optionsOverride":0,"rate":83}' from endpoint 1 with groupID 0
[2026-02-02 22:00:41] info: 	z2m:mqtt: MQTT publish: topic 'zigbee2mqtt/IKEA Tradfri Switch 1', payload '{"action":"brightness_move_down","action_rate":83,"battery":100,"identify":null,"linkquality":120,"update":{"installed_version":33816598,"latest_version":33816598,"state":"idle"}}'
[2026-02-02 22:00:41] info: 	z2m:mqtt: MQTT publish: topic 'zigbee2mqtt/IKEA Tradfri Switch 1/action', payload 'brightness_move_down'
[2026-02-02 22:00:41] debug: 	zh:ember:uart:ash: <--- [FRAME type=DATA]
[2026-02-02 22:00:41] debug: 	zh:ember:uart:ash: <--- [FRAME type=DATA ackNum=2](ackRx=1 frmTx=2)
[2026-02-02 22:00:41] debug: 	zh:ember:uart:ash: <--- [FRAME type=DATA ackNum=2 frmNum=6](frmRx=6) Added to rxQueue
[2026-02-02 22:00:41] debug: 	zh:ember:uart:ash: ---> [FRAME type=ACK frmRx=7](ackRx=2)
[2026-02-02 22:00:41] debug: 	zh:ember:ezsp: <=== [FRAME: ID=52:"SEND_UNICAST" Seq=57 Len=7]
[2026-02-02 22:00:41] debug: 	zh:ember:ezsp: ~~~> [SENT type=DIRECT apsSequence=52 messageTag=24 status=OK]
[2026-02-02 22:00:41] debug: 	zh:ember:uart:ash: <--- [FRAME type=DATA]
[2026-02-02 22:00:41] debug: 	zh:ember:uart:ash: <--- [FRAME type=DATA ackNum=2](ackRx=2 frmTx=2)
[2026-02-02 22:00:41] debug: 	zh:ember:uart:ash: <--- [FRAME type=DATA ackNum=2 frmNum=7](frmRx=7) Added to rxQueue
[2026-02-02 22:00:41] debug: 	zh:ember:uart:ash: ---> [FRAME type=ACK frmRx=0](ackRx=2)
[2026-02-02 22:00:41] debug: 	zh:ember:ezsp: <=== [CBFRAME: ID=63:"MESSAGE_SENT_HANDLER" Seq=57 Len=22]
[2026-02-02 22:00:41] debug: 	zh:ember:ezsp: ezspMessageSentHandler: status=OK type=DIRECT indexOrDestination=10078 apsFrame={"profileId":260,"clusterId":8,"sourceEndpoint":1,"destinationEndpoint":1,"options":4352,"groupId":0,"sequence":52} messageTag=24
[2026-02-02 22:00:42] debug: 	z2m:mqtt: Received MQTT message on 'zigbee2mqtt/Tuya Connected Outlet/set' with data 'OFF'
[2026-02-02 22:00:42] debug: 	z2m: Publishing 'set' 'state' to 'Tuya Connected Outlet'
[2026-02-02 22:00:42] debug: 	zh:controller:endpoint: ZCL command 0xa4c138247a1a948b/1 genOnOff.off({}, {"timeout":10000,"disableResponse":false,"disableRecovery":false,"disableDefaultResponse":false,"direction":0,"reservedBits":0,"writeUndiv":false})
[2026-02-02 22:00:42] debug: 	zh:ember: ~~~> [ZCL to=0xa4c138247a1a948b:7447 apsFrame={"profileId":260,"clusterId":6,"sourceEndpoint":1,"destinationEndpoint":1,"options":4416,"groupId":0,"sequence":0} header={"frameControl":{"reservedBits":0,"frameType":1,"direction":0,"disableDefaultResponse":false,"manufacturerSpecific":false},"transactionSequenceNumber":5,"commandIdentifier":0}]
[2026-02-02 22:00:42] debug: 	zh:ember:ezsp: ===> [FRAME: ID=52:"SEND_UNICAST" Seq=58 Len=24]
[2026-02-02 22:00:42] debug: 	zh:ember:uart:ash: ---> [FRAME type=DATA frmTx=2 frmRx=0](ackRx=2)
[2026-02-02 22:00:42] debug: 	zh:ember:uart:ash: <--- [FRAME type=DATA]
[2026-02-02 22:00:42] debug: 	zh:ember:uart:ash: <--- [FRAME type=DATA ackNum=3](ackRx=2 frmTx=3)
[2026-02-02 22:00:42] debug: 	zh:ember:uart:ash: <--- [FRAME type=DATA ackNum=3 frmNum=0](frmRx=0) Added to rxQueue
[2026-02-02 22:00:42] debug: 	zh:ember:uart:ash: ---> [FRAME type=ACK frmRx=1](ackRx=3)
[2026-02-02 22:00:42] debug: 	zh:ember:ezsp: <=== [FRAME: ID=52:"SEND_UNICAST" Seq=58 Len=7]
[2026-02-02 22:00:42] debug: 	zh:ember:ezsp: ~~~> [SENT type=DIRECT apsSequence=53 messageTag=25 status=OK]
[2026-02-02 22:00:42] debug: 	zh:ember:uart:ash: <--- [FRAME type=DATA]
[2026-02-02 22:00:42] debug: 	zh:ember:uart:ash: <--- [FRAME type=DATA ackNum=3](ackRx=3 frmTx=3)
[2026-02-02 22:00:42] debug: 	zh:ember:uart:ash: <--- [FRAME type=DATA ackNum=3 frmNum=1](frmRx=1) Added to rxQueue
[2026-02-02 22:00:42] debug: 	zh:ember:uart:ash: ---> [FRAME type=ACK frmRx=2](ackRx=3)
[2026-02-02 22:00:42] debug: 	zh:ember:ezsp: <=== [CBFRAME: ID=63:"MESSAGE_SENT_HANDLER" Seq=58 Len=22]
[2026-02-02 22:00:42] debug: 	zh:ember:ezsp: ezspMessageSentHandler: status=OK type=DIRECT indexOrDestination=7447 apsFrame={"profileId":260,"clusterId":6,"sourceEndpoint":1,"destinationEndpoint":1,"options":4416,"groupId":0,"sequence":53} messageTag=25
[2026-02-02 22:00:42] debug: 	zh:ember:uart:ash: <--- [FRAME type=DATA]
[2026-02-02 22:00:42] debug: 	zh:ember:uart:ash: <--- [FRAME type=DATA ackNum=3](ackRx=3 frmTx=3)
[2026-02-02 22:00:42] debug: 	zh:ember:uart:ash: <--- [FRAME type=DATA ackNum=3 frmNum=2](frmRx=2) Added to rxQueue
[2026-02-02 22:00:42] debug: 	zh:ember:uart:ash: ---> [FRAME type=ACK frmRx=3](ackRx=3)
[2026-02-02 22:00:42] debug: 	zh:ember:ezsp: <=== [CBFRAME: ID=69:"INCOMING_MESSAGE_HANDLER" Seq=58 Len=30]
[2026-02-02 22:00:42] debug: 	zh:ember:ezsp: ezspIncomingMessageHandler: type=UNICAST apsFrame={"profileId":260,"clusterId":6,"sourceEndpoint":1,"destinationEndpoint":1,"options":320,"groupId":0,"sequence":9} packetInfo:{"senderShortId":7447,"senderLongId":"0xffffffffffffffff","bindingIndex":255,"addressIndex":255,"lastHopLqi":144,"lastHopRssi":-64,"lastHopTimestamp":0} messageContents=18050b0000
[2026-02-02 22:00:42] debug: 	zh:controller: Received payload: clusterID=6, address=7447, groupID=0, endpoint=1, destinationEndpoint=1, wasBroadcast=false, linkQuality=144, frame={"header":{"frameControl":{"frameType":0,"manufacturerSpecific":false,"direction":1,"disableDefaultResponse":true,"reservedBits":0},"transactionSequenceNumber":5,"commandIdentifier":11},"payload":{"cmdId":0,"statusCode":0},"command":{"ID":11,"name":"defaultRsp","parameters":[{"name":"cmdId","type":8},{"name":"statusCode","type":48}]}}
[2026-02-02 22:00:42] info: 	z2m:mqtt: MQTT publish: topic 'zigbee2mqtt/Tuya Connected Outlet', payload '{"child_lock":"UNLOCK","countdown":0,"current":0,"energy":28.22,"indicator_mode":"off/on","linkquality":144,"power":39,"power_outage_memory":"off","state":"OFF","update":{"installed_version":268514823,"latest_version":268514823,"state":"idle"},"voltage":235}'
[2026-02-02 22:00:42] debug: 	zh:ember:uart:ash: <--- [FRAME type=DATA]
[2026-02-02 22:00:42] debug: 	zh:ember:uart:ash: <--- [FRAME type=DATA ackNum=3](ackRx=3 frmTx=3)
[2026-02-02 22:00:42] debug: 	zh:ember:uart:ash: <--- [FRAME type=DATA ackNum=3 frmNum=3](frmRx=3) Added to rxQueue
[2026-02-02 22:00:42] debug: 	zh:ember:uart:ash: ---> [FRAME type=ACK frmRx=4](ackRx=3)
[2026-02-02 22:00:42] debug: 	zh:ember:ezsp: <=== [CBFRAME: ID=69:"INCOMING_MESSAGE_HANDLER" Seq=58 Len=32]
[2026-02-02 22:00:42] debug: 	zh:ember:ezsp: ezspIncomingMessageHandler: type=UNICAST apsFrame={"profileId":260,"clusterId":6,"sourceEndpoint":1,"destinationEndpoint":1,"options":256,"groupId":0,"sequence":10} packetInfo:{"senderShortId":7447,"senderLongId":"0xffffffffffffffff","bindingIndex":255,"addressIndex":255,"lastHopLqi":144,"lastHopRssi":-64,"lastHopTimestamp":0} messageContents=188b0a00001000
[2026-02-02 22:00:42] debug: 	zh:controller: Received payload: clusterID=6, address=7447, groupID=0, endpoint=1, destinationEndpoint=1, wasBroadcast=false, linkQuality=144, frame={"header":{"frameControl":{"frameType":0,"manufacturerSpecific":false,"direction":1,"disableDefaultResponse":true,"reservedBits":0},"transactionSequenceNumber":139,"commandIdentifier":10},"payload":[{"attrId":0,"dataType":16,"attrData":0}],"command":{"ID":10,"name":"report","parameters":[{"name":"attrId","type":9},{"name":"dataType","type":8},{"name":"attrData","type":1000}]}}
[2026-02-02 22:00:42] debug: 	z2m: Received Zigbee message from 'Tuya Connected Outlet', type 'attributeReport', cluster 'genOnOff', data '{"onOff":0}' from endpoint 1 with groupID 0
[2026-02-02 22:00:42] info: 	z2m:mqtt: MQTT publish: topic 'zigbee2mqtt/Tuya Connected Outlet', payload '{"child_lock":"UNLOCK","countdown":0,"current":0,"energy":28.22,"indicator_mode":"off/on","linkquality":144,"power":39,"power_outage_memory":"off","state":"OFF","update":{"installed_version":268514823,"latest_version":268514823,"state":"idle"},"voltage":235}'
[2026-02-02 22:00:42] debug: 	zh:ember:uart:ash: <--- [FRAME type=DATA]
[2026-02-02 22:00:42] debug: 	zh:ember:uart:ash: <--- [FRAME type=DATA ackNum=3](ackRx=3 frmTx=3)
[2026-02-02 22:00:42] debug: 	zh:ember:uart:ash: <--- [FRAME type=DATA ackNum=3 frmNum=4](frmRx=4) Added to rxQueue
[2026-02-02 22:00:42] debug: 	zh:ember:uart:ash: ---> [FRAME type=ACK frmRx=5](ackRx=3)
[2026-02-02 22:00:42] debug: 	zh:ember:ezsp: <=== [CBFRAME: ID=69:"INCOMING_MESSAGE_HANDLER" Seq=58 Len=30]
[2026-02-02 22:00:42] debug: 	zh:ember:ezsp: ezspIncomingMessageHandler: type=UNICAST apsFrame={"profileId":260,"clusterId":8,"sourceEndpoint":1,"destinationEndpoint":1,"options":256,"groupId":0,"sequence":119} packetInfo:{"senderShortId":10078,"senderLongId":"0xffffffffffffffff","bindingIndex":255,"addressIndex":255,"lastHopLqi":116,"lastHopRssi":-71,"lastHopTimestamp":0} messageContents=010f030000
[2026-02-02 22:00:42] debug: 	zh:controller: Received payload: clusterID=8, address=10078, groupID=0, endpoint=1, destinationEndpoint=1, wasBroadcast=false, linkQuality=116, frame={"header":{"frameControl":{"frameType":1,"manufacturerSpecific":false,"direction":0,"disableDefaultResponse":false,"reservedBits":0},"transactionSequenceNumber":15,"commandIdentifier":3},"payload":{"optionsMask":0,"optionsOverride":0},"command":{"ID":3,"parameters":[{"name":"optionsMask","type":24,"conditions":[{"type":"minimumRemainingBufferBytes","value":1}]},{"name":"optionsOverride","type":24,"conditions":[{"type":"minimumRemainingBufferBytes","value":1}]}],"required":true,"name":"stop"}}
[2026-02-02 22:00:42] debug: 	zh:controller:endpoint: ZCL command 0x30fb10fffe4c12d6/1 genLevelCtrl.defaultRsp({"cmdId":3,"statusCode":0}, {"timeout":10000,"disableResponse":false,"disableRecovery":false,"disableDefaultResponse":true,"direction":1,"reservedBits":0,"transactionSequenceNumber":15,"writeUndiv":false})
[2026-02-02 22:00:42] debug: 	zh:controller:endpoint: Request Queue (0x30fb10fffe4c12d6/1): send defaultRsp request immediately (sendPolicy=undefined)
[2026-02-02 22:00:42] debug: 	zh:ember: ~~~> [ZCL to=0x30fb10fffe4c12d6:10078 apsFrame={"profileId":260,"clusterId":8,"sourceEndpoint":1,"destinationEndpoint":1,"options":4352,"groupId":0,"sequence":0} header={"frameControl":{"reservedBits":0,"frameType":0,"direction":1,"disableDefaultResponse":true,"manufacturerSpecific":false},"transactionSequenceNumber":15,"commandIdentifier":11}]
[2026-02-02 22:00:42] debug: 	zh:ember:ezsp: ===> [FRAME: ID=52:"SEND_UNICAST" Seq=59 Len=26]
[2026-02-02 22:00:42] debug: 	zh:ember:uart:ash: ---> [FRAME type=DATA frmTx=3 frmRx=5](ackRx=3)
[2026-02-02 22:00:42] debug: 	z2m: Received Zigbee message from 'IKEA Tradfri Switch 1', type 'commandStop', cluster 'genLevelCtrl', data '{"optionsMask":0,"optionsOverride":0}' from endpoint 1 with groupID 0
[2026-02-02 22:00:42] info: 	z2m:mqtt: MQTT publish: topic 'zigbee2mqtt/IKEA Tradfri Switch 1', payload '{"action":"brightness_stop","battery":100,"identify":null,"linkquality":116,"update":{"installed_version":33816598,"latest_version":33816598,"state":"idle"}}'
[2026-02-02 22:00:42] info: 	z2m:mqtt: MQTT publish: topic 'zigbee2mqtt/IKEA Tradfri Switch 1/action', payload 'brightness_stop'
[2026-02-02 22:00:42] debug: 	zh:ember:uart:ash: <--- [FRAME type=DATA]
[2026-02-02 22:00:42] debug: 	zh:ember:uart:ash: <--- [FRAME type=DATA ackNum=4](ackRx=3 frmTx=4)
[2026-02-02 22:00:42] debug: 	zh:ember:uart:ash: <--- [FRAME type=DATA ackNum=4 frmNum=5](frmRx=5) Added to rxQueue
[2026-02-02 22:00:42] debug: 	zh:ember:uart:ash: ---> [FRAME type=ACK frmRx=6](ackRx=4)
[2026-02-02 22:00:42] debug: 	zh:ember:ezsp: <=== [FRAME: ID=52:"SEND_UNICAST" Seq=59 Len=7]
[2026-02-02 22:00:42] debug: 	zh:ember:ezsp: ~~~> [SENT type=DIRECT apsSequence=54 messageTag=26 status=OK]
[2026-02-02 22:00:42] debug: 	zh:ember:uart:ash: <--- [FRAME type=DATA]
[2026-02-02 22:00:42] debug: 	zh:ember:uart:ash: <--- [FRAME type=DATA ackNum=4](ackRx=4 frmTx=4)
[2026-02-02 22:00:42] debug: 	zh:ember:uart:ash: <--- [FRAME type=DATA ackNum=4 frmNum=6](frmRx=6) Added to rxQueue
[2026-02-02 22:00:42] debug: 	zh:ember:uart:ash: ---> [FRAME type=ACK frmRx=7](ackRx=4)
[2026-02-02 22:00:42] debug: 	zh:ember:ezsp: <=== [CBFRAME: ID=63:"MESSAGE_SENT_HANDLER" Seq=59 Len=22]
[2026-02-02 22:00:42] debug: 	zh:ember:ezsp: ezspMessageSentHandler: status=OK type=DIRECT indexOrDestination=10078 apsFrame={"profileId":260,"clusterId":8,"sourceEndpoint":1,"destinationEndpoint":1,"options":4352,"groupId":0,"sequence":54} messageTag=26
[2026-02-02 22:00:43] debug: 	zh:ember:uart:ash: <--- [FRAME type=DATA]
[2026-02-02 22:00:43] debug: 	zh:ember:uart:ash: <--- [FRAME type=DATA ackNum=4](ackRx=4 frmTx=4)
[2026-02-02 22:00:43] debug: 	zh:ember:uart:ash: <--- [FRAME type=DATA ackNum=4 frmNum=7](frmRx=7) Added to rxQueue
[2026-02-02 22:00:43] debug: 	zh:ember:uart:ash: ---> [FRAME type=ACK frmRx=0](ackRx=4)
[2026-02-02 22:00:43] debug: 	zh:ember:ezsp: <=== [CBFRAME: ID=69:"INCOMING_MESSAGE_HANDLER" Seq=59 Len=33]
[2026-02-02 22:00:43] debug: 	zh:ember:ezsp: ezspIncomingMessageHandler: type=UNICAST apsFrame={"profileId":260,"clusterId":2820,"sourceEndpoint":1,"destinationEndpoint":1,"options":256,"groupId":0,"sequence":11} packetInfo:{"senderShortId":7447,"senderLongId":"0xffffffffffffffff","bindingIndex":255,"addressIndex":255,"lastHopLqi":144,"lastHopRssi":-64,"lastHopTimestamp":0} messageContents=188c0a0b05210100
[2026-02-02 22:00:43] debug: 	zh:controller: Received payload: clusterID=2820, address=7447, groupID=0, endpoint=1, destinationEndpoint=1, wasBroadcast=false, linkQuality=144, frame={"header":{"frameControl":{"frameType":0,"manufacturerSpecific":false,"direction":1,"disableDefaultResponse":true,"reservedBits":0},"transactionSequenceNumber":140,"commandIdentifier":10},"payload":[{"attrId":1291,"dataType":33,"attrData":1}],"command":{"ID":10,"name":"report","parameters":[{"name":"attrId","type":9},{"name":"dataType","type":8},{"name":"attrData","type":1000}]}}
[2026-02-02 22:00:43] debug: 	z2m: Received Zigbee message from 'Tuya Connected Outlet', type 'attributeReport', cluster 'haElectricalMeasurement', data '{"activePower":1}' from endpoint 1 with groupID 0
[2026-02-02 22:00:43] info: 	z2m:mqtt: MQTT publish: topic 'zigbee2mqtt/Tuya Connected Outlet', payload '{"child_lock":"UNLOCK","countdown":0,"current":0,"energy":28.22,"indicator_mode":"off/on","linkquality":144,"power":1,"power_outage_memory":"off","state":"OFF","update":{"installed_version":268514823,"latest_version":268514823,"state":"idle"},"voltage":235}'
[2026-02-02 22:00:44] debug: 	zh:ember:uart:ash: <--- [FRAME type=DATA]
[2026-02-02 22:00:44] debug: 	zh:ember:uart:ash: <--- [FRAME type=DATA ackNum=4](ackRx=4 frmTx=4)
[2026-02-02 22:00:44] debug: 	zh:ember:uart:ash: <--- [FRAME type=DATA ackNum=4 frmNum=0](frmRx=0) Added to rxQueue
[2026-02-02 22:00:44] debug: 	zh:ember:uart:ash: ---> [FRAME type=ACK frmRx=1](ackRx=4)
[2026-02-02 22:00:44] debug: 	zh:ember:ezsp: <=== [CBFRAME: ID=69:"INCOMING_MESSAGE_HANDLER" Seq=59 Len=32]
[2026-02-02 22:00:44] debug: 	zh:ember:ezsp: ezspIncomingMessageHandler: type=UNICAST apsFrame={"profileId":260,"clusterId":5,"sourceEndpoint":1,"destinationEndpoint":1,"options":256,"groupId":0,"sequence":120} packetInfo:{"senderShortId":10078,"senderLongId":"0xffffffffffffffff","bindingIndex":255,"addressIndex":255,"lastHopLqi":116,"lastHopRssi":-71,"lastHopTimestamp":0} messageContents=057c1110090000
[2026-02-02 22:00:44] debug: 	zh:controller: Received payload: clusterID=5, address=10078, groupID=0, endpoint=1, destinationEndpoint=1, wasBroadcast=false, linkQuality=116, frame={"header":{"frameControl":{"frameType":1,"manufacturerSpecific":true,"direction":0,"disableDefaultResponse":false,"reservedBits":0},"manufacturerCode":4476,"transactionSequenceNumber":16,"commandIdentifier":9},"payload":{"value":0},"command":{"ID":9,"parameters":[{"name":"value","type":33,"max":65535}],"name":"tradfriArrowRelease"}}
[2026-02-02 22:00:44] debug: 	zh:controller:endpoint: ZCL command 0x30fb10fffe4c12d6/1 genScenes.defaultRsp({"cmdId":9,"statusCode":0}, {"timeout":10000,"disableResponse":false,"disableRecovery":false,"disableDefaultResponse":true,"direction":1,"reservedBits":0,"transactionSequenceNumber":16,"writeUndiv":false})
[2026-02-02 22:00:44] debug: 	zh:controller:endpoint: Request Queue (0x30fb10fffe4c12d6/1): send defaultRsp request immediately (sendPolicy=undefined)
[2026-02-02 22:00:44] debug: 	zh:ember: ~~~> [ZCL to=0x30fb10fffe4c12d6:10078 apsFrame={"profileId":260,"clusterId":5,"sourceEndpoint":1,"destinationEndpoint":1,"options":4352,"groupId":0,"sequence":0} header={"frameControl":{"reservedBits":0,"frameType":0,"direction":1,"disableDefaultResponse":true,"manufacturerSpecific":false},"transactionSequenceNumber":16,"commandIdentifier":11}]
[2026-02-02 22:00:44] debug: 	zh:ember:ezsp: ===> [FRAME: ID=52:"SEND_UNICAST" Seq=60 Len=26]
[2026-02-02 22:00:44] debug: 	zh:ember:uart:ash: ---> [FRAME type=DATA frmTx=4 frmRx=1](ackRx=4)
[2026-02-02 22:00:44] debug: 	z2m: Received Zigbee message from 'IKEA Tradfri Switch 1', type 'commandTradfriArrowRelease', cluster 'genScenes', data '{"value":0}' from endpoint 1 with groupID 0
[2026-02-02 22:00:44] debug: 	zh:ember:uart:ash: <--- [FRAME type=DATA]
[2026-02-02 22:00:44] debug: 	zh:ember:uart:ash: <--- [FRAME type=DATA ackNum=5](ackRx=4 frmTx=5)
[2026-02-02 22:00:44] debug: 	zh:ember:uart:ash: <--- [FRAME type=DATA ackNum=5 frmNum=1](frmRx=1) Added to rxQueue
[2026-02-02 22:00:44] debug: 	zh:ember:uart:ash: ---> [FRAME type=ACK frmRx=2](ackRx=5)
[2026-02-02 22:00:44] debug: 	zh:ember:ezsp: <=== [FRAME: ID=52:"SEND_UNICAST" Seq=60 Len=7]
[2026-02-02 22:00:44] debug: 	zh:ember:ezsp: ~~~> [SENT type=DIRECT apsSequence=55 messageTag=27 status=OK]
[2026-02-02 22:00:44] debug: 	zh:ember:uart:ash: <--- [FRAME type=DATA]
[2026-02-02 22:00:44] debug: 	zh:ember:uart:ash: <--- [FRAME type=DATA ackNum=5](ackRx=5 frmTx=5)
[2026-02-02 22:00:44] debug: 	zh:ember:uart:ash: <--- [FRAME type=DATA ackNum=5 frmNum=2](frmRx=2) Added to rxQueue
[2026-02-02 22:00:44] debug: 	zh:ember:uart:ash: ---> [FRAME type=ACK frmRx=3](ackRx=5)
[2026-02-02 22:00:44] debug: 	zh:ember:ezsp: <=== [CBFRAME: ID=63:"MESSAGE_SENT_HANDLER" Seq=60 Len=22]
[2026-02-02 22:00:44] debug: 	zh:ember:ezsp: ezspMessageSentHandler: status=OK type=DIRECT indexOrDestination=10078 apsFrame={"profileId":260,"clusterId":5,"sourceEndpoint":1,"destinationEndpoint":1,"options":4352,"groupId":0,"sequence":55} messageTag=27
[2026-02-02 22:00:44] debug: 	zh:ember:uart:ash: <--- [FRAME type=DATA]
[2026-02-02 22:00:44] debug: 	zh:ember:uart:ash: <--- [FRAME type=DATA ackNum=5](ackRx=5 frmTx=5)
[2026-02-02 22:00:44] debug: 	zh:ember:uart:ash: <--- [FRAME type=DATA ackNum=5 frmNum=3](frmRx=3) Added to rxQueue
[2026-02-02 22:00:44] debug: 	zh:ember:uart:ash: ---> [FRAME type=ACK frmRx=4](ackRx=5)
[2026-02-02 22:00:44] debug: 	zh:ember:ezsp: <=== [CBFRAME: ID=69:"INCOMING_MESSAGE_HANDLER" Seq=60 Len=28]
[2026-02-02 22:00:44] debug: 	zh:ember:ezsp: ezspIncomingMessageHandler: type=UNICAST apsFrame={"profileId":260,"clusterId":6,"sourceEndpoint":1,"destinationEndpoint":1,"options":256,"groupId":0,"sequence":121} packetInfo:{"senderShortId":10078,"senderLongId":"0xffffffffffffffff","bindingIndex":255,"addressIndex":255,"lastHopLqi":116,"lastHopRssi":-71,"lastHopTimestamp":0} messageContents=011101
[2026-02-02 22:00:44] debug: 	zh:controller: Received payload: clusterID=6, address=10078, groupID=0, endpoint=1, destinationEndpoint=1, wasBroadcast=false, linkQuality=116, frame={"header":{"frameControl":{"frameType":1,"manufacturerSpecific":false,"direction":0,"disableDefaultResponse":false,"reservedBits":0},"transactionSequenceNumber":17,"commandIdentifier":1},"payload":{},"command":{"ID":1,"parameters":[],"required":true,"name":"on"}}
[2026-02-02 22:00:44] debug: 	zh:controller:endpoint: ZCL command 0x30fb10fffe4c12d6/1 genOnOff.defaultRsp({"cmdId":1,"statusCode":0}, {"timeout":10000,"disableResponse":false,"disableRecovery":false,"disableDefaultResponse":true,"direction":1,"reservedBits":0,"transactionSequenceNumber":17,"writeUndiv":false})
[2026-02-02 22:00:44] debug: 	zh:controller:endpoint: Request Queue (0x30fb10fffe4c12d6/1): send defaultRsp request immediately (sendPolicy=undefined)
[2026-02-02 22:00:44] debug: 	zh:ember: ~~~> [ZCL to=0x30fb10fffe4c12d6:10078 apsFrame={"profileId":260,"clusterId":6,"sourceEndpoint":1,"destinationEndpoint":1,"options":4352,"groupId":0,"sequence":0} header={"frameControl":{"reservedBits":0,"frameType":0,"direction":1,"disableDefaultResponse":true,"manufacturerSpecific":false},"transactionSequenceNumber":17,"commandIdentifier":11}]
[2026-02-02 22:00:44] debug: 	zh:ember:ezsp: ===> [FRAME: ID=52:"SEND_UNICAST" Seq=61 Len=26]
[2026-02-02 22:00:44] debug: 	zh:ember:uart:ash: ---> [FRAME type=DATA frmTx=5 frmRx=4](ackRx=5)
[2026-02-02 22:00:44] debug: 	z2m: Received Zigbee message from 'IKEA Tradfri Switch 1', type 'commandOn', cluster 'genOnOff', data '{}' from endpoint 1 with groupID 0
[2026-02-02 22:00:44] debug: 	zh:ember:uart:ash: <--- [FRAME type=DATA]
[2026-02-02 22:00:44] debug: 	zh:ember:uart:ash: <--- [FRAME type=DATA ackNum=6](ackRx=5 frmTx=6)
[2026-02-02 22:00:44] debug: 	zh:ember:uart:ash: <--- [FRAME type=DATA ackNum=6 frmNum=4](frmRx=4) Added to rxQueue
[2026-02-02 22:00:44] debug: 	zh:ember:uart:ash: ---> [FRAME type=ACK frmRx=5](ackRx=6)
[2026-02-02 22:00:44] debug: 	zh:ember:ezsp: <=== [FRAME: ID=52:"SEND_UNICAST" Seq=61 Len=7]
[2026-02-02 22:00:44] debug: 	zh:ember:ezsp: ~~~> [SENT type=DIRECT apsSequence=56 messageTag=28 status=OK]
[2026-02-02 22:00:44] debug: 	zh:ember:uart:ash: <--- [FRAME type=DATA]
[2026-02-02 22:00:44] debug: 	zh:ember:uart:ash: <--- [FRAME type=DATA ackNum=6](ackRx=6 frmTx=6)
[2026-02-02 22:00:44] debug: 	zh:ember:uart:ash: <--- [FRAME type=DATA ackNum=6 frmNum=5](frmRx=5) Added to rxQueue
[2026-02-02 22:00:44] debug: 	zh:ember:uart:ash: ---> [FRAME type=ACK frmRx=6](ackRx=6)
[2026-02-02 22:00:44] debug: 	zh:ember:ezsp: <=== [CBFRAME: ID=63:"MESSAGE_SENT_HANDLER" Seq=61 Len=22]
[2026-02-02 22:00:44] debug: 	zh:ember:ezsp: ezspMessageSentHandler: status=OK type=DIRECT indexOrDestination=10078 apsFrame={"profileId":260,"clusterId":6,"sourceEndpoint":1,"destinationEndpoint":1,"options":4352,"groupId":0,"sequence":56} messageTag=28
[2026-02-02 22:00:45] debug: 	zh:ember:uart:ash: <--- [FRAME type=DATA]
[2026-02-02 22:00:45] debug: 	zh:ember:uart:ash: <--- [FRAME type=DATA ackNum=6](ackRx=6 frmTx=6)
[2026-02-02 22:00:45] debug: 	zh:ember:uart:ash: <--- [FRAME type=DATA ackNum=6 frmNum=6](frmRx=6) Added to rxQueue
[2026-02-02 22:00:45] debug: 	zh:ember:uart:ash: ---> [FRAME type=ACK frmRx=7](ackRx=6)
[2026-02-02 22:00:45] debug: 	zh:ember:ezsp: <=== [CBFRAME: ID=69:"INCOMING_MESSAGE_HANDLER" Seq=61 Len=33]
[2026-02-02 22:00:45] debug: 	zh:ember:ezsp: ezspIncomingMessageHandler: type=UNICAST apsFrame={"profileId":260,"clusterId":5,"sourceEndpoint":1,"destinationEndpoint":1,"options":256,"groupId":0,"sequence":122} packetInfo:{"senderShortId":10078,"senderLongId":"0xffffffffffffffff","bindingIndex":255,"addressIndex":255,"lastHopLqi":116,"lastHopRssi":-71,"lastHopTimestamp":0} messageContents=0112050000000000
[2026-02-02 22:00:45] debug: 	zh:controller: Received payload: clusterID=5, address=10078, groupID=0, endpoint=1, destinationEndpoint=1, wasBroadcast=false, linkQuality=116, frame={"header":{"frameControl":{"frameType":1,"manufacturerSpecific":false,"direction":0,"disableDefaultResponse":false,"reservedBits":0},"transactionSequenceNumber":18,"commandIdentifier":5},"payload":{"groupid":0,"sceneid":0,"transitionTime":0},"command":{"ID":5,"parameters":[{"name":"groupid","type":33},{"name":"sceneid","type":32},{"name":"transitionTime","type":33}],"required":true,"name":"recall"}}
[2026-02-02 22:00:45] debug: 	zh:controller:endpoint: ZCL command 0x30fb10fffe4c12d6/1 genScenes.defaultRsp({"cmdId":5,"statusCode":0}, {"timeout":10000,"disableResponse":false,"disableRecovery":false,"disableDefaultResponse":true,"direction":1,"reservedBits":0,"transactionSequenceNumber":18,"writeUndiv":false})
[2026-02-02 22:00:45] debug: 	zh:controller:endpoint: Request Queue (0x30fb10fffe4c12d6/1): send defaultRsp request immediately (sendPolicy=undefined)
[2026-02-02 22:00:45] debug: 	zh:ember: ~~~> [ZCL to=0x30fb10fffe4c12d6:10078 apsFrame={"profileId":260,"clusterId":5,"sourceEndpoint":1,"destinationEndpoint":1,"options":4352,"groupId":0,"sequence":0} header={"frameControl":{"reservedBits":0,"frameType":0,"direction":1,"disableDefaultResponse":true,"manufacturerSpecific":false},"transactionSequenceNumber":18,"commandIdentifier":11}]
[2026-02-02 22:00:45] debug: 	zh:ember:ezsp: ===> [FRAME: ID=52:"SEND_UNICAST" Seq=62 Len=26]
[2026-02-02 22:00:45] debug: 	zh:ember:uart:ash: ---> [FRAME type=DATA frmTx=6 frmRx=7](ackRx=6)
[2026-02-02 22:00:45] debug: 	z2m: Received Zigbee message from 'IKEA Tradfri Switch 1', type 'commandRecall', cluster 'genScenes', data '{"groupid":0,"sceneid":0,"transitionTime":0}' from endpoint 1 with groupID 0
[2026-02-02 22:00:45] debug: 	z2m: No converter available for 'E2001/E2002' with cluster 'genScenes' and type 'commandRecall' and data '{"groupid":0,"sceneid":0,"transitionTime":0}'
[2026-02-02 22:00:45] debug: 	zh:ember:uart:ash: <--- [FRAME type=DATA]
[2026-02-02 22:00:45] debug: 	zh:ember:uart:ash: <--- [FRAME type=DATA ackNum=7](ackRx=6 frmTx=7)
[2026-02-02 22:00:45] debug: 	zh:ember:uart:ash: <--- [FRAME type=DATA ackNum=7 frmNum=7](frmRx=7) Added to rxQueue
[2026-02-02 22:00:45] debug: 	zh:ember:uart:ash: ---> [FRAME type=ACK frmRx=0](ackRx=7)
[2026-02-02 22:00:45] debug: 	zh:ember:ezsp: <=== [FRAME: ID=52:"SEND_UNICAST" Seq=62 Len=7]
[2026-02-02 22:00:45] debug: 	zh:ember:ezsp: ~~~> [SENT type=DIRECT apsSequence=57 messageTag=29 status=OK]
[2026-02-02 22:00:45] debug: 	zh:ember:uart:ash: <--- [FRAME type=DATA]
[2026-02-02 22:00:45] debug: 	zh:ember:uart:ash: <--- [FRAME type=DATA ackNum=7](ackRx=7 frmTx=7)
[2026-02-02 22:00:45] debug: 	zh:ember:uart:ash: <--- [FRAME type=DATA ackNum=7 frmNum=0](frmRx=0) Added to rxQueue
[2026-02-02 22:00:45] debug: 	zh:ember:uart:ash: ---> [FRAME type=ACK frmRx=1](ackRx=7)
[2026-02-02 22:00:45] debug: 	zh:ember:ezsp: <=== [CBFRAME: ID=63:"MESSAGE_SENT_HANDLER" Seq=62 Len=22]
[2026-02-02 22:00:45] debug: 	zh:ember:ezsp: ezspMessageSentHandler: status=OK type=DIRECT indexOrDestination=10078 apsFrame={"profileId":260,"clusterId":5,"sourceEndpoint":1,"destinationEndpoint":1,"options":4352,"groupId":0,"sequence":57} messageTag=29
[2026-02-02 22:00:46] debug: 	zh:ember:uart:ash: <--- [FRAME type=DATA]
[2026-02-02 22:00:46] debug: 	zh:ember:uart:ash: <--- [FRAME type=DATA ackNum=7](ackRx=7 frmTx=7)
[2026-02-02 22:00:46] debug: 	zh:ember:uart:ash: <--- [FRAME type=DATA ackNum=7 frmNum=1](frmRx=1) Added to rxQueue
[2026-02-02 22:00:46] debug: 	zh:ember:uart:ash: ---> [FRAME type=ACK frmRx=2](ackRx=7)
[2026-02-02 22:00:46] debug: 	zh:ember:ezsp: <=== [CBFRAME: ID=69:"INCOMING_MESSAGE_HANDLER" Seq=62 Len=32]
[2026-02-02 22:00:46] debug: 	zh:ember:ezsp: ezspIncomingMessageHandler: type=UNICAST apsFrame={"profileId":260,"clusterId":5,"sourceEndpoint":1,"destinationEndpoint":1,"options":256,"groupId":0,"sequence":123} packetInfo:{"senderShortId":10078,"senderLongId":"0xffffffffffffffff","bindingIndex":255,"addressIndex":255,"lastHopLqi":120,"lastHopRssi":-70,"lastHopTimestamp":0} messageContents=057c1113090000
[2026-02-02 22:00:46] debug: 	zh:controller: Received payload: clusterID=5, address=10078, groupID=0, endpoint=1, destinationEndpoint=1, wasBroadcast=false, linkQuality=120, frame={"header":{"frameControl":{"frameType":1,"manufacturerSpecific":true,"direction":0,"disableDefaultResponse":false,"reservedBits":0},"manufacturerCode":4476,"transactionSequenceNumber":19,"commandIdentifier":9},"payload":{"value":0},"command":{"ID":9,"parameters":[{"name":"value","type":33,"max":65535}],"name":"tradfriArrowRelease"}}
[2026-02-02 22:00:46] debug: 	zh:controller:endpoint: ZCL command 0x30fb10fffe4c12d6/1 genScenes.defaultRsp({"cmdId":9,"statusCode":0}, {"timeout":10000,"disableResponse":false,"disableRecovery":false,"disableDefaultResponse":true,"direction":1,"reservedBits":0,"transactionSequenceNumber":19,"writeUndiv":false})
[2026-02-02 22:00:46] debug: 	zh:controller:endpoint: Request Queue (0x30fb10fffe4c12d6/1): send defaultRsp request immediately (sendPolicy=undefined)
[2026-02-02 22:00:46] debug: 	zh:ember: ~~~> [ZCL to=0x30fb10fffe4c12d6:10078 apsFrame={"profileId":260,"clusterId":5,"sourceEndpoint":1,"destinationEndpoint":1,"options":4352,"groupId":0,"sequence":0} header={"frameControl":{"reservedBits":0,"frameType":0,"direction":1,"disableDefaultResponse":true,"manufacturerSpecific":false},"transactionSequenceNumber":19,"commandIdentifier":11}]
[2026-02-02 22:00:46] debug: 	zh:ember:ezsp: ===> [FRAME: ID=52:"SEND_UNICAST" Seq=63 Len=26]
[2026-02-02 22:00:46] debug: 	zh:ember:uart:ash: ---> [FRAME type=DATA frmTx=7 frmRx=2](ackRx=7)
[2026-02-02 22:00:46] debug: 	z2m: Received Zigbee message from 'IKEA Tradfri Switch 1', type 'commandTradfriArrowRelease', cluster 'genScenes', data '{"value":0}' from endpoint 1 with groupID 0
[2026-02-02 22:00:46] debug: 	zh:ember:uart:ash: <--- [FRAME type=DATA]
[2026-02-02 22:00:46] debug: 	zh:ember:uart:ash: <--- [FRAME type=DATA ackNum=0](ackRx=7 frmTx=0)
[2026-02-02 22:00:46] debug: 	zh:ember:uart:ash: <--- [FRAME type=DATA ackNum=0 frmNum=2](frmRx=2) Added to rxQueue
[2026-02-02 22:00:46] debug: 	zh:ember:uart:ash: ---> [FRAME type=ACK frmRx=3](ackRx=0)
[2026-02-02 22:00:46] debug: 	zh:ember:ezsp: <=== [FRAME: ID=52:"SEND_UNICAST" Seq=63 Len=7]
[2026-02-02 22:00:46] debug: 	zh:ember:ezsp: ~~~> [SENT type=DIRECT apsSequence=58 messageTag=30 status=OK]
[2026-02-02 22:00:46] debug: 	zh:ember:uart:ash: <--- [FRAME type=DATA]
[2026-02-02 22:00:46] debug: 	zh:ember:uart:ash: <--- [FRAME type=DATA ackNum=0](ackRx=0 frmTx=0)
[2026-02-02 22:00:46] debug: 	zh:ember:uart:ash: <--- [FRAME type=DATA ackNum=0 frmNum=3](frmRx=3) Added to rxQueue
[2026-02-02 22:00:46] debug: 	zh:ember:uart:ash: ---> [FRAME type=ACK frmRx=4](ackRx=0)
[2026-02-02 22:00:46] debug: 	zh:ember:ezsp: <=== [CBFRAME: ID=63:"MESSAGE_SENT_HANDLER" Seq=63 Len=22]
[2026-02-02 22:00:46] debug: 	zh:ember:ezsp: ezspMessageSentHandler: status=OK type=DIRECT indexOrDestination=10078 apsFrame={"profileId":260,"clusterId":5,"sourceEndpoint":1,"destinationEndpoint":1,"options":4352,"groupId":0,"sequence":58} messageTag=30
[2026-02-02 22:00:47] debug: 	zh:ember:uart:ash: <--- [FRAME type=DATA]
[2026-02-02 22:00:47] debug: 	zh:ember:uart:ash: <--- [FRAME type=DATA ackNum=0](ackRx=0 frmTx=0)
[2026-02-02 22:00:47] debug: 	zh:ember:uart:ash: <--- [FRAME type=DATA ackNum=0 frmNum=4](frmRx=4) Added to rxQueue
[2026-02-02 22:00:47] debug: 	zh:ember:uart:ash: ---> [FRAME type=ACK frmRx=5](ackRx=0)
[2026-02-02 22:00:47] debug: 	zh:ember:ezsp: <=== [CBFRAME: ID=69:"INCOMING_MESSAGE_HANDLER" Seq=63 Len=28]
[2026-02-02 22:00:47] debug: 	zh:ember:ezsp: ezspIncomingMessageHandler: type=UNICAST apsFrame={"profileId":260,"clusterId":6,"sourceEndpoint":1,"destinationEndpoint":1,"options":256,"groupId":0,"sequence":124} packetInfo:{"senderShortId":10078,"senderLongId":"0xffffffffffffffff","bindingIndex":255,"addressIndex":255,"lastHopLqi":116,"lastHopRssi":-71,"lastHopTimestamp":0} messageContents=011401
[2026-02-02 22:00:47] debug: 	zh:controller: Received payload: clusterID=6, address=10078, groupID=0, endpoint=1, destinationEndpoint=1, wasBroadcast=false, linkQuality=116, frame={"header":{"frameControl":{"frameType":1,"manufacturerSpecific":false,"direction":0,"disableDefaultResponse":false,"reservedBits":0},"transactionSequenceNumber":20,"commandIdentifier":1},"payload":{},"command":{"ID":1,"parameters":[],"required":true,"name":"on"}}
[2026-02-02 22:00:47] debug: 	zh:controller:endpoint: ZCL command 0x30fb10fffe4c12d6/1 genOnOff.defaultRsp({"cmdId":1,"statusCode":0}, {"timeout":10000,"disableResponse":false,"disableRecovery":false,"disableDefaultResponse":true,"direction":1,"reservedBits":0,"transactionSequenceNumber":20,"writeUndiv":false})
[2026-02-02 22:00:47] debug: 	zh:controller:endpoint: Request Queue (0x30fb10fffe4c12d6/1): send defaultRsp request immediately (sendPolicy=undefined)
[2026-02-02 22:00:47] debug: 	zh:ember: ~~~> [ZCL to=0x30fb10fffe4c12d6:10078 apsFrame={"profileId":260,"clusterId":6,"sourceEndpoint":1,"destinationEndpoint":1,"options":4352,"groupId":0,"sequence":0} header={"frameControl":{"reservedBits":0,"frameType":0,"direction":1,"disableDefaultResponse":true,"manufacturerSpecific":false},"transactionSequenceNumber":20,"commandIdentifier":11}]
[2026-02-02 22:00:47] debug: 	zh:ember:ezsp: ===> [FRAME: ID=52:"SEND_UNICAST" Seq=64 Len=26]
[2026-02-02 22:00:47] debug: 	zh:ember:uart:ash: ---> [FRAME type=DATA frmTx=0 frmRx=5](ackRx=0)
[2026-02-02 22:00:47] debug: 	z2m: Received Zigbee message from 'IKEA Tradfri Switch 1', type 'commandOn', cluster 'genOnOff', data '{}' from endpoint 1 with groupID 0
[2026-02-02 22:00:47] debug: 	zh:ember:uart:ash: <--- [FRAME type=DATA]
[2026-02-02 22:00:47] debug: 	zh:ember:uart:ash: <--- [FRAME type=DATA ackNum=1](ackRx=0 frmTx=1)
[2026-02-02 22:00:47] debug: 	zh:ember:uart:ash: <--- [FRAME type=DATA ackNum=1 frmNum=5](frmRx=5) Added to rxQueue
[2026-02-02 22:00:47] debug: 	zh:ember:uart:ash: ---> [FRAME type=ACK frmRx=6](ackRx=1)
[2026-02-02 22:00:47] debug: 	zh:ember:ezsp: <=== [FRAME: ID=52:"SEND_UNICAST" Seq=64 Len=7]
[2026-02-02 22:00:47] debug: 	zh:ember:ezsp: ~~~> [SENT type=DIRECT apsSequence=59 messageTag=31 status=OK]
[2026-02-02 22:00:47] debug: 	zh:ember:uart:ash: <--- [FRAME type=DATA]
[2026-02-02 22:00:47] debug: 	zh:ember:uart:ash: <--- [FRAME type=DATA ackNum=1](ackRx=1 frmTx=1)
[2026-02-02 22:00:47] debug: 	zh:ember:uart:ash: <--- [FRAME type=DATA ackNum=1 frmNum=6](frmRx=6) Added to rxQueue
[2026-02-02 22:00:47] debug: 	zh:ember:uart:ash: ---> [FRAME type=ACK frmRx=7](ackRx=1)
[2026-02-02 22:00:47] debug: 	zh:ember:ezsp: <=== [CBFRAME: ID=63:"MESSAGE_SENT_HANDLER" Seq=64 Len=22]
[2026-02-02 22:00:47] debug: 	zh:ember:ezsp: ezspMessageSentHandler: status=OK type=DIRECT indexOrDestination=10078 apsFrame={"profileId":260,"clusterId":6,"sourceEndpoint":1,"destinationEndpoint":1,"options":4352,"groupId":0,"sequence":59} messageTag=31
[2026-02-02 22:00:47] debug: 	zh:ember:uart:ash: <--- [FRAME type=DATA]
[2026-02-02 22:00:47] debug: 	zh:ember:uart:ash: <--- [FRAME type=DATA ackNum=1](ackRx=1 frmTx=1)
[2026-02-02 22:00:47] debug: 	zh:ember:uart:ash: <--- [FRAME type=DATA ackNum=1 frmNum=7](frmRx=7) Added to rxQueue
[2026-02-02 22:00:47] debug: 	zh:ember:uart:ash: ---> [FRAME type=ACK frmRx=0](ackRx=1)
[2026-02-02 22:00:47] debug: 	zh:ember:ezsp: <=== [CBFRAME: ID=69:"INCOMING_MESSAGE_HANDLER" Seq=64 Len=33]
[2026-02-02 22:00:47] debug: 	zh:ember:ezsp: ezspIncomingMessageHandler: type=UNICAST apsFrame={"profileId":260,"clusterId":5,"sourceEndpoint":1,"destinationEndpoint":1,"options":256,"groupId":0,"sequence":125} packetInfo:{"senderShortId":10078,"senderLongId":"0xffffffffffffffff","bindingIndex":255,"addressIndex":255,"lastHopLqi":112,"lastHopRssi":-72,"lastHopTimestamp":0} messageContents=0115050000000000
[2026-02-02 22:00:47] debug: 	zh:controller: Received payload: clusterID=5, address=10078, groupID=0, endpoint=1, destinationEndpoint=1, wasBroadcast=false, linkQuality=112, frame={"header":{"frameControl":{"frameType":1,"manufacturerSpecific":false,"direction":0,"disableDefaultResponse":false,"reservedBits":0},"transactionSequenceNumber":21,"commandIdentifier":5},"payload":{"groupid":0,"sceneid":0,"transitionTime":0},"command":{"ID":5,"parameters":[{"name":"groupid","type":33},{"name":"sceneid","type":32},{"name":"transitionTime","type":33}],"required":true,"name":"recall"}}
[2026-02-02 22:00:47] debug: 	zh:controller:endpoint: ZCL command 0x30fb10fffe4c12d6/1 genScenes.defaultRsp({"cmdId":5,"statusCode":0}, {"timeout":10000,"disableResponse":false,"disableRecovery":false,"disableDefaultResponse":true,"direction":1,"reservedBits":0,"transactionSequenceNumber":21,"writeUndiv":false})
[2026-02-02 22:00:47] debug: 	zh:controller:endpoint: Request Queue (0x30fb10fffe4c12d6/1): send defaultRsp request immediately (sendPolicy=undefined)
[2026-02-02 22:00:47] debug: 	zh:ember: ~~~> [ZCL to=0x30fb10fffe4c12d6:10078 apsFrame={"profileId":260,"clusterId":5,"sourceEndpoint":1,"destinationEndpoint":1,"options":4352,"groupId":0,"sequence":0} header={"frameControl":{"reservedBits":0,"frameType":0,"direction":1,"disableDefaultResponse":true,"manufacturerSpecific":false},"transactionSequenceNumber":21,"commandIdentifier":11}]
[2026-02-02 22:00:47] debug: 	zh:ember:ezsp: ===> [FRAME: ID=52:"SEND_UNICAST" Seq=65 Len=26]
[2026-02-02 22:00:47] debug: 	zh:ember:uart:ash: ---> [FRAME type=DATA frmTx=1 frmRx=0](ackRx=1)
[2026-02-02 22:00:47] debug: 	z2m: Received Zigbee message from 'IKEA Tradfri Switch 1', type 'commandRecall', cluster 'genScenes', data '{"groupid":0,"sceneid":0,"transitionTime":0}' from endpoint 1 with groupID 0
[2026-02-02 22:00:47] debug: 	z2m: No converter available for 'E2001/E2002' with cluster 'genScenes' and type 'commandRecall' and data '{"groupid":0,"sceneid":0,"transitionTime":0}'
[2026-02-02 22:00:47] debug: 	zh:ember:uart:ash: <--- [FRAME type=DATA]
[2026-02-02 22:00:47] debug: 	zh:ember:uart:ash: <--- [FRAME type=DATA ackNum=2](ackRx=1 frmTx=2)
[2026-02-02 22:00:47] debug: 	zh:ember:uart:ash: <--- [FRAME type=DATA ackNum=2 frmNum=0](frmRx=0) Added to rxQueue
[2026-02-02 22:00:47] debug: 	zh:ember:uart:ash: ---> [FRAME type=ACK frmRx=1](ackRx=2)
[2026-02-02 22:00:47] debug: 	zh:ember:ezsp: <=== [FRAME: ID=52:"SEND_UNICAST" Seq=65 Len=7]
[2026-02-02 22:00:47] debug: 	zh:ember:ezsp: ~~~> [SENT type=DIRECT apsSequence=60 messageTag=32 status=OK]
[2026-02-02 22:00:47] debug: 	zh:ember:uart:ash: <--- [FRAME type=DATA]
[2026-02-02 22:00:47] debug: 	zh:ember:uart:ash: <--- [FRAME type=DATA ackNum=2](ackRx=2 frmTx=2)
[2026-02-02 22:00:47] debug: 	zh:ember:uart:ash: <--- [FRAME type=DATA ackNum=2 frmNum=1](frmRx=1) Added to rxQueue
[2026-02-02 22:00:47] debug: 	zh:ember:uart:ash: ---> [FRAME type=ACK frmRx=2](ackRx=2)
[2026-02-02 22:00:47] debug: 	zh:ember:ezsp: <=== [CBFRAME: ID=63:"MESSAGE_SENT_HANDLER" Seq=65 Len=22]
[2026-02-02 22:00:47] debug: 	zh:ember:ezsp: ezspMessageSentHandler: status=OK type=DIRECT indexOrDestination=10078 apsFrame={"profileId":260,"clusterId":5,"sourceEndpoint":1,"destinationEndpoint":1,"options":4352,"groupId":0,"sequence":60} messageTag=32
[2026-02-02 22:00:48] debug: 	zh:ember:uart:ash: <--- [FRAME type=DATA]
[2026-02-02 22:00:48] debug: 	zh:ember:uart:ash: <--- [FRAME type=DATA ackNum=2](ackRx=2 frmTx=2)
[2026-02-02 22:00:48] debug: 	zh:ember:uart:ash: <--- [FRAME type=DATA ackNum=2 frmNum=2](frmRx=2) Added to rxQueue
[2026-02-02 22:00:48] debug: 	zh:ember:uart:ash: ---> [FRAME type=ACK frmRx=3](ackRx=2)
[2026-02-02 22:00:48] debug: 	zh:ember:ezsp: <=== [CBFRAME: ID=69:"INCOMING_MESSAGE_HANDLER" Seq=65 Len=33]
[2026-02-02 22:00:48] debug: 	zh:ember:ezsp: ezspIncomingMessageHandler: type=UNICAST apsFrame={"profileId":260,"clusterId":5,"sourceEndpoint":1,"destinationEndpoint":1,"options":256,"groupId":0,"sequence":126} packetInfo:{"senderShortId":10078,"senderLongId":"0xffffffffffffffff","bindingIndex":255,"addressIndex":255,"lastHopLqi":120,"lastHopRssi":-70,"lastHopTimestamp":0} messageContents=057c111608010d00
[2026-02-02 22:00:48] debug: 	zh:controller: Received payload: clusterID=5, address=10078, groupID=0, endpoint=1, destinationEndpoint=1, wasBroadcast=false, linkQuality=120, frame={"header":{"frameControl":{"frameType":1,"manufacturerSpecific":true,"direction":0,"disableDefaultResponse":false,"reservedBits":0},"manufacturerCode":4476,"transactionSequenceNumber":22,"commandIdentifier":8},"payload":{"value":3329},"command":{"ID":8,"parameters":[{"name":"value","type":33,"max":65535}],"name":"tradfriArrowHold"}}
[2026-02-02 22:00:48] debug: 	zh:controller:endpoint: ZCL command 0x30fb10fffe4c12d6/1 genScenes.defaultRsp({"cmdId":8,"statusCode":0}, {"timeout":10000,"disableResponse":false,"disableRecovery":false,"disableDefaultResponse":true,"direction":1,"reservedBits":0,"transactionSequenceNumber":22,"writeUndiv":false})
[2026-02-02 22:00:48] debug: 	zh:controller:endpoint: Request Queue (0x30fb10fffe4c12d6/1): send defaultRsp request immediately (sendPolicy=undefined)
[2026-02-02 22:00:48] debug: 	zh:ember: ~~~> [ZCL to=0x30fb10fffe4c12d6:10078 apsFrame={"profileId":260,"clusterId":5,"sourceEndpoint":1,"destinationEndpoint":1,"options":4352,"groupId":0,"sequence":0} header={"frameControl":{"reservedBits":0,"frameType":0,"direction":1,"disableDefaultResponse":true,"manufacturerSpecific":false},"transactionSequenceNumber":22,"commandIdentifier":11}]
[2026-02-02 22:00:48] debug: 	zh:ember:ezsp: ===> [FRAME: ID=52:"SEND_UNICAST" Seq=66 Len=26]
[2026-02-02 22:00:48] debug: 	zh:ember:uart:ash: ---> [FRAME type=DATA frmTx=2 frmRx=3](ackRx=2)
[2026-02-02 22:00:48] debug: 	z2m: Received Zigbee message from 'IKEA Tradfri Switch 1', type 'commandTradfriArrowHold', cluster 'genScenes', data '{"value":3329}' from endpoint 1 with groupID 0
[2026-02-02 22:00:48] info: 	z2m:mqtt: MQTT publish: topic 'zigbee2mqtt/IKEA Tradfri Switch 1', payload '{"action":"arrow_left_hold","battery":100,"identify":null,"linkquality":120,"update":{"installed_version":33816598,"latest_version":33816598,"state":"idle"}}'
[2026-02-02 22:00:48] info: 	z2m:mqtt: MQTT publish: topic 'zigbee2mqtt/IKEA Tradfri Switch 1/action', payload 'arrow_left_hold'
[2026-02-02 22:00:48] debug: 	zh:ember:uart:ash: <--- [FRAME type=DATA]
[2026-02-02 22:00:48] debug: 	zh:ember:uart:ash: <--- [FRAME type=DATA ackNum=3](ackRx=2 frmTx=3)
[2026-02-02 22:00:48] debug: 	zh:ember:uart:ash: <--- [FRAME type=DATA ackNum=3 frmNum=3](frmRx=3) Added to rxQueue
[2026-02-02 22:00:48] debug: 	zh:ember:uart:ash: ---> [FRAME type=ACK frmRx=4](ackRx=3)
[2026-02-02 22:00:48] debug: 	zh:ember:ezsp: <=== [FRAME: ID=52:"SEND_UNICAST" Seq=66 Len=7]
[2026-02-02 22:00:48] debug: 	zh:ember:ezsp: ~~~> [SENT type=DIRECT apsSequence=61 messageTag=33 status=OK]
[2026-02-02 22:00:48] debug: 	zh:ember:uart:ash: <--- [FRAME type=DATA]
[2026-02-02 22:00:48] debug: 	zh:ember:uart:ash: <--- [FRAME type=DATA ackNum=3](ackRx=3 frmTx=3)
[2026-02-02 22:00:48] debug: 	zh:ember:uart:ash: <--- [FRAME type=DATA ackNum=3 frmNum=4](frmRx=4) Added to rxQueue
[2026-02-02 22:00:48] debug: 	zh:ember:uart:ash: ---> [FRAME type=ACK frmRx=5](ackRx=3)
[2026-02-02 22:00:48] debug: 	zh:ember:ezsp: <=== [CBFRAME: ID=63:"MESSAGE_SENT_HANDLER" Seq=66 Len=22]
[2026-02-02 22:00:48] debug: 	zh:ember:ezsp: ezspMessageSentHandler: status=OK type=DIRECT indexOrDestination=10078 apsFrame={"profileId":260,"clusterId":5,"sourceEndpoint":1,"destinationEndpoint":1,"options":4352,"groupId":0,"sequence":61} messageTag=33
[2026-02-02 22:00:48] debug: 	z2m:mqtt: Received MQTT message on 'zigbee2mqtt/IKEA Tradfri Mittled Driver/set' with data '{"state":"OFF","transition":2.0}'
[2026-02-02 22:00:48] debug: 	z2m: Publishing 'set' 'transition' to 'IKEA Tradfri Mittled Driver'
[2026-02-02 22:00:48] debug: 	z2m: Publishing 'set' 'state' to 'IKEA Tradfri Mittled Driver'
[2026-02-02 22:00:48] debug: 	zh:controller:endpoint: ZCL command 0x842712fffedb8ddb/1 genLevelCtrl.moveToLevelWithOnOff({"level":0,"transtime":20,"optionsMask":0,"optionsOverride":0}, {"timeout":10000,"disableResponse":false,"disableRecovery":false,"disableDefaultResponse":false,"direction":0,"reservedBits":0,"writeUndiv":false})
[2026-02-02 22:00:48] debug: 	zh:ember: ~~~> [ZCL to=0x842712fffedb8ddb:40200 apsFrame={"profileId":260,"clusterId":8,"sourceEndpoint":1,"destinationEndpoint":1,"options":4416,"groupId":0,"sequence":0} header={"frameControl":{"reservedBits":0,"frameType":1,"direction":0,"disableDefaultResponse":false,"manufacturerSpecific":false},"transactionSequenceNumber":6,"commandIdentifier":4}]
[2026-02-02 22:00:48] debug: 	zh:ember:ezsp: ===> [FRAME: ID=52:"SEND_UNICAST" Seq=67 Len=29]
[2026-02-02 22:00:48] debug: 	zh:ember:uart:ash: ---> [FRAME type=DATA frmTx=3 frmRx=5](ackRx=3)
[2026-02-02 22:00:48] debug: 	zh:ember:uart:ash: <--- [FRAME type=DATA]
[2026-02-02 22:00:48] debug: 	zh:ember:uart:ash: <--- [FRAME type=DATA ackNum=4](ackRx=3 frmTx=4)
[2026-02-02 22:00:48] debug: 	zh:ember:uart:ash: <--- [FRAME type=DATA ackNum=4 frmNum=5](frmRx=5) Added to rxQueue
[2026-02-02 22:00:48] debug: 	zh:ember:uart:ash: ---> [FRAME type=ACK frmRx=6](ackRx=4)
[2026-02-02 22:00:48] debug: 	zh:ember:ezsp: <=== [FRAME: ID=52:"SEND_UNICAST" Seq=67 Len=7]
[2026-02-02 22:00:48] debug: 	zh:ember:ezsp: ~~~> [SENT type=DIRECT apsSequence=62 messageTag=34 status=OK]
[2026-02-02 22:00:48] debug: 	zh:ember:uart:ash: <--- [FRAME type=DATA]
[2026-02-02 22:00:48] debug: 	zh:ember:uart:ash: <--- [FRAME type=DATA ackNum=4](ackRx=4 frmTx=4)
[2026-02-02 22:00:48] debug: 	zh:ember:uart:ash: <--- [FRAME type=DATA ackNum=4 frmNum=6](frmRx=6) Added to rxQueue
[2026-02-02 22:00:48] debug: 	zh:ember:uart:ash: ---> [FRAME type=ACK frmRx=7](ackRx=4)
[2026-02-02 22:00:48] debug: 	zh:ember:ezsp: <=== [CBFRAME: ID=69:"INCOMING_MESSAGE_HANDLER" Seq=67 Len=30]
[2026-02-02 22:00:48] debug: 	zh:ember:ezsp: ezspIncomingMessageHandler: type=UNICAST apsFrame={"profileId":260,"clusterId":8,"sourceEndpoint":1,"destinationEndpoint":1,"options":64,"groupId":0,"sequence":102} packetInfo:{"senderShortId":40200,"senderLongId":"0xffffffffffffffff","bindingIndex":255,"addressIndex":255,"lastHopLqi":120,"lastHopRssi":-70,"lastHopTimestamp":0} messageContents=08060b0400
[2026-02-02 22:00:48] debug: 	zh:controller: Received payload: clusterID=8, address=40200, groupID=0, endpoint=1, destinationEndpoint=1, wasBroadcast=false, linkQuality=120, frame={"header":{"frameControl":{"frameType":0,"manufacturerSpecific":false,"direction":1,"disableDefaultResponse":false,"reservedBits":0},"transactionSequenceNumber":6,"commandIdentifier":11},"payload":{"cmdId":4,"statusCode":0},"command":{"ID":11,"name":"defaultRsp","parameters":[{"name":"cmdId","type":8},{"name":"statusCode","type":48}]}}
[2026-02-02 22:00:48] info: 	z2m:mqtt: MQTT publish: topic 'zigbee2mqtt/IKEA Tradfri Mittled Driver', payload '{"brightness":203,"effect":null,"identify":null,"level_config":{"on_level":"previous"},"linkquality":120,"power_on_behavior":null,"state":"OFF","update":{"installed_version":16777220,"latest_version":16777220,"state":"idle"}}'
[2026-02-02 22:00:48] debug: 	zh:ember:uart:ash: <--- [FRAME type=DATA]
[2026-02-02 22:00:48] debug: 	zh:ember:uart:ash: <--- [FRAME type=DATA ackNum=4](ackRx=4 frmTx=4)
[2026-02-02 22:00:48] debug: 	zh:ember:uart:ash: <--- [FRAME type=DATA ackNum=4 frmNum=7](frmRx=7) Added to rxQueue
[2026-02-02 22:00:48] debug: 	zh:ember:uart:ash: ---> [FRAME type=ACK frmRx=0](ackRx=4)
[2026-02-02 22:00:48] debug: 	zh:ember:ezsp: <=== [CBFRAME: ID=63:"MESSAGE_SENT_HANDLER" Seq=67 Len=22]
[2026-02-02 22:00:48] debug: 	zh:ember:ezsp: ezspMessageSentHandler: status=OK type=DIRECT indexOrDestination=40200 apsFrame={"profileId":260,"clusterId":8,"sourceEndpoint":1,"destinationEndpoint":1,"options":4416,"groupId":0,"sequence":62} messageTag=34
[2026-02-02 22:00:49] debug: 	zh:ember:uart:ash: <--- [FRAME type=DATA]
[2026-02-02 22:00:49] debug: 	zh:ember:uart:ash: <--- [FRAME type=DATA ackNum=4](ackRx=4 frmTx=4)
[2026-02-02 22:00:49] debug: 	zh:ember:uart:ash: <--- [FRAME type=DATA ackNum=4 frmNum=0](frmRx=0) Added to rxQueue
[2026-02-02 22:00:49] debug: 	zh:ember:uart:ash: ---> [FRAME type=ACK frmRx=1](ackRx=4)
[2026-02-02 22:00:49] debug: 	zh:ember:ezsp: <=== [CBFRAME: ID=69:"INCOMING_MESSAGE_HANDLER" Seq=67 Len=32]
[2026-02-02 22:00:49] debug: 	zh:ember:ezsp: ezspIncomingMessageHandler: type=UNICAST apsFrame={"profileId":260,"clusterId":5,"sourceEndpoint":1,"destinationEndpoint":1,"options":256,"groupId":0,"sequence":127} packetInfo:{"senderShortId":10078,"senderLongId":"0xffffffffffffffff","bindingIndex":255,"addressIndex":255,"lastHopLqi":120,"lastHopRssi":-70,"lastHopTimestamp":0} messageContents=057c111709cd03
[2026-02-02 22:00:49] debug: 	zh:controller: Received payload: clusterID=5, address=10078, groupID=0, endpoint=1, destinationEndpoint=1, wasBroadcast=false, linkQuality=120, frame={"header":{"frameControl":{"frameType":1,"manufacturerSpecific":true,"direction":0,"disableDefaultResponse":false,"reservedBits":0},"manufacturerCode":4476,"transactionSequenceNumber":23,"commandIdentifier":9},"payload":{"value":973},"command":{"ID":9,"parameters":[{"name":"value","type":33,"max":65535}],"name":"tradfriArrowRelease"}}
[2026-02-02 22:00:49] debug: 	zh:controller:endpoint: ZCL command 0x30fb10fffe4c12d6/1 genScenes.defaultRsp({"cmdId":9,"statusCode":0}, {"timeout":10000,"disableResponse":false,"disableRecovery":false,"disableDefaultResponse":true,"direction":1,"reservedBits":0,"transactionSequenceNumber":23,"writeUndiv":false})
[2026-02-02 22:00:49] debug: 	zh:controller:endpoint: Request Queue (0x30fb10fffe4c12d6/1): send defaultRsp request immediately (sendPolicy=undefined)
[2026-02-02 22:00:49] debug: 	zh:ember: ~~~> [ZCL to=0x30fb10fffe4c12d6:10078 apsFrame={"profileId":260,"clusterId":5,"sourceEndpoint":1,"destinationEndpoint":1,"options":4352,"groupId":0,"sequence":0} header={"frameControl":{"reservedBits":0,"frameType":0,"direction":1,"disableDefaultResponse":true,"manufacturerSpecific":false},"transactionSequenceNumber":23,"commandIdentifier":11}]
[2026-02-02 22:00:49] debug: 	zh:ember:ezsp: ===> [FRAME: ID=52:"SEND_UNICAST" Seq=68 Len=26]
[2026-02-02 22:00:49] debug: 	zh:ember:uart:ash: ---> [FRAME type=DATA frmTx=4 frmRx=1](ackRx=4)
[2026-02-02 22:00:49] debug: 	z2m: Received Zigbee message from 'IKEA Tradfri Switch 1', type 'commandTradfriArrowRelease', cluster 'genScenes', data '{"value":973}' from endpoint 1 with groupID 0
[2026-02-02 22:00:49] info: 	z2m:mqtt: MQTT publish: topic 'zigbee2mqtt/IKEA Tradfri Switch 1', payload '{"action":"arrow_left_release","action_duration":0.973,"battery":100,"identify":null,"linkquality":120,"update":{"installed_version":33816598,"latest_version":33816598,"state":"idle"}}'
[2026-02-02 22:00:49] info: 	z2m:mqtt: MQTT publish: topic 'zigbee2mqtt/IKEA Tradfri Switch 1/action', payload 'arrow_left_release'
[2026-02-02 22:00:49] debug: 	zh:ember:uart:ash: <--- [FRAME type=DATA]
[2026-02-02 22:00:49] debug: 	zh:ember:uart:ash: <--- [FRAME type=DATA ackNum=5](ackRx=4 frmTx=5)
[2026-02-02 22:00:49] debug: 	zh:ember:uart:ash: <--- [FRAME type=DATA ackNum=5 frmNum=1](frmRx=1) Added to rxQueue
[2026-02-02 22:00:49] debug: 	zh:ember:uart:ash: ---> [FRAME type=ACK frmRx=2](ackRx=5)
[2026-02-02 22:00:49] debug: 	zh:ember:ezsp: <=== [FRAME: ID=52:"SEND_UNICAST" Seq=68 Len=7]
[2026-02-02 22:00:49] debug: 	zh:ember:ezsp: ~~~> [SENT type=DIRECT apsSequence=63 messageTag=35 status=OK]
[2026-02-02 22:00:49] debug: 	zh:ember:uart:ash: <--- [FRAME type=DATA]
[2026-02-02 22:00:49] debug: 	zh:ember:uart:ash: <--- [FRAME type=DATA ackNum=5](ackRx=5 frmTx=5)
[2026-02-02 22:00:49] debug: 	zh:ember:uart:ash: <--- [FRAME type=DATA ackNum=5 frmNum=2](frmRx=2) Added to rxQueue
[2026-02-02 22:00:49] debug: 	zh:ember:uart:ash: ---> [FRAME type=ACK frmRx=3](ackRx=5)
[2026-02-02 22:00:49] debug: 	zh:ember:ezsp: <=== [CBFRAME: ID=63:"MESSAGE_SENT_HANDLER" Seq=68 Len=22]
[2026-02-02 22:00:49] debug: 	zh:ember:ezsp: ezspMessageSentHandler: status=OK type=DIRECT indexOrDestination=10078 apsFrame={"profileId":260,"clusterId":5,"sourceEndpoint":1,"destinationEndpoint":1,"options":4352,"groupId":0,"sequence":63} messageTag=35
[2026-02-02 22:00:50] debug: 	zh:ember:uart:ash: <--- [FRAME type=DATA]
[2026-02-02 22:00:50] debug: 	zh:ember:uart:ash: <--- [FRAME type=DATA ackNum=5](ackRx=5 frmTx=5)
[2026-02-02 22:00:50] debug: 	zh:ember:uart:ash: <--- [FRAME type=DATA ackNum=5 frmNum=3](frmRx=3) Added to rxQueue
[2026-02-02 22:00:50] debug: 	zh:ember:uart:ash: ---> [FRAME type=ACK frmRx=4](ackRx=5)
[2026-02-02 22:00:50] debug: 	zh:ember:ezsp: <=== [CBFRAME: ID=69:"INCOMING_MESSAGE_HANDLER" Seq=68 Len=28]
[2026-02-02 22:00:50] debug: 	zh:ember:ezsp: ezspIncomingMessageHandler: type=UNICAST apsFrame={"profileId":260,"clusterId":6,"sourceEndpoint":1,"destinationEndpoint":1,"options":256,"groupId":0,"sequence":128} packetInfo:{"senderShortId":10078,"senderLongId":"0xffffffffffffffff","bindingIndex":255,"addressIndex":255,"lastHopLqi":116,"lastHopRssi":-71,"lastHopTimestamp":0} messageContents=011801
[2026-02-02 22:00:50] debug: 	zh:controller: Received payload: clusterID=6, address=10078, groupID=0, endpoint=1, destinationEndpoint=1, wasBroadcast=false, linkQuality=116, frame={"header":{"frameControl":{"frameType":1,"manufacturerSpecific":false,"direction":0,"disableDefaultResponse":false,"reservedBits":0},"transactionSequenceNumber":24,"commandIdentifier":1},"payload":{},"command":{"ID":1,"parameters":[],"required":true,"name":"on"}}
[2026-02-02 22:00:50] debug: 	zh:controller:endpoint: ZCL command 0x30fb10fffe4c12d6/1 genOnOff.defaultRsp({"cmdId":1,"statusCode":0}, {"timeout":10000,"disableResponse":false,"disableRecovery":false,"disableDefaultResponse":true,"direction":1,"reservedBits":0,"transactionSequenceNumber":24,"writeUndiv":false})
[2026-02-02 22:00:50] debug: 	zh:controller:endpoint: Request Queue (0x30fb10fffe4c12d6/1): send defaultRsp request immediately (sendPolicy=undefined)
[2026-02-02 22:00:50] debug: 	zh:ember: ~~~> [ZCL to=0x30fb10fffe4c12d6:10078 apsFrame={"profileId":260,"clusterId":6,"sourceEndpoint":1,"destinationEndpoint":1,"options":4352,"groupId":0,"sequence":0} header={"frameControl":{"reservedBits":0,"frameType":0,"direction":1,"disableDefaultResponse":true,"manufacturerSpecific":false},"transactionSequenceNumber":24,"commandIdentifier":11}]
[2026-02-02 22:00:50] debug: 	zh:ember:ezsp: ===> [FRAME: ID=52:"SEND_UNICAST" Seq=69 Len=26]
[2026-02-02 22:00:50] debug: 	zh:ember:uart:ash: ---> [FRAME type=DATA frmTx=5 frmRx=4](ackRx=5)
[2026-02-02 22:00:50] debug: 	z2m: Received Zigbee message from 'IKEA Tradfri Switch 1', type 'commandOn', cluster 'genOnOff', data '{}' from endpoint 1 with groupID 0
[2026-02-02 22:00:50] debug: 	zh:ember:uart:ash: <--- [FRAME type=DATA]
[2026-02-02 22:00:50] debug: 	zh:ember:uart:ash: <--- [FRAME type=DATA ackNum=6](ackRx=5 frmTx=6)
[2026-02-02 22:00:50] debug: 	zh:ember:uart:ash: <--- [FRAME type=DATA ackNum=6 frmNum=4](frmRx=4) Added to rxQueue
[2026-02-02 22:00:50] debug: 	zh:ember:uart:ash: ---> [FRAME type=ACK frmRx=5](ackRx=6)
[2026-02-02 22:00:50] debug: 	zh:ember:ezsp: <=== [FRAME: ID=52:"SEND_UNICAST" Seq=69 Len=7]
[2026-02-02 22:00:50] debug: 	zh:ember:ezsp: ~~~> [SENT type=DIRECT apsSequence=64 messageTag=36 status=OK]
[2026-02-02 22:00:50] debug: 	zh:ember:uart:ash: <--- [FRAME type=DATA]
[2026-02-02 22:00:50] debug: 	zh:ember:uart:ash: <--- [FRAME type=DATA ackNum=6](ackRx=6 frmTx=6)
[2026-02-02 22:00:50] debug: 	zh:ember:uart:ash: <--- [FRAME type=DATA ackNum=6 frmNum=5](frmRx=5) Added to rxQueue
[2026-02-02 22:00:50] debug: 	zh:ember:uart:ash: ---> [FRAME type=ACK frmRx=6](ackRx=6)
[2026-02-02 22:00:50] debug: 	zh:ember:ezsp: <=== [CBFRAME: ID=63:"MESSAGE_SENT_HANDLER" Seq=69 Len=22]
[2026-02-02 22:00:50] debug: 	zh:ember:ezsp: ezspMessageSentHandler: status=OK type=DIRECT indexOrDestination=10078 apsFrame={"profileId":260,"clusterId":6,"sourceEndpoint":1,"destinationEndpoint":1,"options":4352,"groupId":0,"sequence":64} messageTag=36
[2026-02-02 22:00:52] debug: 	zh:ember:uart:ash: <--- [FRAME type=DATA]
[2026-02-02 22:00:52] debug: 	zh:ember:uart:ash: <--- [FRAME type=DATA ackNum=6](ackRx=6 frmTx=6)
[2026-02-02 22:00:52] debug: 	zh:ember:uart:ash: <--- [FRAME type=DATA ackNum=6 frmNum=6](frmRx=6) Added to rxQueue
[2026-02-02 22:00:52] debug: 	zh:ember:uart:ash: ---> [FRAME type=ACK frmRx=7](ackRx=6)
[2026-02-02 22:00:52] debug: 	zh:ember:ezsp: <=== [CBFRAME: ID=69:"INCOMING_MESSAGE_HANDLER" Seq=69 Len=34]
[2026-02-02 22:00:52] debug: 	zh:ember:ezsp: ezspIncomingMessageHandler: type=UNICAST apsFrame={"profileId":260,"clusterId":5,"sourceEndpoint":1,"destinationEndpoint":1,"options":256,"groupId":0,"sequence":129} packetInfo:{"senderShortId":10078,"senderLongId":"0xffffffffffffffff","bindingIndex":255,"addressIndex":255,"lastHopLqi":120,"lastHopRssi":-70,"lastHopTimestamp":0} messageContents=057c11190700010d00
[2026-02-02 22:00:52] debug: 	zh:controller: Received payload: clusterID=5, address=10078, groupID=0, endpoint=1, destinationEndpoint=1, wasBroadcast=false, linkQuality=120, frame={"header":{"frameControl":{"frameType":1,"manufacturerSpecific":true,"direction":0,"disableDefaultResponse":false,"reservedBits":0},"manufacturerCode":4476,"transactionSequenceNumber":25,"commandIdentifier":7},"payload":{"value":256,"value2":13},"command":{"ID":7,"parameters":[{"name":"value","type":33,"max":65535},{"name":"value2","type":33,"max":65535}],"name":"tradfriArrowSingle"}}
[2026-02-02 22:00:52] debug: 	zh:controller:endpoint: ZCL command 0x30fb10fffe4c12d6/1 genScenes.defaultRsp({"cmdId":7,"statusCode":0}, {"timeout":10000,"disableResponse":false,"disableRecovery":false,"disableDefaultResponse":true,"direction":1,"reservedBits":0,"transactionSequenceNumber":25,"writeUndiv":false})
[2026-02-02 22:00:52] debug: 	zh:controller:endpoint: Request Queue (0x30fb10fffe4c12d6/1): send defaultRsp request immediately (sendPolicy=undefined)
[2026-02-02 22:00:52] debug: 	zh:ember: ~~~> [ZCL to=0x30fb10fffe4c12d6:10078 apsFrame={"profileId":260,"clusterId":5,"sourceEndpoint":1,"destinationEndpoint":1,"options":4352,"groupId":0,"sequence":0} header={"frameControl":{"reservedBits":0,"frameType":0,"direction":1,"disableDefaultResponse":true,"manufacturerSpecific":false},"transactionSequenceNumber":25,"commandIdentifier":11}]
[2026-02-02 22:00:52] debug: 	zh:ember:ezsp: ===> [FRAME: ID=52:"SEND_UNICAST" Seq=70 Len=26]
[2026-02-02 22:00:52] debug: 	zh:ember:uart:ash: ---> [FRAME type=DATA frmTx=6 frmRx=7](ackRx=6)
[2026-02-02 22:00:52] debug: 	z2m: Received Zigbee message from 'IKEA Tradfri Switch 1', type 'commandTradfriArrowSingle', cluster 'genScenes', data '{"value":256,"value2":13}' from endpoint 1 with groupID 0
[2026-02-02 22:00:52] info: 	z2m:mqtt: MQTT publish: topic 'zigbee2mqtt/IKEA Tradfri Switch 1', payload '{"action":"arrow_right_click","battery":100,"identify":null,"linkquality":120,"update":{"installed_version":33816598,"latest_version":33816598,"state":"idle"}}'
[2026-02-02 22:00:52] info: 	z2m:mqtt: MQTT publish: topic 'zigbee2mqtt/IKEA Tradfri Switch 1/action', payload 'arrow_right_click'
[2026-02-02 22:00:52] debug: 	zh:ember:uart:ash: <--- [FRAME type=DATA]
[2026-02-02 22:00:52] debug: 	zh:ember:uart:ash: <--- [FRAME type=DATA ackNum=6](ackRx=6 frmTx=7)
[2026-02-02 22:00:52] debug: 	zh:ember:uart:ash: <--- [FRAME type=DATA ackNum=6 frmNum=7](frmRx=7) Added to rxQueue
[2026-02-02 22:00:52] debug: 	zh:ember:uart:ash: ---> [FRAME type=ACK frmRx=0](ackRx=6)
[2026-02-02 22:00:52] debug: 	zh:ember:ezsp: <=== [CBFRAME: ID=69:"INCOMING_MESSAGE_HANDLER" Seq=69 Len=28]
[2026-02-02 22:00:52] debug: 	zh:ember:ezsp: ezspIncomingMessageHandler: type=UNICAST apsFrame={"profileId":260,"clusterId":6,"sourceEndpoint":1,"destinationEndpoint":1,"options":256,"groupId":0,"sequence":130} packetInfo:{"senderShortId":10078,"senderLongId":"0xffffffffffffffff","bindingIndex":255,"addressIndex":255,"lastHopLqi":116,"lastHopRssi":-71,"lastHopTimestamp":0} messageContents=011a01
[2026-02-02 22:00:52] debug: 	zh:controller: Received payload: clusterID=6, address=10078, groupID=0, endpoint=1, destinationEndpoint=1, wasBroadcast=false, linkQuality=116, frame={"header":{"frameControl":{"frameType":1,"manufacturerSpecific":false,"direction":0,"disableDefaultResponse":false,"reservedBits":0},"transactionSequenceNumber":26,"commandIdentifier":1},"payload":{},"command":{"ID":1,"parameters":[],"required":true,"name":"on"}}
[2026-02-02 22:00:52] debug: 	zh:controller:endpoint: ZCL command 0x30fb10fffe4c12d6/1 genOnOff.defaultRsp({"cmdId":1,"statusCode":0}, {"timeout":10000,"disableResponse":false,"disableRecovery":false,"disableDefaultResponse":true,"direction":1,"reservedBits":0,"transactionSequenceNumber":26,"writeUndiv":false})
[2026-02-02 22:00:52] debug: 	zh:controller:endpoint: Request Queue (0x30fb10fffe4c12d6/1): send defaultRsp request immediately (sendPolicy=undefined)
[2026-02-02 22:00:52] debug: 	z2m: Received Zigbee message from 'IKEA Tradfri Switch 1', type 'commandOn', cluster 'genOnOff', data '{}' from endpoint 1 with groupID 0
[2026-02-02 22:00:52] info: 	z2m:mqtt: MQTT publish: topic 'zigbee2mqtt/IKEA Tradfri Switch 1', payload '{"action":"on","battery":100,"identify":null,"linkquality":116,"update":{"installed_version":33816598,"latest_version":33816598,"state":"idle"}}'
[2026-02-02 22:00:52] info: 	z2m:mqtt: MQTT publish: topic 'zigbee2mqtt/IKEA Tradfri Switch 1/action', payload 'on'
[2026-02-02 22:00:52] debug: 	zh:ember:uart:ash: <--- [FRAME type=DATA]
[2026-02-02 22:00:52] debug: 	zh:ember:uart:ash: <--- [FRAME type=DATA ackNum=7](ackRx=6 frmTx=7)
[2026-02-02 22:00:52] debug: 	zh:ember:uart:ash: <--- [FRAME type=DATA ackNum=7 frmNum=0](frmRx=0) Added to rxQueue
[2026-02-02 22:00:52] debug: 	zh:ember:uart:ash: ---> [FRAME type=ACK frmRx=1](ackRx=7)
[2026-02-02 22:00:52] debug: 	zh:ember:uart:ash: <--- [FRAME type=DATA]
[2026-02-02 22:00:52] debug: 	zh:ember:uart:ash: <--- [FRAME type=DATA ackNum=7](ackRx=7 frmTx=7)
[2026-02-02 22:00:52] debug: 	zh:ember:uart:ash: <--- [FRAME type=DATA ackNum=7 frmNum=1](frmRx=1) Added to rxQueue
[2026-02-02 22:00:52] debug: 	zh:ember:uart:ash: ---> [FRAME type=ACK frmRx=2](ackRx=7)
[2026-02-02 22:00:52] debug: 	zh:ember:ezsp: <=== [FRAME: ID=52:"SEND_UNICAST" Seq=70 Len=7]
[2026-02-02 22:00:52] debug: 	zh:ember:ezsp: ~~~> [SENT type=DIRECT apsSequence=65 messageTag=37 status=OK]
[2026-02-02 22:00:52] debug: 	zh:ember: ~~~> [ZCL to=0x30fb10fffe4c12d6:10078 apsFrame={"profileId":260,"clusterId":6,"sourceEndpoint":1,"destinationEndpoint":1,"options":4352,"groupId":0,"sequence":0} header={"frameControl":{"reservedBits":0,"frameType":0,"direction":1,"disableDefaultResponse":true,"manufacturerSpecific":false},"transactionSequenceNumber":26,"commandIdentifier":11}]
[2026-02-02 22:00:52] debug: 	zh:ember:ezsp: ===> [FRAME: ID=52:"SEND_UNICAST" Seq=71 Len=26]
[2026-02-02 22:00:52] debug: 	zh:ember:uart:ash: ---> [FRAME type=DATA frmTx=7 frmRx=2](ackRx=7)
[2026-02-02 22:00:52] debug: 	zh:ember:ezsp: <=== [CBFRAME: ID=63:"MESSAGE_SENT_HANDLER" Seq=70 Len=22]
[2026-02-02 22:00:52] debug: 	zh:ember:ezsp: ezspMessageSentHandler: status=OK type=DIRECT indexOrDestination=10078 apsFrame={"profileId":260,"clusterId":5,"sourceEndpoint":1,"destinationEndpoint":1,"options":4352,"groupId":0,"sequence":65} messageTag=37
[2026-02-02 22:00:52] debug: 	zh:ember:uart:ash: <--- [FRAME type=DATA]
[2026-02-02 22:00:52] debug: 	zh:ember:uart:ash: <--- [FRAME type=DATA ackNum=0](ackRx=7 frmTx=0)
[2026-02-02 22:00:52] debug: 	zh:ember:uart:ash: <--- [FRAME type=DATA ackNum=0 frmNum=2](frmRx=2) Added to rxQueue
[2026-02-02 22:00:52] debug: 	zh:ember:uart:ash: ---> [FRAME type=ACK frmRx=3](ackRx=0)
[2026-02-02 22:00:52] debug: 	zh:ember:ezsp: <=== [FRAME: ID=52:"SEND_UNICAST" Seq=71 Len=7]
[2026-02-02 22:00:52] debug: 	zh:ember:ezsp: ~~~> [SENT type=DIRECT apsSequence=66 messageTag=38 status=OK]
[2026-02-02 22:00:52] debug: 	zh:ember:uart:ash: <--- [FRAME type=DATA]
[2026-02-02 22:00:52] debug: 	zh:ember:uart:ash: <--- [FRAME type=DATA ackNum=0](ackRx=0 frmTx=0)
[2026-02-02 22:00:52] debug: 	zh:ember:uart:ash: <--- [FRAME type=DATA ackNum=0 frmNum=3](frmRx=3) Added to rxQueue
[2026-02-02 22:00:52] debug: 	zh:ember:uart:ash: ---> [FRAME type=ACK frmRx=4](ackRx=0)
[2026-02-02 22:00:52] debug: 	zh:ember:ezsp: <=== [CBFRAME: ID=63:"MESSAGE_SENT_HANDLER" Seq=71 Len=22]
[2026-02-02 22:00:52] debug: 	zh:ember:ezsp: ezspMessageSentHandler: status=OK type=DIRECT indexOrDestination=10078 apsFrame={"profileId":260,"clusterId":6,"sourceEndpoint":1,"destinationEndpoint":1,"options":4352,"groupId":0,"sequence":66} messageTag=38
[2026-02-02 22:00:52] debug: 	z2m:mqtt: Received MQTT message on 'zigbee2mqtt/Tuya Connected Outlet/set' with data 'ON'
[2026-02-02 22:00:52] debug: 	z2m: Publishing 'set' 'state' to 'Tuya Connected Outlet'
[2026-02-02 22:00:52] debug: 	zh:controller:endpoint: ZCL command 0xa4c138247a1a948b/1 genOnOff.on({}, {"timeout":10000,"disableResponse":false,"disableRecovery":false,"disableDefaultResponse":false,"direction":0,"reservedBits":0,"writeUndiv":false})
[2026-02-02 22:00:52] debug: 	zh:ember: ~~~> [ZCL to=0xa4c138247a1a948b:7447 apsFrame={"profileId":260,"clusterId":6,"sourceEndpoint":1,"destinationEndpoint":1,"options":4416,"groupId":0,"sequence":0} header={"frameControl":{"reservedBits":0,"frameType":1,"direction":0,"disableDefaultResponse":false,"manufacturerSpecific":false},"transactionSequenceNumber":7,"commandIdentifier":1}]
[2026-02-02 22:00:52] debug: 	zh:ember:ezsp: ===> [FRAME: ID=52:"SEND_UNICAST" Seq=72 Len=24]
[2026-02-02 22:00:52] debug: 	zh:ember:uart:ash: ---> [FRAME type=DATA frmTx=0 frmRx=4](ackRx=0)
[2026-02-02 22:00:52] debug: 	zh:ember:uart:ash: <--- [FRAME type=DATA]
[2026-02-02 22:00:52] debug: 	zh:ember:uart:ash: <--- [FRAME type=DATA ackNum=1](ackRx=0 frmTx=1)
[2026-02-02 22:00:52] debug: 	zh:ember:uart:ash: <--- [FRAME type=DATA ackNum=1 frmNum=4](frmRx=4) Added to rxQueue
[2026-02-02 22:00:52] debug: 	zh:ember:uart:ash: ---> [FRAME type=ACK frmRx=5](ackRx=1)
[2026-02-02 22:00:52] debug: 	zh:ember:ezsp: <=== [FRAME: ID=52:"SEND_UNICAST" Seq=72 Len=7]
[2026-02-02 22:00:52] debug: 	zh:ember:ezsp: ~~~> [SENT type=DIRECT apsSequence=67 messageTag=39 status=OK]
[2026-02-02 22:00:52] debug: 	zh:ember:uart:ash: <--- [FRAME type=DATA]
[2026-02-02 22:00:52] debug: 	zh:ember:uart:ash: <--- [FRAME type=DATA ackNum=1](ackRx=1 frmTx=1)
[2026-02-02 22:00:52] debug: 	zh:ember:uart:ash: <--- [FRAME type=DATA ackNum=1 frmNum=5](frmRx=5) Added to rxQueue
[2026-02-02 22:00:52] debug: 	zh:ember:uart:ash: ---> [FRAME type=ACK frmRx=6](ackRx=1)
[2026-02-02 22:00:52] debug: 	zh:ember:ezsp: <=== [CBFRAME: ID=63:"MESSAGE_SENT_HANDLER" Seq=72 Len=22]
[2026-02-02 22:00:52] debug: 	zh:ember:ezsp: ezspMessageSentHandler: status=OK type=DIRECT indexOrDestination=7447 apsFrame={"profileId":260,"clusterId":6,"sourceEndpoint":1,"destinationEndpoint":1,"options":4416,"groupId":0,"sequence":67} messageTag=39
[2026-02-02 22:00:52] debug: 	zh:ember:uart:ash: <--- [FRAME type=DATA]
[2026-02-02 22:00:52] debug: 	zh:ember:uart:ash: <--- [FRAME type=DATA ackNum=1](ackRx=1 frmTx=1)
[2026-02-02 22:00:52] debug: 	zh:ember:uart:ash: <--- [FRAME type=DATA ackNum=1 frmNum=6](frmRx=6) Added to rxQueue
[2026-02-02 22:00:52] debug: 	zh:ember:uart:ash: ---> [FRAME type=ACK frmRx=7](ackRx=1)
[2026-02-02 22:00:52] debug: 	zh:ember:ezsp: <=== [CBFRAME: ID=69:"INCOMING_MESSAGE_HANDLER" Seq=72 Len=30]
[2026-02-02 22:00:52] debug: 	zh:ember:ezsp: ezspIncomingMessageHandler: type=UNICAST apsFrame={"profileId":260,"clusterId":6,"sourceEndpoint":1,"destinationEndpoint":1,"options":320,"groupId":0,"sequence":12} packetInfo:{"senderShortId":7447,"senderLongId":"0xffffffffffffffff","bindingIndex":255,"addressIndex":255,"lastHopLqi":148,"lastHopRssi":-63,"lastHopTimestamp":0} messageContents=18070b0100
[2026-02-02 22:00:52] debug: 	zh:controller: Received payload: clusterID=6, address=7447, groupID=0, endpoint=1, destinationEndpoint=1, wasBroadcast=false, linkQuality=148, frame={"header":{"frameControl":{"frameType":0,"manufacturerSpecific":false,"direction":1,"disableDefaultResponse":true,"reservedBits":0},"transactionSequenceNumber":7,"commandIdentifier":11},"payload":{"cmdId":1,"statusCode":0},"command":{"ID":11,"name":"defaultRsp","parameters":[{"name":"cmdId","type":8},{"name":"statusCode","type":48}]}}
[2026-02-02 22:00:52] info: 	z2m:mqtt: MQTT publish: topic 'zigbee2mqtt/Tuya Connected Outlet', payload '{"child_lock":"UNLOCK","countdown":0,"current":0,"energy":28.22,"indicator_mode":"off/on","linkquality":148,"power":1,"power_outage_memory":"off","state":"ON","update":{"installed_version":268514823,"latest_version":268514823,"state":"idle"},"voltage":235}'
[2026-02-02 22:00:52] debug: 	zh:ember:uart:ash: <--- [FRAME type=DATA]
[2026-02-02 22:00:52] debug: 	zh:ember:uart:ash: <--- [FRAME type=DATA ackNum=1](ackRx=1 frmTx=1)
[2026-02-02 22:00:52] debug: 	zh:ember:uart:ash: <--- [FRAME type=DATA ackNum=1 frmNum=7](frmRx=7) Added to rxQueue
[2026-02-02 22:00:52] debug: 	zh:ember:uart:ash: ---> [FRAME type=ACK frmRx=0](ackRx=1)
[2026-02-02 22:00:52] debug: 	zh:ember:ezsp: <=== [CBFRAME: ID=69:"INCOMING_MESSAGE_HANDLER" Seq=72 Len=32]
[2026-02-02 22:00:52] debug: 	zh:ember:ezsp: ezspIncomingMessageHandler: type=UNICAST apsFrame={"profileId":260,"clusterId":6,"sourceEndpoint":1,"destinationEndpoint":1,"options":256,"groupId":0,"sequence":13} packetInfo:{"senderShortId":7447,"senderLongId":"0xffffffffffffffff","bindingIndex":255,"addressIndex":255,"lastHopLqi":148,"lastHopRssi":-63,"lastHopTimestamp":0} messageContents=188d0a00001001
[2026-02-02 22:00:52] debug: 	zh:controller: Received payload: clusterID=6, address=7447, groupID=0, endpoint=1, destinationEndpoint=1, wasBroadcast=false, linkQuality=148, frame={"header":{"frameControl":{"frameType":0,"manufacturerSpecific":false,"direction":1,"disableDefaultResponse":true,"reservedBits":0},"transactionSequenceNumber":141,"commandIdentifier":10},"payload":[{"attrId":0,"dataType":16,"attrData":1}],"command":{"ID":10,"name":"report","parameters":[{"name":"attrId","type":9},{"name":"dataType","type":8},{"name":"attrData","type":1000}]}}
[2026-02-02 22:00:52] debug: 	z2m: Received Zigbee message from 'Tuya Connected Outlet', type 'attributeReport', cluster 'genOnOff', data '{"onOff":1}' from endpoint 1 with groupID 0
[2026-02-02 22:00:52] info: 	z2m:mqtt: MQTT publish: topic 'zigbee2mqtt/Tuya Connected Outlet', payload '{"child_lock":"UNLOCK","countdown":0,"current":0,"energy":28.22,"indicator_mode":"off/on","linkquality":148,"power":1,"power_outage_memory":"off","state":"ON","update":{"installed_version":268514823,"latest_version":268514823,"state":"idle"},"voltage":235}'
[2026-02-02 22:00:53] debug: 	zh:ember:uart:ash: <--- [FRAME type=DATA]
[2026-02-02 22:00:53] debug: 	zh:ember:uart:ash: <--- [FRAME type=DATA ackNum=1](ackRx=1 frmTx=1)
[2026-02-02 22:00:53] debug: 	zh:ember:uart:ash: <--- [FRAME type=DATA ackNum=1 frmNum=0](frmRx=0) Added to rxQueue
[2026-02-02 22:00:53] debug: 	zh:ember:uart:ash: ---> [FRAME type=ACK frmRx=1](ackRx=1)
[2026-02-02 22:00:53] debug: 	zh:ember:ezsp: <=== [CBFRAME: ID=69:"INCOMING_MESSAGE_HANDLER" Seq=72 Len=33]
[2026-02-02 22:00:53] debug: 	zh:ember:ezsp: ezspIncomingMessageHandler: type=UNICAST apsFrame={"profileId":260,"clusterId":2820,"sourceEndpoint":1,"destinationEndpoint":1,"options":256,"groupId":0,"sequence":14} packetInfo:{"senderShortId":7447,"senderLongId":"0xffffffffffffffff","bindingIndex":255,"addressIndex":255,"lastHopLqi":152,"lastHopRssi":-62,"lastHopTimestamp":0} messageContents=188e0a0b05213900
[2026-02-02 22:00:53] debug: 	zh:controller: Received payload: clusterID=2820, address=7447, groupID=0, endpoint=1, destinationEndpoint=1, wasBroadcast=false, linkQuality=152, frame={"header":{"frameControl":{"frameType":0,"manufacturerSpecific":false,"direction":1,"disableDefaultResponse":true,"reservedBits":0},"transactionSequenceNumber":142,"commandIdentifier":10},"payload":[{"attrId":1291,"dataType":33,"attrData":57}],"command":{"ID":10,"name":"report","parameters":[{"name":"attrId","type":9},{"name":"dataType","type":8},{"name":"attrData","type":1000}]}}
[2026-02-02 22:00:53] debug: 	z2m: Received Zigbee message from 'Tuya Connected Outlet', type 'attributeReport', cluster 'haElectricalMeasurement', data '{"activePower":57}' from endpoint 1 with groupID 0
[2026-02-02 22:00:53] info: 	z2m:mqtt: MQTT publish: topic 'zigbee2mqtt/Tuya Connected Outlet', payload '{"child_lock":"UNLOCK","countdown":0,"current":0,"energy":28.22,"indicator_mode":"off/on","linkquality":152,"power":57,"power_outage_memory":"off","state":"ON","update":{"installed_version":268514823,"latest_version":268514823,"state":"idle"},"voltage":235}'
[2026-02-02 22:00:54] debug: 	zh:ember:uart:ash: <--- [FRAME type=DATA]
[2026-02-02 22:00:54] debug: 	zh:ember:uart:ash: <--- [FRAME type=DATA ackNum=1](ackRx=1 frmTx=1)
[2026-02-02 22:00:54] debug: 	zh:ember:uart:ash: <--- [FRAME type=DATA ackNum=1 frmNum=1](frmRx=1) Added to rxQueue
[2026-02-02 22:00:54] debug: 	zh:ember:uart:ash: ---> [FRAME type=ACK frmRx=2](ackRx=1)
[2026-02-02 22:00:54] debug: 	zh:ember:ezsp: <=== [CBFRAME: ID=69:"INCOMING_MESSAGE_HANDLER" Seq=72 Len=33]
[2026-02-02 22:00:54] debug: 	zh:ember:ezsp: ezspIncomingMessageHandler: type=UNICAST apsFrame={"profileId":260,"clusterId":2820,"sourceEndpoint":1,"destinationEndpoint":1,"options":256,"groupId":0,"sequence":15} packetInfo:{"senderShortId":7447,"senderLongId":"0xffffffffffffffff","bindingIndex":255,"addressIndex":255,"lastHopLqi":152,"lastHopRssi":-62,"lastHopTimestamp":0} messageContents=188f0a0b05212500
[2026-02-02 22:00:54] debug: 	zh:controller: Received payload: clusterID=2820, address=7447, groupID=0, endpoint=1, destinationEndpoint=1, wasBroadcast=false, linkQuality=152, frame={"header":{"frameControl":{"frameType":0,"manufacturerSpecific":false,"direction":1,"disableDefaultResponse":true,"reservedBits":0},"transactionSequenceNumber":143,"commandIdentifier":10},"payload":[{"attrId":1291,"dataType":33,"attrData":37}],"command":{"ID":10,"name":"report","parameters":[{"name":"attrId","type":9},{"name":"dataType","type":8},{"name":"attrData","type":1000}]}}
[2026-02-02 22:00:54] debug: 	z2m: Received Zigbee message from 'Tuya Connected Outlet', type 'attributeReport', cluster 'haElectricalMeasurement', data '{"activePower":37}' from endpoint 1 with groupID 0
[2026-02-02 22:00:54] info: 	z2m:mqtt: MQTT publish: topic 'zigbee2mqtt/Tuya Connected Outlet', payload '{"child_lock":"UNLOCK","countdown":0,"current":0,"energy":28.22,"indicator_mode":"off/on","linkquality":152,"power":37,"power_outage_memory":"off","state":"ON","update":{"installed_version":268514823,"latest_version":268514823,"state":"idle"},"voltage":235}'
[2026-02-02 22:00:56] debug: 	zh:ember:uart:ash: <--- [FRAME type=DATA]
[2026-02-02 22:00:56] debug: 	zh:ember:uart:ash: <--- [FRAME type=DATA ackNum=1](ackRx=1 frmTx=1)
[2026-02-02 22:00:56] debug: 	zh:ember:uart:ash: <--- [FRAME type=DATA ackNum=1 frmNum=2](frmRx=2) Added to rxQueue
[2026-02-02 22:00:56] debug: 	zh:ember:uart:ash: ---> [FRAME type=ACK frmRx=3](ackRx=1)
[2026-02-02 22:00:56] debug: 	zh:ember:ezsp: <=== [CBFRAME: ID=125:"INCOMING_MANY_TO_ONE_ROUTE_REQUEST_HANDLER" Seq=72 Len=16]
[2026-02-02 22:00:56] debug: 	zh:ember:ezsp: ezspIncomingManyToOneRouteRequestHandler: source=40200 longId=0x842712fffedb8ddb cost=1
[2026-02-02 22:00:58] debug: 	z2m:mqtt: Received MQTT message on 'zigbee2mqtt/IKEA Tradfri Mittled Driver/set' with data '{"state":"ON"}'
[2026-02-02 22:00:58] debug: 	z2m: Publishing 'set' 'state' to 'IKEA Tradfri Mittled Driver'
[2026-02-02 22:00:58] debug: 	zh:controller:endpoint: ZCL command 0x842712fffedb8ddb/1 genOnOff.on({}, {"timeout":10000,"disableResponse":false,"disableRecovery":false,"disableDefaultResponse":false,"direction":0,"reservedBits":0,"writeUndiv":false})
[2026-02-02 22:00:58] debug: 	zh:ember: ~~~> [ZCL to=0x842712fffedb8ddb:40200 apsFrame={"profileId":260,"clusterId":6,"sourceEndpoint":1,"destinationEndpoint":1,"options":4416,"groupId":0,"sequence":0} header={"frameControl":{"reservedBits":0,"frameType":1,"direction":0,"disableDefaultResponse":false,"manufacturerSpecific":false},"transactionSequenceNumber":8,"commandIdentifier":1}]
[2026-02-02 22:00:58] debug: 	zh:ember:ezsp: ===> [FRAME: ID=52:"SEND_UNICAST" Seq=73 Len=24]
[2026-02-02 22:00:58] debug: 	zh:ember:uart:ash: ---> [FRAME type=DATA frmTx=1 frmRx=3](ackRx=1)
[2026-02-02 22:00:58] debug: 	zh:ember:uart:ash: <--- [FRAME type=DATA]
[2026-02-02 22:00:58] debug: 	zh:ember:uart:ash: <--- [FRAME type=DATA ackNum=2](ackRx=1 frmTx=2)
[2026-02-02 22:00:58] debug: 	zh:ember:uart:ash: <--- [FRAME type=DATA ackNum=2 frmNum=3](frmRx=3) Added to rxQueue
[2026-02-02 22:00:58] debug: 	zh:ember:uart:ash: ---> [FRAME type=ACK frmRx=4](ackRx=2)
[2026-02-02 22:00:58] debug: 	zh:ember:ezsp: <=== [FRAME: ID=52:"SEND_UNICAST" Seq=73 Len=7]
[2026-02-02 22:00:58] debug: 	zh:ember:ezsp: ~~~> [SENT type=DIRECT apsSequence=68 messageTag=40 status=OK]
[2026-02-02 22:00:58] debug: 	zh:ember:uart:ash: <--- [FRAME type=DATA]
[2026-02-02 22:00:58] debug: 	zh:ember:uart:ash: <--- [FRAME type=DATA ackNum=2](ackRx=2 frmTx=2)
[2026-02-02 22:00:58] debug: 	zh:ember:uart:ash: <--- [FRAME type=DATA ackNum=2 frmNum=4](frmRx=4) Added to rxQueue
[2026-02-02 22:00:58] debug: 	zh:ember:uart:ash: ---> [FRAME type=ACK frmRx=5](ackRx=2)
[2026-02-02 22:00:58] debug: 	zh:ember:ezsp: <=== [CBFRAME: ID=69:"INCOMING_MESSAGE_HANDLER" Seq=73 Len=30]
[2026-02-02 22:00:58] debug: 	zh:ember:ezsp: ezspIncomingMessageHandler: type=UNICAST apsFrame={"profileId":260,"clusterId":6,"sourceEndpoint":1,"destinationEndpoint":1,"options":64,"groupId":0,"sequence":103} packetInfo:{"senderShortId":40200,"senderLongId":"0xffffffffffffffff","bindingIndex":255,"addressIndex":255,"lastHopLqi":116,"lastHopRssi":-71,"lastHopTimestamp":0} messageContents=08080b0100
[2026-02-02 22:00:58] debug: 	zh:controller: Received payload: clusterID=6, address=40200, groupID=0, endpoint=1, destinationEndpoint=1, wasBroadcast=false, linkQuality=116, frame={"header":{"frameControl":{"frameType":0,"manufacturerSpecific":false,"direction":1,"disableDefaultResponse":false,"reservedBits":0},"transactionSequenceNumber":8,"commandIdentifier":11},"payload":{"cmdId":1,"statusCode":0},"command":{"ID":11,"name":"defaultRsp","parameters":[{"name":"cmdId","type":8},{"name":"statusCode","type":48}]}}
[2026-02-02 22:00:58] info: 	z2m:mqtt: MQTT publish: topic 'zigbee2mqtt/IKEA Tradfri Mittled Driver', payload '{"brightness":203,"effect":null,"identify":null,"level_config":{"on_level":"previous"},"linkquality":116,"power_on_behavior":null,"state":"ON","update":{"installed_version":16777220,"latest_version":16777220,"state":"idle"}}'
[2026-02-02 22:00:58] debug: 	zh:ember:uart:ash: <--- [FRAME type=DATA]
[2026-02-02 22:00:58] debug: 	zh:ember:uart:ash: <--- [FRAME type=DATA ackNum=2](ackRx=2 frmTx=2)
[2026-02-02 22:00:58] debug: 	zh:ember:uart:ash: <--- [FRAME type=DATA ackNum=2 frmNum=5](frmRx=5) Added to rxQueue
[2026-02-02 22:00:58] debug: 	zh:ember:uart:ash: ---> [FRAME type=ACK frmRx=6](ackRx=2)
[2026-02-02 22:00:58] debug: 	zh:ember:ezsp: <=== [CBFRAME: ID=63:"MESSAGE_SENT_HANDLER" Seq=73 Len=22]
[2026-02-02 22:00:58] debug: 	zh:ember:ezsp: ezspMessageSentHandler: status=OK type=DIRECT indexOrDestination=40200 apsFrame={"profileId":260,"clusterId":6,"sourceEndpoint":1,"destinationEndpoint":1,"options":4416,"groupId":0,"sequence":68} messageTag=40
[2026-02-02 22:00:59] debug: 	z2m:mqtt: Received MQTT message on 'zigbee2mqtt/IKEA Tradfri Mittled Driver/set' with data '{"state":"OFF"}'
[2026-02-02 22:00:59] debug: 	z2m: Publishing 'set' 'state' to 'IKEA Tradfri Mittled Driver'
[2026-02-02 22:00:59] debug: 	zh:controller:endpoint: ZCL command 0x842712fffedb8ddb/1 genOnOff.off({}, {"timeout":10000,"disableResponse":false,"disableRecovery":false,"disableDefaultResponse":false,"direction":0,"reservedBits":0,"writeUndiv":false})
[2026-02-02 22:00:59] debug: 	zh:ember: ~~~> [ZCL to=0x842712fffedb8ddb:40200 apsFrame={"profileId":260,"clusterId":6,"sourceEndpoint":1,"destinationEndpoint":1,"options":4416,"groupId":0,"sequence":0} header={"frameControl":{"reservedBits":0,"frameType":1,"direction":0,"disableDefaultResponse":false,"manufacturerSpecific":false},"transactionSequenceNumber":9,"commandIdentifier":0}]
[2026-02-02 22:00:59] debug: 	zh:ember:ezsp: ===> [FRAME: ID=52:"SEND_UNICAST" Seq=74 Len=24]
[2026-02-02 22:00:59] debug: 	zh:ember:uart:ash: ---> [FRAME type=DATA frmTx=2 frmRx=6](ackRx=2)
[2026-02-02 22:00:59] debug: 	zh:ember:uart:ash: <--- [FRAME type=DATA]
[2026-02-02 22:00:59] debug: 	zh:ember:uart:ash: <--- [FRAME type=DATA ackNum=3](ackRx=2 frmTx=3)
[2026-02-02 22:00:59] debug: 	zh:ember:uart:ash: <--- [FRAME type=DATA ackNum=3 frmNum=6](frmRx=6) Added to rxQueue
[2026-02-02 22:00:59] debug: 	zh:ember:uart:ash: ---> [FRAME type=ACK frmRx=7](ackRx=3)
[2026-02-02 22:00:59] debug: 	zh:ember:ezsp: <=== [FRAME: ID=52:"SEND_UNICAST" Seq=74 Len=7]
[2026-02-02 22:00:59] debug: 	zh:ember:ezsp: ~~~> [SENT type=DIRECT apsSequence=69 messageTag=41 status=OK]
[2026-02-02 22:00:59] debug: 	zh:ember:uart:ash: <--- [FRAME type=DATA]
[2026-02-02 22:00:59] debug: 	zh:ember:uart:ash: <--- [FRAME type=DATA ackNum=3](ackRx=3 frmTx=3)
[2026-02-02 22:00:59] debug: 	zh:ember:uart:ash: <--- [FRAME type=DATA ackNum=3 frmNum=7](frmRx=7) Added to rxQueue
[2026-02-02 22:00:59] debug: 	zh:ember:uart:ash: ---> [FRAME type=ACK frmRx=0](ackRx=3)
[2026-02-02 22:00:59] debug: 	zh:ember:ezsp: <=== [CBFRAME: ID=69:"INCOMING_MESSAGE_HANDLER" Seq=74 Len=30]
[2026-02-02 22:00:59] debug: 	zh:ember:ezsp: ezspIncomingMessageHandler: type=UNICAST apsFrame={"profileId":260,"clusterId":6,"sourceEndpoint":1,"destinationEndpoint":1,"options":64,"groupId":0,"sequence":104} packetInfo:{"senderShortId":40200,"senderLongId":"0xffffffffffffffff","bindingIndex":255,"addressIndex":255,"lastHopLqi":120,"lastHopRssi":-70,"lastHopTimestamp":0} messageContents=08090b0000
[2026-02-02 22:00:59] debug: 	zh:controller: Received payload: clusterID=6, address=40200, groupID=0, endpoint=1, destinationEndpoint=1, wasBroadcast=false, linkQuality=120, frame={"header":{"frameControl":{"frameType":0,"manufacturerSpecific":false,"direction":1,"disableDefaultResponse":false,"reservedBits":0},"transactionSequenceNumber":9,"commandIdentifier":11},"payload":{"cmdId":0,"statusCode":0},"command":{"ID":11,"name":"defaultRsp","parameters":[{"name":"cmdId","type":8},{"name":"statusCode","type":48}]}}
[2026-02-02 22:00:59] info: 	z2m:mqtt: MQTT publish: topic 'zigbee2mqtt/IKEA Tradfri Mittled Driver', payload '{"brightness":203,"effect":null,"identify":null,"level_config":{"on_level":"previous"},"linkquality":120,"power_on_behavior":null,"state":"OFF","update":{"installed_version":16777220,"latest_version":16777220,"state":"idle"}}'
[2026-02-02 22:00:59] debug: 	zh:ember:uart:ash: <--- [FRAME type=DATA]
[2026-02-02 22:00:59] debug: 	zh:ember:uart:ash: <--- [FRAME type=DATA ackNum=3](ackRx=3 frmTx=3)
[2026-02-02 22:00:59] debug: 	zh:ember:uart:ash: <--- [FRAME type=DATA ackNum=3 frmNum=0](frmRx=0) Added to rxQueue
[2026-02-02 22:00:59] debug: 	zh:ember:uart:ash: ---> [FRAME type=ACK frmRx=1](ackRx=3)
[2026-02-02 22:00:59] debug: 	zh:ember:ezsp: <=== [CBFRAME: ID=63:"MESSAGE_SENT_HANDLER" Seq=74 Len=22]
[2026-02-02 22:00:59] debug: 	zh:ember:ezsp: ezspMessageSentHandler: status=OK type=DIRECT indexOrDestination=40200 apsFrame={"profileId":260,"clusterId":6,"sourceEndpoint":1,"destinationEndpoint":1,"options":4416,"groupId":0,"sequence":69} messageTag=41
[2026-02-02 22:01:00] debug: 	z2m:mqtt: Received MQTT message on 'zigbee2mqtt/IKEA Tradfri Mittled Driver/set' with data '{"state":"ON"}'
[2026-02-02 22:01:00] debug: 	z2m: Publishing 'set' 'state' to 'IKEA Tradfri Mittled Driver'
[2026-02-02 22:01:00] debug: 	zh:controller:endpoint: ZCL command 0x842712fffedb8ddb/1 genOnOff.on({}, {"timeout":10000,"disableResponse":false,"disableRecovery":false,"disableDefaultResponse":false,"direction":0,"reservedBits":0,"writeUndiv":false})
[2026-02-02 22:01:00] debug: 	zh:ember: ~~~> [ZCL to=0x842712fffedb8ddb:40200 apsFrame={"profileId":260,"clusterId":6,"sourceEndpoint":1,"destinationEndpoint":1,"options":4416,"groupId":0,"sequence":0} header={"frameControl":{"reservedBits":0,"frameType":1,"direction":0,"disableDefaultResponse":false,"manufacturerSpecific":false},"transactionSequenceNumber":10,"commandIdentifier":1}]
[2026-02-02 22:01:00] debug: 	zh:ember:ezsp: ===> [FRAME: ID=52:"SEND_UNICAST" Seq=75 Len=24]
[2026-02-02 22:01:00] debug: 	zh:ember:uart:ash: ---> [FRAME type=DATA frmTx=3 frmRx=1](ackRx=3)
[2026-02-02 22:01:00] debug: 	zh:ember:uart:ash: <--- [FRAME type=DATA]
[2026-02-02 22:01:00] debug: 	zh:ember:uart:ash: <--- [FRAME type=DATA ackNum=4](ackRx=3 frmTx=4)
[2026-02-02 22:01:00] debug: 	zh:ember:uart:ash: <--- [FRAME type=DATA ackNum=4 frmNum=1](frmRx=1) Added to rxQueue
[2026-02-02 22:01:00] debug: 	zh:ember:uart:ash: ---> [FRAME type=ACK frmRx=2](ackRx=4)
[2026-02-02 22:01:00] debug: 	zh:ember:ezsp: <=== [FRAME: ID=52:"SEND_UNICAST" Seq=75 Len=7]
[2026-02-02 22:01:00] debug: 	zh:ember:ezsp: ~~~> [SENT type=DIRECT apsSequence=70 messageTag=42 status=OK]
[2026-02-02 22:01:00] debug: 	zh:ember:uart:ash: <--- [FRAME type=DATA]
[2026-02-02 22:01:00] debug: 	zh:ember:uart:ash: <--- [FRAME type=DATA ackNum=4](ackRx=4 frmTx=4)
[2026-02-02 22:01:00] debug: 	zh:ember:uart:ash: <--- [FRAME type=DATA ackNum=4 frmNum=2](frmRx=2) Added to rxQueue
[2026-02-02 22:01:00] debug: 	zh:ember:uart:ash: ---> [FRAME type=ACK frmRx=3](ackRx=4)
[2026-02-02 22:01:00] debug: 	zh:ember:ezsp: <=== [CBFRAME: ID=69:"INCOMING_MESSAGE_HANDLER" Seq=75 Len=30]
[2026-02-02 22:01:00] debug: 	zh:ember:ezsp: ezspIncomingMessageHandler: type=UNICAST apsFrame={"profileId":260,"clusterId":6,"sourceEndpoint":1,"destinationEndpoint":1,"options":64,"groupId":0,"sequence":105} packetInfo:{"senderShortId":40200,"senderLongId":"0xffffffffffffffff","bindingIndex":255,"addressIndex":255,"lastHopLqi":120,"lastHopRssi":-70,"lastHopTimestamp":0} messageContents=080a0b0100
[2026-02-02 22:01:00] debug: 	zh:controller: Received payload: clusterID=6, address=40200, groupID=0, endpoint=1, destinationEndpoint=1, wasBroadcast=false, linkQuality=120, frame={"header":{"frameControl":{"frameType":0,"manufacturerSpecific":false,"direction":1,"disableDefaultResponse":false,"reservedBits":0},"transactionSequenceNumber":10,"commandIdentifier":11},"payload":{"cmdId":1,"statusCode":0},"command":{"ID":11,"name":"defaultRsp","parameters":[{"name":"cmdId","type":8},{"name":"statusCode","type":48}]}}
[2026-02-02 22:01:00] info: 	z2m:mqtt: MQTT publish: topic 'zigbee2mqtt/IKEA Tradfri Mittled Driver', payload '{"brightness":203,"effect":null,"identify":null,"level_config":{"on_level":"previous"},"linkquality":120,"power_on_behavior":null,"state":"ON","update":{"installed_version":16777220,"latest_version":16777220,"state":"idle"}}'
[2026-02-02 22:01:00] debug: 	zh:ember:uart:ash: <--- [FRAME type=DATA]
[2026-02-02 22:01:00] debug: 	zh:ember:uart:ash: <--- [FRAME type=DATA ackNum=4](ackRx=4 frmTx=4)
[2026-02-02 22:01:00] debug: 	zh:ember:uart:ash: <--- [FRAME type=DATA ackNum=4 frmNum=3](frmRx=3) Added to rxQueue
[2026-02-02 22:01:00] debug: 	zh:ember:uart:ash: ---> [FRAME type=ACK frmRx=4](ackRx=4)
[2026-02-02 22:01:00] debug: 	zh:ember:ezsp: <=== [CBFRAME: ID=63:"MESSAGE_SENT_HANDLER" Seq=75 Len=22]
[2026-02-02 22:01:00] debug: 	zh:ember:ezsp: ezspMessageSentHandler: status=OK type=DIRECT indexOrDestination=40200 apsFrame={"profileId":260,"clusterId":6,"sourceEndpoint":1,"destinationEndpoint":1,"options":4416,"groupId":0,"sequence":70} messageTag=42
[2026-02-02 22:01:01] debug: 	z2m:mqtt: Received MQTT message on 'zigbee2mqtt/IKEA Tradfri Mittled Driver/set' with data '{"state":"OFF"}'
[2026-02-02 22:01:01] debug: 	z2m: Publishing 'set' 'state' to 'IKEA Tradfri Mittled Driver'
[2026-02-02 22:01:01] debug: 	zh:controller:endpoint: ZCL command 0x842712fffedb8ddb/1 genOnOff.off({}, {"timeout":10000,"disableResponse":false,"disableRecovery":false,"disableDefaultResponse":false,"direction":0,"reservedBits":0,"writeUndiv":false})
[2026-02-02 22:01:01] debug: 	zh:ember: ~~~> [ZCL to=0x842712fffedb8ddb:40200 apsFrame={"profileId":260,"clusterId":6,"sourceEndpoint":1,"destinationEndpoint":1,"options":4416,"groupId":0,"sequence":0} header={"frameControl":{"reservedBits":0,"frameType":1,"direction":0,"disableDefaultResponse":false,"manufacturerSpecific":false},"transactionSequenceNumber":11,"commandIdentifier":0}]
[2026-02-02 22:01:01] debug: 	zh:ember:ezsp: ===> [FRAME: ID=52:"SEND_UNICAST" Seq=76 Len=24]
[2026-02-02 22:01:01] debug: 	zh:ember:uart:ash: ---> [FRAME type=DATA frmTx=4 frmRx=4](ackRx=4)
[2026-02-02 22:01:01] debug: 	zh:ember:uart:ash: <--- [FRAME type=DATA]
[2026-02-02 22:01:01] debug: 	zh:ember:uart:ash: <--- [FRAME type=DATA ackNum=5](ackRx=4 frmTx=5)
[2026-02-02 22:01:01] debug: 	zh:ember:uart:ash: <--- [FRAME type=DATA ackNum=5 frmNum=4](frmRx=4) Added to rxQueue
[2026-02-02 22:01:01] debug: 	zh:ember:uart:ash: ---> [FRAME type=ACK frmRx=5](ackRx=5)
[2026-02-02 22:01:01] debug: 	zh:ember:ezsp: <=== [FRAME: ID=52:"SEND_UNICAST" Seq=76 Len=7]
[2026-02-02 22:01:01] debug: 	zh:ember:ezsp: ~~~> [SENT type=DIRECT apsSequence=71 messageTag=43 status=OK]
[2026-02-02 22:01:01] debug: 	zh:ember:uart:ash: <--- [FRAME type=DATA]
[2026-02-02 22:01:01] debug: 	zh:ember:uart:ash: <--- [FRAME type=DATA ackNum=5](ackRx=5 frmTx=5)
[2026-02-02 22:01:01] debug: 	zh:ember:uart:ash: <--- [FRAME type=DATA ackNum=5 frmNum=5](frmRx=5) Added to rxQueue
[2026-02-02 22:01:01] debug: 	zh:ember:uart:ash: ---> [FRAME type=ACK frmRx=6](ackRx=5)
[2026-02-02 22:01:01] debug: 	zh:ember:ezsp: <=== [CBFRAME: ID=69:"INCOMING_MESSAGE_HANDLER" Seq=76 Len=30]
[2026-02-02 22:01:01] debug: 	zh:ember:ezsp: ezspIncomingMessageHandler: type=UNICAST apsFrame={"profileId":260,"clusterId":6,"sourceEndpoint":1,"destinationEndpoint":1,"options":64,"groupId":0,"sequence":106} packetInfo:{"senderShortId":40200,"senderLongId":"0xffffffffffffffff","bindingIndex":255,"addressIndex":255,"lastHopLqi":120,"lastHopRssi":-70,"lastHopTimestamp":0} messageContents=080b0b0000
[2026-02-02 22:01:02] debug: 	zh:controller: Received payload: clusterID=6, address=40200, groupID=0, endpoint=1, destinationEndpoint=1, wasBroadcast=false, linkQuality=120, frame={"header":{"frameControl":{"frameType":0,"manufacturerSpecific":false,"direction":1,"disableDefaultResponse":false,"reservedBits":0},"transactionSequenceNumber":11,"commandIdentifier":11},"payload":{"cmdId":0,"statusCode":0},"command":{"ID":11,"name":"defaultRsp","parameters":[{"name":"cmdId","type":8},{"name":"statusCode","type":48}]}}
[2026-02-02 22:01:02] info: 	z2m:mqtt: MQTT publish: topic 'zigbee2mqtt/IKEA Tradfri Mittled Driver', payload '{"brightness":203,"effect":null,"identify":null,"level_config":{"on_level":"previous"},"linkquality":120,"power_on_behavior":null,"state":"OFF","update":{"installed_version":16777220,"latest_version":16777220,"state":"idle"}}'
[2026-02-02 22:01:02] debug: 	zh:ember:uart:ash: <--- [FRAME type=DATA]
[2026-02-02 22:01:02] debug: 	zh:ember:uart:ash: <--- [FRAME type=DATA ackNum=5](ackRx=5 frmTx=5)
[2026-02-02 22:01:02] debug: 	zh:ember:uart:ash: <--- [FRAME type=DATA ackNum=5 frmNum=6](frmRx=6) Added to rxQueue
[2026-02-02 22:01:02] debug: 	zh:ember:uart:ash: ---> [FRAME type=ACK frmRx=7](ackRx=5)
[2026-02-02 22:01:02] debug: 	zh:ember:ezsp: <=== [CBFRAME: ID=63:"MESSAGE_SENT_HANDLER" Seq=76 Len=22]
[2026-02-02 22:01:02] debug: 	zh:ember:ezsp: ezspMessageSentHandler: status=OK type=DIRECT indexOrDestination=40200 apsFrame={"profileId":260,"clusterId":6,"sourceEndpoint":1,"destinationEndpoint":1,"options":4416,"groupId":0,"sequence":71} messageTag=43
[2026-02-02 22:01:09] debug: 	z2m:mqtt: Received MQTT message on 'zigbee2mqtt/IKEA Tradfri Mittled Driver/set' with data '{"state":"OFF"}'
[2026-02-02 22:01:09] debug: 	z2m: Publishing 'set' 'state' to 'IKEA Tradfri Mittled Driver'
[2026-02-02 22:01:09] debug: 	zh:controller:endpoint: ZCL command 0x842712fffedb8ddb/1 genOnOff.off({}, {"timeout":10000,"disableResponse":false,"disableRecovery":false,"disableDefaultResponse":false,"direction":0,"reservedBits":0,"writeUndiv":false})
[2026-02-02 22:01:09] debug: 	zh:ember: ~~~> [ZCL to=0x842712fffedb8ddb:40200 apsFrame={"profileId":260,"clusterId":6,"sourceEndpoint":1,"destinationEndpoint":1,"options":4416,"groupId":0,"sequence":0} header={"frameControl":{"reservedBits":0,"frameType":1,"direction":0,"disableDefaultResponse":false,"manufacturerSpecific":false},"transactionSequenceNumber":12,"commandIdentifier":0}]
[2026-02-02 22:01:09] debug: 	zh:ember:ezsp: ===> [FRAME: ID=52:"SEND_UNICAST" Seq=77 Len=24]
[2026-02-02 22:01:09] debug: 	zh:ember:uart:ash: ---> [FRAME type=DATA frmTx=5 frmRx=7](ackRx=5)
[2026-02-02 22:01:09] debug: 	zh:ember:uart:ash: <--- [FRAME type=DATA]
[2026-02-02 22:01:09] debug: 	zh:ember:uart:ash: <--- [FRAME type=DATA ackNum=6](ackRx=5 frmTx=6)
[2026-02-02 22:01:09] debug: 	zh:ember:uart:ash: <--- [FRAME type=DATA ackNum=6 frmNum=7](frmRx=7) Added to rxQueue
[2026-02-02 22:01:09] debug: 	zh:ember:uart:ash: ---> [FRAME type=ACK frmRx=0](ackRx=6)
[2026-02-02 22:01:09] debug: 	zh:ember:ezsp: <=== [FRAME: ID=52:"SEND_UNICAST" Seq=77 Len=7]
[2026-02-02 22:01:09] debug: 	zh:ember:ezsp: ~~~> [SENT type=DIRECT apsSequence=72 messageTag=44 status=OK]
[2026-02-02 22:01:09] debug: 	zh:ember:uart:ash: <--- [FRAME type=DATA]
[2026-02-02 22:01:09] debug: 	zh:ember:uart:ash: <--- [FRAME type=DATA ackNum=6](ackRx=6 frmTx=6)
[2026-02-02 22:01:09] debug: 	zh:ember:uart:ash: <--- [FRAME type=DATA ackNum=6 frmNum=0](frmRx=0) Added to rxQueue
[2026-02-02 22:01:09] debug: 	zh:ember:uart:ash: ---> [FRAME type=ACK frmRx=1](ackRx=6)
[2026-02-02 22:01:09] debug: 	zh:ember:ezsp: <=== [CBFRAME: ID=69:"INCOMING_MESSAGE_HANDLER" Seq=77 Len=30]
[2026-02-02 22:01:09] debug: 	zh:ember:ezsp: ezspIncomingMessageHandler: type=UNICAST apsFrame={"profileId":260,"clusterId":6,"sourceEndpoint":1,"destinationEndpoint":1,"options":64,"groupId":0,"sequence":107} packetInfo:{"senderShortId":40200,"senderLongId":"0xffffffffffffffff","bindingIndex":255,"addressIndex":255,"lastHopLqi":128,"lastHopRssi":-68,"lastHopTimestamp":0} messageContents=080c0b0000
[2026-02-02 22:01:09] debug: 	zh:controller: Received payload: clusterID=6, address=40200, groupID=0, endpoint=1, destinationEndpoint=1, wasBroadcast=false, linkQuality=128, frame={"header":{"frameControl":{"frameType":0,"manufacturerSpecific":false,"direction":1,"disableDefaultResponse":false,"reservedBits":0},"transactionSequenceNumber":12,"commandIdentifier":11},"payload":{"cmdId":0,"statusCode":0},"command":{"ID":11,"name":"defaultRsp","parameters":[{"name":"cmdId","type":8},{"name":"statusCode","type":48}]}}
[2026-02-02 22:01:09] info: 	z2m:mqtt: MQTT publish: topic 'zigbee2mqtt/IKEA Tradfri Mittled Driver', payload '{"brightness":203,"effect":null,"identify":null,"level_config":{"on_level":"previous"},"linkquality":128,"power_on_behavior":null,"state":"OFF","update":{"installed_version":16777220,"latest_version":16777220,"state":"idle"}}'
[2026-02-02 22:01:09] debug: 	zh:ember:uart:ash: <--- [FRAME type=DATA]
[2026-02-02 22:01:09] debug: 	zh:ember:uart:ash: <--- [FRAME type=DATA ackNum=6](ackRx=6 frmTx=6)
[2026-02-02 22:01:09] debug: 	zh:ember:uart:ash: <--- [FRAME type=DATA ackNum=6 frmNum=1](frmRx=1) Added to rxQueue
[2026-02-02 22:01:09] debug: 	zh:ember:uart:ash: ---> [FRAME type=ACK frmRx=2](ackRx=6)
[2026-02-02 22:01:09] debug: 	zh:ember:ezsp: <=== [CBFRAME: ID=63:"MESSAGE_SENT_HANDLER" Seq=77 Len=22]
[2026-02-02 22:01:09] debug: 	zh:ember:ezsp: ezspMessageSentHandler: status=OK type=DIRECT indexOrDestination=40200 apsFrame={"profileId":260,"clusterId":6,"sourceEndpoint":1,"destinationEndpoint":1,"options":4416,"groupId":0,"sequence":72} messageTag=44
[2026-02-02 22:01:10] debug: 	zh:ember:uart:ash: <--- [FRAME type=DATA]
[2026-02-02 22:01:10] debug: 	zh:ember:uart:ash: <--- [FRAME type=DATA ackNum=6](ackRx=6 frmTx=6)
[2026-02-02 22:01:10] debug: 	zh:ember:uart:ash: <--- [FRAME type=DATA ackNum=6 frmNum=2](frmRx=2) Added to rxQueue
[2026-02-02 22:01:10] debug: 	zh:ember:uart:ash: ---> [FRAME type=ACK frmRx=3](ackRx=6)
[2026-02-02 22:01:10] debug: 	zh:ember:ezsp: <=== [CBFRAME: ID=69:"INCOMING_MESSAGE_HANDLER" Seq=77 Len=33]
[2026-02-02 22:01:10] debug: 	zh:ember:ezsp: ezspIncomingMessageHandler: type=UNICAST apsFrame={"profileId":260,"clusterId":2820,"sourceEndpoint":1,"destinationEndpoint":1,"options":256,"groupId":0,"sequence":16} packetInfo:{"senderShortId":7447,"senderLongId":"0xffffffffffffffff","bindingIndex":255,"addressIndex":255,"lastHopLqi":152,"lastHopRssi":-62,"lastHopTimestamp":0} messageContents=18900a0b05211c00
[2026-02-02 22:01:10] debug: 	zh:controller: Received payload: clusterID=2820, address=7447, groupID=0, endpoint=1, destinationEndpoint=1, wasBroadcast=false, linkQuality=152, frame={"header":{"frameControl":{"frameType":0,"manufacturerSpecific":false,"direction":1,"disableDefaultResponse":true,"reservedBits":0},"transactionSequenceNumber":144,"commandIdentifier":10},"payload":[{"attrId":1291,"dataType":33,"attrData":28}],"command":{"ID":10,"name":"report","parameters":[{"name":"attrId","type":9},{"name":"dataType","type":8},{"name":"attrData","type":1000}]}}
[2026-02-02 22:01:10] debug: 	z2m: Received Zigbee message from 'Tuya Connected Outlet', type 'attributeReport', cluster 'haElectricalMeasurement', data '{"activePower":28}' from endpoint 1 with groupID 0
[2026-02-02 22:01:10] info: 	z2m:mqtt: MQTT publish: topic 'zigbee2mqtt/Tuya Connected Outlet', payload '{"child_lock":"UNLOCK","countdown":0,"current":0,"energy":28.22,"indicator_mode":"off/on","linkquality":152,"power":28,"power_outage_memory":"off","state":"ON","update":{"installed_version":268514823,"latest_version":268514823,"state":"idle"},"voltage":235}'
[2026-02-02 22:01:14] debug: 	z2m:mqtt: Received MQTT message on 'zigbee2mqtt/IKEA Tradfri Mittled Driver/set' with data '{"state":"ON"}'
[2026-02-02 22:01:14] debug: 	z2m: Publishing 'set' 'state' to 'IKEA Tradfri Mittled Driver'
[2026-02-02 22:01:14] debug: 	zh:controller:endpoint: ZCL command 0x842712fffedb8ddb/1 genOnOff.on({}, {"timeout":10000,"disableResponse":false,"disableRecovery":false,"disableDefaultResponse":false,"direction":0,"reservedBits":0,"writeUndiv":false})
[2026-02-02 22:01:14] debug: 	zh:ember: ~~~> [ZCL to=0x842712fffedb8ddb:40200 apsFrame={"profileId":260,"clusterId":6,"sourceEndpoint":1,"destinationEndpoint":1,"options":4416,"groupId":0,"sequence":0} header={"frameControl":{"reservedBits":0,"frameType":1,"direction":0,"disableDefaultResponse":false,"manufacturerSpecific":false},"transactionSequenceNumber":13,"commandIdentifier":1}]
[2026-02-02 22:01:14] debug: 	zh:ember:ezsp: ===> [FRAME: ID=52:"SEND_UNICAST" Seq=78 Len=24]
[2026-02-02 22:01:14] debug: 	zh:ember:uart:ash: ---> [FRAME type=DATA frmTx=6 frmRx=3](ackRx=6)
[2026-02-02 22:01:14] debug: 	z2m:mqtt: Received MQTT message on 'zigbee2mqtt/IKEA Tradfri Mittled Driver/set' with data '{"state":"ON"}'
[2026-02-02 22:01:14] debug: 	z2m: Publishing 'set' 'state' to 'IKEA Tradfri Mittled Driver'
[2026-02-02 22:01:14] debug: 	zh:controller:endpoint: ZCL command 0x842712fffedb8ddb/1 genOnOff.on({}, {"timeout":10000,"disableResponse":false,"disableRecovery":false,"disableDefaultResponse":false,"direction":0,"reservedBits":0,"writeUndiv":false})
[2026-02-02 22:01:14] debug: 	zh:ember:uart:ash: <--- [FRAME type=DATA]
[2026-02-02 22:01:14] debug: 	zh:ember:uart:ash: <--- [FRAME type=DATA ackNum=7](ackRx=6 frmTx=7)
[2026-02-02 22:01:14] debug: 	zh:ember:uart:ash: <--- [FRAME type=DATA ackNum=7 frmNum=3](frmRx=3) Added to rxQueue
[2026-02-02 22:01:14] debug: 	zh:ember:uart:ash: ---> [FRAME type=ACK frmRx=4](ackRx=7)
[2026-02-02 22:01:14] debug: 	zh:ember:ezsp: <=== [FRAME: ID=52:"SEND_UNICAST" Seq=78 Len=7]
[2026-02-02 22:01:14] debug: 	zh:ember:ezsp: ~~~> [SENT type=DIRECT apsSequence=73 messageTag=45 status=OK]
[2026-02-02 22:01:14] debug: 	zh:ember:uart:ash: <--- [FRAME type=DATA]
[2026-02-02 22:01:14] debug: 	zh:ember:uart:ash: <--- [FRAME type=DATA ackNum=7](ackRx=7 frmTx=7)
[2026-02-02 22:01:14] debug: 	zh:ember:uart:ash: <--- [FRAME type=DATA ackNum=7 frmNum=4](frmRx=4) Added to rxQueue
[2026-02-02 22:01:14] debug: 	zh:ember:uart:ash: ---> [FRAME type=ACK frmRx=5](ackRx=7)
[2026-02-02 22:01:14] debug: 	zh:ember:ezsp: <=== [CBFRAME: ID=69:"INCOMING_MESSAGE_HANDLER" Seq=78 Len=30]
[2026-02-02 22:01:14] debug: 	zh:ember:ezsp: ezspIncomingMessageHandler: type=UNICAST apsFrame={"profileId":260,"clusterId":6,"sourceEndpoint":1,"destinationEndpoint":1,"options":64,"groupId":0,"sequence":108} packetInfo:{"senderShortId":40200,"senderLongId":"0xffffffffffffffff","bindingIndex":255,"addressIndex":255,"lastHopLqi":120,"lastHopRssi":-70,"lastHopTimestamp":0} messageContents=080d0b0100
[2026-02-02 22:01:14] debug: 	zh:controller: Received payload: clusterID=6, address=40200, groupID=0, endpoint=1, destinationEndpoint=1, wasBroadcast=false, linkQuality=120, frame={"header":{"frameControl":{"frameType":0,"manufacturerSpecific":false,"direction":1,"disableDefaultResponse":false,"reservedBits":0},"transactionSequenceNumber":13,"commandIdentifier":11},"payload":{"cmdId":1,"statusCode":0},"command":{"ID":11,"name":"defaultRsp","parameters":[{"name":"cmdId","type":8},{"name":"statusCode","type":48}]}}
[2026-02-02 22:01:14] debug: 	zh:ember: ~~~> [ZCL to=0x842712fffedb8ddb:40200 apsFrame={"profileId":260,"clusterId":6,"sourceEndpoint":1,"destinationEndpoint":1,"options":4416,"groupId":0,"sequence":0} header={"frameControl":{"reservedBits":0,"frameType":1,"direction":0,"disableDefaultResponse":false,"manufacturerSpecific":false},"transactionSequenceNumber":14,"commandIdentifier":1}]
[2026-02-02 22:01:14] debug: 	zh:ember:ezsp: ===> [FRAME: ID=52:"SEND_UNICAST" Seq=79 Len=24]
[2026-02-02 22:01:14] debug: 	zh:ember:uart:ash: ---> [FRAME type=DATA frmTx=7 frmRx=5](ackRx=7)
[2026-02-02 22:01:14] info: 	z2m:mqtt: MQTT publish: topic 'zigbee2mqtt/IKEA Tradfri Mittled Driver', payload '{"brightness":203,"effect":null,"identify":null,"level_config":{"on_level":"previous"},"linkquality":120,"power_on_behavior":null,"state":"ON","update":{"installed_version":16777220,"latest_version":16777220,"state":"idle"}}'
[2026-02-02 22:01:14] debug: 	zh:ember:uart:ash: <--- [FRAME type=DATA]
[2026-02-02 22:01:14] debug: 	zh:ember:uart:ash: <--- [FRAME type=DATA ackNum=7](ackRx=7 frmTx=0)
[2026-02-02 22:01:14] debug: 	zh:ember:uart:ash: <--- [FRAME type=DATA ackNum=7 frmNum=5](frmRx=5) Added to rxQueue
[2026-02-02 22:01:14] debug: 	zh:ember:uart:ash: ---> [FRAME type=ACK frmRx=6](ackRx=7)
[2026-02-02 22:01:14] debug: 	zh:ember:ezsp: <=== [CBFRAME: ID=63:"MESSAGE_SENT_HANDLER" Seq=78 Len=22]
[2026-02-02 22:01:14] debug: 	zh:ember:ezsp: ezspMessageSentHandler: status=OK type=DIRECT indexOrDestination=40200 apsFrame={"profileId":260,"clusterId":6,"sourceEndpoint":1,"destinationEndpoint":1,"options":4416,"groupId":0,"sequence":73} messageTag=45
[2026-02-02 22:01:14] debug: 	zh:ember:uart:ash: <--- [FRAME type=DATA]
[2026-02-02 22:01:14] debug: 	zh:ember:uart:ash: <--- [FRAME type=DATA ackNum=0](ackRx=7 frmTx=0)
[2026-02-02 22:01:14] debug: 	zh:ember:uart:ash: <--- [FRAME type=DATA ackNum=0 frmNum=6](frmRx=6) Added to rxQueue
[2026-02-02 22:01:14] debug: 	zh:ember:uart:ash: ---> [FRAME type=ACK frmRx=7](ackRx=0)
[2026-02-02 22:01:14] debug: 	zh:ember:ezsp: <=== [FRAME: ID=52:"SEND_UNICAST" Seq=79 Len=7]
[2026-02-02 22:01:14] debug: 	zh:ember:ezsp: ~~~> [SENT type=DIRECT apsSequence=74 messageTag=46 status=OK]
[2026-02-02 22:01:14] debug: 	zh:ember:uart:ash: <--- [FRAME type=DATA]
[2026-02-02 22:01:14] debug: 	zh:ember:uart:ash: <--- [FRAME type=DATA ackNum=0](ackRx=0 frmTx=0)
[2026-02-02 22:01:14] debug: 	zh:ember:uart:ash: <--- [FRAME type=DATA ackNum=0 frmNum=7](frmRx=7) Added to rxQueue
[2026-02-02 22:01:14] debug: 	zh:ember:uart:ash: ---> [FRAME type=ACK frmRx=0](ackRx=0)
[2026-02-02 22:01:14] debug: 	zh:ember:ezsp: <=== [CBFRAME: ID=69:"INCOMING_MESSAGE_HANDLER" Seq=79 Len=30]
[2026-02-02 22:01:14] debug: 	zh:ember:ezsp: ezspIncomingMessageHandler: type=UNICAST apsFrame={"profileId":260,"clusterId":6,"sourceEndpoint":1,"destinationEndpoint":1,"options":64,"groupId":0,"sequence":109} packetInfo:{"senderShortId":40200,"senderLongId":"0xffffffffffffffff","bindingIndex":255,"addressIndex":255,"lastHopLqi":120,"lastHopRssi":-70,"lastHopTimestamp":0} messageContents=080e0b0100
[2026-02-02 22:01:14] debug: 	zh:controller: Received payload: clusterID=6, address=40200, groupID=0, endpoint=1, destinationEndpoint=1, wasBroadcast=false, linkQuality=120, frame={"header":{"frameControl":{"frameType":0,"manufacturerSpecific":false,"direction":1,"disableDefaultResponse":false,"reservedBits":0},"transactionSequenceNumber":14,"commandIdentifier":11},"payload":{"cmdId":1,"statusCode":0},"command":{"ID":11,"name":"defaultRsp","parameters":[{"name":"cmdId","type":8},{"name":"statusCode","type":48}]}}
[2026-02-02 22:01:14] info: 	z2m:mqtt: MQTT publish: topic 'zigbee2mqtt/IKEA Tradfri Mittled Driver', payload '{"brightness":203,"effect":null,"identify":null,"level_config":{"on_level":"previous"},"linkquality":120,"power_on_behavior":null,"state":"ON","update":{"installed_version":16777220,"latest_version":16777220,"state":"idle"}}'
[2026-02-02 22:01:14] debug: 	zh:ember:uart:ash: <--- [FRAME type=DATA]
[2026-02-02 22:01:14] debug: 	zh:ember:uart:ash: <--- [FRAME type=DATA ackNum=0](ackRx=0 frmTx=0)
[2026-02-02 22:01:14] debug: 	zh:ember:uart:ash: <--- [FRAME type=DATA ackNum=0 frmNum=0](frmRx=0) Added to rxQueue
[2026-02-02 22:01:14] debug: 	zh:ember:uart:ash: ---> [FRAME type=ACK frmRx=1](ackRx=0)
[2026-02-02 22:01:14] debug: 	zh:ember:ezsp: <=== [CBFRAME: ID=63:"MESSAGE_SENT_HANDLER" Seq=79 Len=22]
[2026-02-02 22:01:14] debug: 	zh:ember:ezsp: ezspMessageSentHandler: status=OK type=DIRECT indexOrDestination=40200 apsFrame={"profileId":260,"clusterId":6,"sourceEndpoint":1,"destinationEndpoint":1,"options":4416,"groupId":0,"sequence":74} messageTag=46
[2026-02-02 22:01:15] debug: 	zh:ember:uart:ash: <--- [FRAME type=DATA]
[2026-02-02 22:01:15] debug: 	zh:ember:uart:ash: <--- [FRAME type=DATA ackNum=0](ackRx=0 frmTx=0)
[2026-02-02 22:01:15] debug: 	zh:ember:uart:ash: <--- [FRAME type=DATA ackNum=0 frmNum=1](frmRx=1) Added to rxQueue
[2026-02-02 22:01:15] debug: 	zh:ember:uart:ash: ---> [FRAME type=ACK frmRx=2](ackRx=0)
[2026-02-02 22:01:15] debug: 	zh:ember:ezsp: <=== [CBFRAME: ID=69:"INCOMING_MESSAGE_HANDLER" Seq=79 Len=33]
[2026-02-02 22:01:15] debug: 	zh:ember:ezsp: ezspIncomingMessageHandler: type=UNICAST apsFrame={"profileId":260,"clusterId":2820,"sourceEndpoint":1,"destinationEndpoint":1,"options":256,"groupId":0,"sequence":17} packetInfo:{"senderShortId":7447,"senderLongId":"0xffffffffffffffff","bindingIndex":255,"addressIndex":255,"lastHopLqi":152,"lastHopRssi":-62,"lastHopTimestamp":0} messageContents=18910a0b05212400
[2026-02-02 22:01:15] debug: 	zh:controller: Received payload: clusterID=2820, address=7447, groupID=0, endpoint=1, destinationEndpoint=1, wasBroadcast=false, linkQuality=152, frame={"header":{"frameControl":{"frameType":0,"manufacturerSpecific":false,"direction":1,"disableDefaultResponse":true,"reservedBits":0},"transactionSequenceNumber":145,"commandIdentifier":10},"payload":[{"attrId":1291,"dataType":33,"attrData":36}],"command":{"ID":10,"name":"report","parameters":[{"name":"attrId","type":9},{"name":"dataType","type":8},{"name":"attrData","type":1000}]}}
[2026-02-02 22:01:15] debug: 	z2m: Received Zigbee message from 'Tuya Connected Outlet', type 'attributeReport', cluster 'haElectricalMeasurement', data '{"activePower":36}' from endpoint 1 with groupID 0
[2026-02-02 22:01:15] info: 	z2m:mqtt: MQTT publish: topic 'zigbee2mqtt/Tuya Connected Outlet', payload '{"child_lock":"UNLOCK","countdown":0,"current":0,"energy":28.22,"indicator_mode":"off/on","linkquality":152,"power":36,"power_outage_memory":"off","state":"ON","update":{"installed_version":268514823,"latest_version":268514823,"state":"idle"},"voltage":235}'
[2026-02-02 22:01:15] debug: 	z2m:mqtt: Received MQTT message on 'zigbee2mqtt/IKEA Tradfri Mittled Driver/set' with data '{"state":"OFF"}'
[2026-02-02 22:01:15] debug: 	z2m: Publishing 'set' 'state' to 'IKEA Tradfri Mittled Driver'
[2026-02-02 22:01:15] debug: 	zh:controller:endpoint: ZCL command 0x842712fffedb8ddb/1 genOnOff.off({}, {"timeout":10000,"disableResponse":false,"disableRecovery":false,"disableDefaultResponse":false,"direction":0,"reservedBits":0,"writeUndiv":false})
[2026-02-02 22:01:15] debug: 	zh:ember: ~~~> [ZCL to=0x842712fffedb8ddb:40200 apsFrame={"profileId":260,"clusterId":6,"sourceEndpoint":1,"destinationEndpoint":1,"options":4416,"groupId":0,"sequence":0} header={"frameControl":{"reservedBits":0,"frameType":1,"direction":0,"disableDefaultResponse":false,"manufacturerSpecific":false},"transactionSequenceNumber":15,"commandIdentifier":0}]
[2026-02-02 22:01:15] debug: 	zh:ember:ezsp: ===> [FRAME: ID=52:"SEND_UNICAST" Seq=80 Len=24]
[2026-02-02 22:01:15] debug: 	zh:ember:uart:ash: ---> [FRAME type=DATA frmTx=0 frmRx=2](ackRx=0)
[2026-02-02 22:01:15] debug: 	z2m:mqtt: Received MQTT message on 'zigbee2mqtt/IKEA Tradfri Mittled Driver/set' with data '{"state":"OFF"}'
[2026-02-02 22:01:15] debug: 	z2m: Publishing 'set' 'state' to 'IKEA Tradfri Mittled Driver'
[2026-02-02 22:01:15] debug: 	zh:controller:endpoint: ZCL command 0x842712fffedb8ddb/1 genOnOff.off({}, {"timeout":10000,"disableResponse":false,"disableRecovery":false,"disableDefaultResponse":false,"direction":0,"reservedBits":0,"writeUndiv":false})
[2026-02-02 22:01:15] debug: 	zh:ember:uart:ash: <--- [FRAME type=DATA]
[2026-02-02 22:01:15] debug: 	zh:ember:uart:ash: <--- [FRAME type=DATA ackNum=1](ackRx=0 frmTx=1)
[2026-02-02 22:01:15] debug: 	zh:ember:uart:ash: <--- [FRAME type=DATA ackNum=1 frmNum=2](frmRx=2) Added to rxQueue
[2026-02-02 22:01:15] debug: 	zh:ember:uart:ash: ---> [FRAME type=ACK frmRx=3](ackRx=1)
[2026-02-02 22:01:15] debug: 	zh:ember:ezsp: <=== [FRAME: ID=52:"SEND_UNICAST" Seq=80 Len=7]
[2026-02-02 22:01:15] debug: 	zh:ember:ezsp: ~~~> [SENT type=DIRECT apsSequence=75 messageTag=47 status=OK]
[2026-02-02 22:01:15] debug: 	zh:ember:uart:ash: <--- [FRAME type=DATA]
[2026-02-02 22:01:15] debug: 	zh:ember:uart:ash: <--- [FRAME type=DATA ackNum=1](ackRx=1 frmTx=1)
[2026-02-02 22:01:15] debug: 	zh:ember:uart:ash: <--- [FRAME type=DATA ackNum=1 frmNum=3](frmRx=3) Added to rxQueue
[2026-02-02 22:01:15] debug: 	zh:ember:uart:ash: ---> [FRAME type=ACK frmRx=4](ackRx=1)
[2026-02-02 22:01:15] debug: 	zh:ember:ezsp: <=== [CBFRAME: ID=69:"INCOMING_MESSAGE_HANDLER" Seq=80 Len=30]
[2026-02-02 22:01:15] debug: 	zh:ember:ezsp: ezspIncomingMessageHandler: type=UNICAST apsFrame={"profileId":260,"clusterId":6,"sourceEndpoint":1,"destinationEndpoint":1,"options":64,"groupId":0,"sequence":110} packetInfo:{"senderShortId":40200,"senderLongId":"0xffffffffffffffff","bindingIndex":255,"addressIndex":255,"lastHopLqi":120,"lastHopRssi":-70,"lastHopTimestamp":0} messageContents=080f0b0000
[2026-02-02 22:01:15] debug: 	zh:controller: Received payload: clusterID=6, address=40200, groupID=0, endpoint=1, destinationEndpoint=1, wasBroadcast=false, linkQuality=120, frame={"header":{"frameControl":{"frameType":0,"manufacturerSpecific":false,"direction":1,"disableDefaultResponse":false,"reservedBits":0},"transactionSequenceNumber":15,"commandIdentifier":11},"payload":{"cmdId":0,"statusCode":0},"command":{"ID":11,"name":"defaultRsp","parameters":[{"name":"cmdId","type":8},{"name":"statusCode","type":48}]}}
[2026-02-02 22:01:15] debug: 	zh:ember: ~~~> [ZCL to=0x842712fffedb8ddb:40200 apsFrame={"profileId":260,"clusterId":6,"sourceEndpoint":1,"destinationEndpoint":1,"options":4416,"groupId":0,"sequence":0} header={"frameControl":{"reservedBits":0,"frameType":1,"direction":0,"disableDefaultResponse":false,"manufacturerSpecific":false},"transactionSequenceNumber":16,"commandIdentifier":0}]
[2026-02-02 22:01:15] debug: 	zh:ember:ezsp: ===> [FRAME: ID=52:"SEND_UNICAST" Seq=81 Len=24]
[2026-02-02 22:01:15] debug: 	zh:ember:uart:ash: ---> [FRAME type=DATA frmTx=1 frmRx=4](ackRx=1)
[2026-02-02 22:01:15] info: 	z2m:mqtt: MQTT publish: topic 'zigbee2mqtt/IKEA Tradfri Mittled Driver', payload '{"brightness":203,"effect":null,"identify":null,"level_config":{"on_level":"previous"},"linkquality":120,"power_on_behavior":null,"state":"OFF","update":{"installed_version":16777220,"latest_version":16777220,"state":"idle"}}'
[2026-02-02 22:01:15] debug: 	zh:ember:uart:ash: <--- [FRAME type=DATA]
[2026-02-02 22:01:15] debug: 	zh:ember:uart:ash: <--- [FRAME type=DATA ackNum=1](ackRx=1 frmTx=2)
[2026-02-02 22:01:15] debug: 	zh:ember:uart:ash: <--- [FRAME type=DATA ackNum=1 frmNum=4](frmRx=4) Added to rxQueue
[2026-02-02 22:01:15] debug: 	zh:ember:uart:ash: ---> [FRAME type=ACK frmRx=5](ackRx=1)
[2026-02-02 22:01:15] debug: 	zh:ember:ezsp: <=== [CBFRAME: ID=63:"MESSAGE_SENT_HANDLER" Seq=80 Len=22]
[2026-02-02 22:01:15] debug: 	zh:ember:ezsp: ezspMessageSentHandler: status=OK type=DIRECT indexOrDestination=40200 apsFrame={"profileId":260,"clusterId":6,"sourceEndpoint":1,"destinationEndpoint":1,"options":4416,"groupId":0,"sequence":75} messageTag=47
[2026-02-02 22:01:15] debug: 	zh:ember:uart:ash: <--- [FRAME type=DATA]
[2026-02-02 22:01:15] debug: 	zh:ember:uart:ash: <--- [FRAME type=DATA ackNum=2](ackRx=1 frmTx=2)
[2026-02-02 22:01:15] debug: 	zh:ember:uart:ash: <--- [FRAME type=DATA ackNum=2 frmNum=5](frmRx=5) Added to rxQueue
[2026-02-02 22:01:15] debug: 	zh:ember:uart:ash: ---> [FRAME type=ACK frmRx=6](ackRx=2)
[2026-02-02 22:01:15] debug: 	zh:ember:ezsp: <=== [FRAME: ID=52:"SEND_UNICAST" Seq=81 Len=7]
[2026-02-02 22:01:15] debug: 	zh:ember:ezsp: ~~~> [SENT type=DIRECT apsSequence=76 messageTag=48 status=OK]
[2026-02-02 22:01:15] debug: 	zh:ember:uart:ash: <--- [FRAME type=DATA]
[2026-02-02 22:01:15] debug: 	zh:ember:uart:ash: <--- [FRAME type=DATA ackNum=2](ackRx=2 frmTx=2)
[2026-02-02 22:01:15] debug: 	zh:ember:uart:ash: <--- [FRAME type=DATA ackNum=2 frmNum=6](frmRx=6) Added to rxQueue
[2026-02-02 22:01:15] debug: 	zh:ember:uart:ash: ---> [FRAME type=ACK frmRx=7](ackRx=2)
[2026-02-02 22:01:15] debug: 	zh:ember:ezsp: <=== [CBFRAME: ID=69:"INCOMING_MESSAGE_HANDLER" Seq=81 Len=30]
[2026-02-02 22:01:15] debug: 	zh:ember:ezsp: ezspIncomingMessageHandler: type=UNICAST apsFrame={"profileId":260,"clusterId":6,"sourceEndpoint":1,"destinationEndpoint":1,"options":64,"groupId":0,"sequence":111} packetInfo:{"senderShortId":40200,"senderLongId":"0xffffffffffffffff","bindingIndex":255,"addressIndex":255,"lastHopLqi":120,"lastHopRssi":-70,"lastHopTimestamp":0} messageContents=08100b0000
[2026-02-02 22:01:15] debug: 	zh:controller: Received payload: clusterID=6, address=40200, groupID=0, endpoint=1, destinationEndpoint=1, wasBroadcast=false, linkQuality=120, frame={"header":{"frameControl":{"frameType":0,"manufacturerSpecific":false,"direction":1,"disableDefaultResponse":false,"reservedBits":0},"transactionSequenceNumber":16,"commandIdentifier":11},"payload":{"cmdId":0,"statusCode":0},"command":{"ID":11,"name":"defaultRsp","parameters":[{"name":"cmdId","type":8},{"name":"statusCode","type":48}]}}
[2026-02-02 22:01:15] info: 	z2m:mqtt: MQTT publish: topic 'zigbee2mqtt/IKEA Tradfri Mittled Driver', payload '{"brightness":203,"effect":null,"identify":null,"level_config":{"on_level":"previous"},"linkquality":120,"power_on_behavior":null,"state":"OFF","update":{"installed_version":16777220,"latest_version":16777220,"state":"idle"}}'
[2026-02-02 22:01:15] debug: 	zh:ember:uart:ash: <--- [FRAME type=DATA]
[2026-02-02 22:01:15] debug: 	zh:ember:uart:ash: <--- [FRAME type=DATA ackNum=2](ackRx=2 frmTx=2)
[2026-02-02 22:01:15] debug: 	zh:ember:uart:ash: <--- [FRAME type=DATA ackNum=2 frmNum=7](frmRx=7) Added to rxQueue
[2026-02-02 22:01:15] debug: 	zh:ember:uart:ash: ---> [FRAME type=ACK frmRx=0](ackRx=2)
[2026-02-02 22:01:15] debug: 	zh:ember:ezsp: <=== [CBFRAME: ID=63:"MESSAGE_SENT_HANDLER" Seq=81 Len=22]
[2026-02-02 22:01:15] debug: 	zh:ember:ezsp: ezspMessageSentHandler: status=OK type=DIRECT indexOrDestination=40200 apsFrame={"profileId":260,"clusterId":6,"sourceEndpoint":1,"destinationEndpoint":1,"options":4416,"groupId":0,"sequence":76} messageTag=48
[2026-02-02 22:01:17] debug: 	zh:ember:uart:ash: <--- [FRAME type=DATA]
[2026-02-02 22:01:17] debug: 	zh:ember:uart:ash: <--- [FRAME type=DATA ackNum=2](ackRx=2 frmTx=2)
[2026-02-02 22:01:17] debug: 	zh:ember:uart:ash: <--- [FRAME type=DATA ackNum=2 frmNum=0](frmRx=0) Added to rxQueue
[2026-02-02 22:01:17] debug: 	zh:ember:uart:ash: ---> [FRAME type=ACK frmRx=1](ackRx=2)
[2026-02-02 22:01:17] debug: 	zh:ember:ezsp: <=== [CBFRAME: ID=69:"INCOMING_MESSAGE_HANDLER" Seq=81 Len=33]
[2026-02-02 22:01:17] debug: 	zh:ember:ezsp: ezspIncomingMessageHandler: type=UNICAST apsFrame={"profileId":260,"clusterId":2820,"sourceEndpoint":1,"destinationEndpoint":1,"options":256,"groupId":0,"sequence":18} packetInfo:{"senderShortId":7447,"senderLongId":"0xffffffffffffffff","bindingIndex":255,"addressIndex":255,"lastHopLqi":144,"lastHopRssi":-64,"lastHopTimestamp":0} messageContents=18920a0b05211b00
[2026-02-02 22:01:17] debug: 	zh:controller: Received payload: clusterID=2820, address=7447, groupID=0, endpoint=1, destinationEndpoint=1, wasBroadcast=false, linkQuality=144, frame={"header":{"frameControl":{"frameType":0,"manufacturerSpecific":false,"direction":1,"disableDefaultResponse":true,"reservedBits":0},"transactionSequenceNumber":146,"commandIdentifier":10},"payload":[{"attrId":1291,"dataType":33,"attrData":27}],"command":{"ID":10,"name":"report","parameters":[{"name":"attrId","type":9},{"name":"dataType","type":8},{"name":"attrData","type":1000}]}}
[2026-02-02 22:01:17] debug: 	z2m: Received Zigbee message from 'Tuya Connected Outlet', type 'attributeReport', cluster 'haElectricalMeasurement', data '{"activePower":27}' from endpoint 1 with groupID 0
[2026-02-02 22:01:17] info: 	z2m:mqtt: MQTT publish: topic 'zigbee2mqtt/Tuya Connected Outlet', payload '{"child_lock":"UNLOCK","countdown":0,"current":0,"energy":28.22,"indicator_mode":"off/on","linkquality":144,"power":27,"power_outage_memory":"off","state":"ON","update":{"installed_version":268514823,"latest_version":268514823,"state":"idle"},"voltage":235}'
[2026-02-02 22:01:17] debug: 	z2m:mqtt: Received MQTT message on 'zigbee2mqtt/Tuya Connected Outlet/set' with data 'OFF'
[2026-02-02 22:01:17] debug: 	z2m: Publishing 'set' 'state' to 'Tuya Connected Outlet'
[2026-02-02 22:01:17] debug: 	zh:controller:endpoint: ZCL command 0xa4c138247a1a948b/1 genOnOff.off({}, {"timeout":10000,"disableResponse":false,"disableRecovery":false,"disableDefaultResponse":false,"direction":0,"reservedBits":0,"writeUndiv":false})
[2026-02-02 22:01:17] debug: 	zh:ember: ~~~> [ZCL to=0xa4c138247a1a948b:7447 apsFrame={"profileId":260,"clusterId":6,"sourceEndpoint":1,"destinationEndpoint":1,"options":4416,"groupId":0,"sequence":0} header={"frameControl":{"reservedBits":0,"frameType":1,"direction":0,"disableDefaultResponse":false,"manufacturerSpecific":false},"transactionSequenceNumber":17,"commandIdentifier":0}]
[2026-02-02 22:01:17] debug: 	zh:ember:ezsp: ===> [FRAME: ID=52:"SEND_UNICAST" Seq=82 Len=24]
[2026-02-02 22:01:17] debug: 	zh:ember:uart:ash: ---> [FRAME type=DATA frmTx=2 frmRx=1](ackRx=2)
[2026-02-02 22:01:18] debug: 	zh:ember:uart:ash: <--- [FRAME type=DATA]
[2026-02-02 22:01:18] debug: 	zh:ember:uart:ash: <--- [FRAME type=DATA ackNum=3](ackRx=2 frmTx=3)
[2026-02-02 22:01:18] debug: 	zh:ember:uart:ash: <--- [FRAME type=DATA ackNum=3 frmNum=1](frmRx=1) Added to rxQueue
[2026-02-02 22:01:18] debug: 	zh:ember:uart:ash: ---> [FRAME type=ACK frmRx=2](ackRx=3)
[2026-02-02 22:01:18] debug: 	zh:ember:ezsp: <=== [FRAME: ID=52:"SEND_UNICAST" Seq=82 Len=7]
[2026-02-02 22:01:18] debug: 	zh:ember:ezsp: ~~~> [SENT type=DIRECT apsSequence=77 messageTag=49 status=OK]
[2026-02-02 22:01:18] debug: 	zh:ember:uart:ash: <--- [FRAME type=DATA]
[2026-02-02 22:01:18] debug: 	zh:ember:uart:ash: <--- [FRAME type=DATA ackNum=3](ackRx=3 frmTx=3)
[2026-02-02 22:01:18] debug: 	zh:ember:uart:ash: <--- [FRAME type=DATA ackNum=3 frmNum=2](frmRx=2) Added to rxQueue
[2026-02-02 22:01:18] debug: 	zh:ember:uart:ash: ---> [FRAME type=ACK frmRx=3](ackRx=3)
[2026-02-02 22:01:18] debug: 	zh:ember:ezsp: <=== [CBFRAME: ID=63:"MESSAGE_SENT_HANDLER" Seq=82 Len=22]
[2026-02-02 22:01:18] debug: 	zh:ember:ezsp: ezspMessageSentHandler: status=OK type=DIRECT indexOrDestination=7447 apsFrame={"profileId":260,"clusterId":6,"sourceEndpoint":1,"destinationEndpoint":1,"options":4416,"groupId":0,"sequence":77} messageTag=49
[2026-02-02 22:01:18] debug: 	zh:ember:uart:ash: <--- [FRAME type=DATA]
[2026-02-02 22:01:18] debug: 	zh:ember:uart:ash: <--- [FRAME type=DATA ackNum=3](ackRx=3 frmTx=3)
[2026-02-02 22:01:18] debug: 	zh:ember:uart:ash: <--- [FRAME type=DATA ackNum=3 frmNum=3](frmRx=3) Added to rxQueue
[2026-02-02 22:01:18] debug: 	zh:ember:uart:ash: ---> [FRAME type=ACK frmRx=4](ackRx=3)
[2026-02-02 22:01:18] debug: 	zh:ember:ezsp: <=== [CBFRAME: ID=69:"INCOMING_MESSAGE_HANDLER" Seq=82 Len=30]
[2026-02-02 22:01:18] debug: 	zh:ember:ezsp: ezspIncomingMessageHandler: type=UNICAST apsFrame={"profileId":260,"clusterId":6,"sourceEndpoint":1,"destinationEndpoint":1,"options":320,"groupId":0,"sequence":19} packetInfo:{"senderShortId":7447,"senderLongId":"0xffffffffffffffff","bindingIndex":255,"addressIndex":255,"lastHopLqi":156,"lastHopRssi":-61,"lastHopTimestamp":0} messageContents=18110b0000
[2026-02-02 22:01:18] debug: 	zh:controller: Received payload: clusterID=6, address=7447, groupID=0, endpoint=1, destinationEndpoint=1, wasBroadcast=false, linkQuality=156, frame={"header":{"frameControl":{"frameType":0,"manufacturerSpecific":false,"direction":1,"disableDefaultResponse":true,"reservedBits":0},"transactionSequenceNumber":17,"commandIdentifier":11},"payload":{"cmdId":0,"statusCode":0},"command":{"ID":11,"name":"defaultRsp","parameters":[{"name":"cmdId","type":8},{"name":"statusCode","type":48}]}}
[2026-02-02 22:01:18] info: 	z2m:mqtt: MQTT publish: topic 'zigbee2mqtt/Tuya Connected Outlet', payload '{"child_lock":"UNLOCK","countdown":0,"current":0,"energy":28.22,"indicator_mode":"off/on","linkquality":156,"power":27,"power_outage_memory":"off","state":"OFF","update":{"installed_version":268514823,"latest_version":268514823,"state":"idle"},"voltage":235}'
[2026-02-02 22:01:18] debug: 	zh:ember:uart:ash: <--- [FRAME type=DATA]
[2026-02-02 22:01:18] debug: 	zh:ember:uart:ash: <--- [FRAME type=DATA ackNum=3](ackRx=3 frmTx=3)
[2026-02-02 22:01:18] debug: 	zh:ember:uart:ash: <--- [FRAME type=DATA ackNum=3 frmNum=4](frmRx=4) Added to rxQueue
[2026-02-02 22:01:18] debug: 	zh:ember:uart:ash: ---> [FRAME type=ACK frmRx=5](ackRx=3)
[2026-02-02 22:01:18] debug: 	zh:ember:ezsp: <=== [CBFRAME: ID=69:"INCOMING_MESSAGE_HANDLER" Seq=82 Len=32]
[2026-02-02 22:01:18] debug: 	zh:ember:ezsp: ezspIncomingMessageHandler: type=UNICAST apsFrame={"profileId":260,"clusterId":6,"sourceEndpoint":1,"destinationEndpoint":1,"options":256,"groupId":0,"sequence":20} packetInfo:{"senderShortId":7447,"senderLongId":"0xffffffffffffffff","bindingIndex":255,"addressIndex":255,"lastHopLqi":148,"lastHopRssi":-63,"lastHopTimestamp":0} messageContents=18930a00001000
[2026-02-02 22:01:18] debug: 	zh:controller: Received payload: clusterID=6, address=7447, groupID=0, endpoint=1, destinationEndpoint=1, wasBroadcast=false, linkQuality=148, frame={"header":{"frameControl":{"frameType":0,"manufacturerSpecific":false,"direction":1,"disableDefaultResponse":true,"reservedBits":0},"transactionSequenceNumber":147,"commandIdentifier":10},"payload":[{"attrId":0,"dataType":16,"attrData":0}],"command":{"ID":10,"name":"report","parameters":[{"name":"attrId","type":9},{"name":"dataType","type":8},{"name":"attrData","type":1000}]}}
[2026-02-02 22:01:18] debug: 	z2m: Received Zigbee message from 'Tuya Connected Outlet', type 'attributeReport', cluster 'genOnOff', data '{"onOff":0}' from endpoint 1 with groupID 0
[2026-02-02 22:01:18] info: 	z2m:mqtt: MQTT publish: topic 'zigbee2mqtt/Tuya Connected Outlet', payload '{"child_lock":"UNLOCK","countdown":0,"current":0,"energy":28.22,"indicator_mode":"off/on","linkquality":148,"power":27,"power_outage_memory":"off","state":"OFF","update":{"installed_version":268514823,"latest_version":268514823,"state":"idle"},"voltage":235}'
[2026-02-02 22:01:18] debug: 	zh:ember:uart:ash: <--- [FRAME type=DATA]
[2026-02-02 22:01:18] debug: 	zh:ember:uart:ash: <--- [FRAME type=DATA ackNum=3](ackRx=3 frmTx=3)
[2026-02-02 22:01:18] debug: 	zh:ember:uart:ash: <--- [FRAME type=DATA ackNum=3 frmNum=5](frmRx=5) Added to rxQueue
[2026-02-02 22:01:18] debug: 	zh:ember:uart:ash: ---> [FRAME type=ACK frmRx=6](ackRx=3)
[2026-02-02 22:01:18] debug: 	zh:ember:ezsp: <=== [CBFRAME: ID=69:"INCOMING_MESSAGE_HANDLER" Seq=82 Len=33]
[2026-02-02 22:01:18] debug: 	zh:ember:ezsp: ezspIncomingMessageHandler: type=UNICAST apsFrame={"profileId":260,"clusterId":2820,"sourceEndpoint":1,"destinationEndpoint":1,"options":256,"groupId":0,"sequence":21} packetInfo:{"senderShortId":7447,"senderLongId":"0xffffffffffffffff","bindingIndex":255,"addressIndex":255,"lastHopLqi":148,"lastHopRssi":-63,"lastHopTimestamp":0} messageContents=18940a0b05210a00
[2026-02-02 22:01:18] debug: 	zh:controller: Received payload: clusterID=2820, address=7447, groupID=0, endpoint=1, destinationEndpoint=1, wasBroadcast=false, linkQuality=148, frame={"header":{"frameControl":{"frameType":0,"manufacturerSpecific":false,"direction":1,"disableDefaultResponse":true,"reservedBits":0},"transactionSequenceNumber":148,"commandIdentifier":10},"payload":[{"attrId":1291,"dataType":33,"attrData":10}],"command":{"ID":10,"name":"report","parameters":[{"name":"attrId","type":9},{"name":"dataType","type":8},{"name":"attrData","type":1000}]}}
[2026-02-02 22:01:18] debug: 	z2m: Received Zigbee message from 'Tuya Connected Outlet', type 'attributeReport', cluster 'haElectricalMeasurement', data '{"activePower":10}' from endpoint 1 with groupID 0
[2026-02-02 22:01:18] info: 	z2m:mqtt: MQTT publish: topic 'zigbee2mqtt/Tuya Connected Outlet', payload '{"child_lock":"UNLOCK","countdown":0,"current":0,"energy":28.22,"indicator_mode":"off/on","linkquality":148,"power":10,"power_outage_memory":"off","state":"OFF","update":{"installed_version":268514823,"latest_version":268514823,"state":"idle"},"voltage":235}'
[2026-02-02 22:01:19] debug: 	z2m:mqtt: Received MQTT message on 'zigbee2mqtt/IKEA Tradfri Mittled Driver/set' with data '{"state":"ON"}'
[2026-02-02 22:01:19] debug: 	z2m: Publishing 'set' 'state' to 'IKEA Tradfri Mittled Driver'
[2026-02-02 22:01:19] debug: 	zh:controller:endpoint: ZCL command 0x842712fffedb8ddb/1 genOnOff.on({}, {"timeout":10000,"disableResponse":false,"disableRecovery":false,"disableDefaultResponse":false,"direction":0,"reservedBits":0,"writeUndiv":false})
[2026-02-02 22:01:19] debug: 	zh:ember: ~~~> [ZCL to=0x842712fffedb8ddb:40200 apsFrame={"profileId":260,"clusterId":6,"sourceEndpoint":1,"destinationEndpoint":1,"options":4416,"groupId":0,"sequence":0} header={"frameControl":{"reservedBits":0,"frameType":1,"direction":0,"disableDefaultResponse":false,"manufacturerSpecific":false},"transactionSequenceNumber":18,"commandIdentifier":1}]
[2026-02-02 22:01:19] debug: 	zh:ember:ezsp: ===> [FRAME: ID=52:"SEND_UNICAST" Seq=83 Len=24]
[2026-02-02 22:01:19] debug: 	zh:ember:uart:ash: ---> [FRAME type=DATA frmTx=3 frmRx=6](ackRx=3)
[2026-02-02 22:01:19] debug: 	z2m:mqtt: Received MQTT message on 'zigbee2mqtt/IKEA Tradfri Mittled Driver/set' with data '{"state":"ON"}'
[2026-02-02 22:01:19] debug: 	z2m: Publishing 'set' 'state' to 'IKEA Tradfri Mittled Driver'
[2026-02-02 22:01:19] debug: 	zh:controller:endpoint: ZCL command 0x842712fffedb8ddb/1 genOnOff.on({}, {"timeout":10000,"disableResponse":false,"disableRecovery":false,"disableDefaultResponse":false,"direction":0,"reservedBits":0,"writeUndiv":false})
[2026-02-02 22:01:19] debug: 	zh:ember:uart:ash: <--- [FRAME type=DATA]
[2026-02-02 22:01:19] debug: 	zh:ember:uart:ash: <--- [FRAME type=DATA ackNum=4](ackRx=3 frmTx=4)
[2026-02-02 22:01:19] debug: 	zh:ember:uart:ash: <--- [FRAME type=DATA ackNum=4 frmNum=6](frmRx=6) Added to rxQueue
[2026-02-02 22:01:19] debug: 	zh:ember:uart:ash: ---> [FRAME type=ACK frmRx=7](ackRx=4)
[2026-02-02 22:01:19] debug: 	zh:ember:ezsp: <=== [FRAME: ID=52:"SEND_UNICAST" Seq=83 Len=7]
[2026-02-02 22:01:19] debug: 	zh:ember:ezsp: ~~~> [SENT type=DIRECT apsSequence=78 messageTag=50 status=OK]
[2026-02-02 22:01:19] debug: 	zh:ember:uart:ash: <--- [FRAME type=DATA]
[2026-02-02 22:01:19] debug: 	zh:ember:uart:ash: <--- [FRAME type=DATA ackNum=4](ackRx=4 frmTx=4)
[2026-02-02 22:01:19] debug: 	zh:ember:uart:ash: <--- [FRAME type=DATA ackNum=4 frmNum=7](frmRx=7) Added to rxQueue
[2026-02-02 22:01:19] debug: 	zh:ember:uart:ash: ---> [FRAME type=ACK frmRx=0](ackRx=4)
[2026-02-02 22:01:19] debug: 	zh:ember:ezsp: <=== [CBFRAME: ID=69:"INCOMING_MESSAGE_HANDLER" Seq=83 Len=30]
[2026-02-02 22:01:19] debug: 	zh:ember:ezsp: ezspIncomingMessageHandler: type=UNICAST apsFrame={"profileId":260,"clusterId":6,"sourceEndpoint":1,"destinationEndpoint":1,"options":64,"groupId":0,"sequence":112} packetInfo:{"senderShortId":40200,"senderLongId":"0xffffffffffffffff","bindingIndex":255,"addressIndex":255,"lastHopLqi":120,"lastHopRssi":-70,"lastHopTimestamp":0} messageContents=08120b0100
[2026-02-02 22:01:19] debug: 	zh:controller: Received payload: clusterID=6, address=40200, groupID=0, endpoint=1, destinationEndpoint=1, wasBroadcast=false, linkQuality=120, frame={"header":{"frameControl":{"frameType":0,"manufacturerSpecific":false,"direction":1,"disableDefaultResponse":false,"reservedBits":0},"transactionSequenceNumber":18,"commandIdentifier":11},"payload":{"cmdId":1,"statusCode":0},"command":{"ID":11,"name":"defaultRsp","parameters":[{"name":"cmdId","type":8},{"name":"statusCode","type":48}]}}
[2026-02-02 22:01:19] debug: 	zh:ember: ~~~> [ZCL to=0x842712fffedb8ddb:40200 apsFrame={"profileId":260,"clusterId":6,"sourceEndpoint":1,"destinationEndpoint":1,"options":4416,"groupId":0,"sequence":0} header={"frameControl":{"reservedBits":0,"frameType":1,"direction":0,"disableDefaultResponse":false,"manufacturerSpecific":false},"transactionSequenceNumber":19,"commandIdentifier":1}]
[2026-02-02 22:01:19] debug: 	zh:ember:ezsp: ===> [FRAME: ID=52:"SEND_UNICAST" Seq=84 Len=24]
[2026-02-02 22:01:19] debug: 	zh:ember:uart:ash: ---> [FRAME type=DATA frmTx=4 frmRx=0](ackRx=4)
[2026-02-02 22:01:19] info: 	z2m:mqtt: MQTT publish: topic 'zigbee2mqtt/IKEA Tradfri Mittled Driver', payload '{"brightness":203,"effect":null,"identify":null,"level_config":{"on_level":"previous"},"linkquality":120,"power_on_behavior":null,"state":"ON","update":{"installed_version":16777220,"latest_version":16777220,"state":"idle"}}'
[2026-02-02 22:01:19] debug: 	zh:ember:uart:ash: <--- [FRAME type=DATA]
[2026-02-02 22:01:19] debug: 	zh:ember:uart:ash: <--- [FRAME type=DATA ackNum=4](ackRx=4 frmTx=5)
[2026-02-02 22:01:19] debug: 	zh:ember:uart:ash: <--- [FRAME type=DATA ackNum=4 frmNum=0](frmRx=0) Added to rxQueue
[2026-02-02 22:01:19] debug: 	zh:ember:uart:ash: ---> [FRAME type=ACK frmRx=1](ackRx=4)
[2026-02-02 22:01:19] debug: 	zh:ember:ezsp: <=== [CBFRAME: ID=63:"MESSAGE_SENT_HANDLER" Seq=83 Len=22]
[2026-02-02 22:01:19] debug: 	zh:ember:ezsp: ezspMessageSentHandler: status=OK type=DIRECT indexOrDestination=40200 apsFrame={"profileId":260,"clusterId":6,"sourceEndpoint":1,"destinationEndpoint":1,"options":4416,"groupId":0,"sequence":78} messageTag=50
[2026-02-02 22:01:19] debug: 	zh:ember:uart:ash: <--- [FRAME type=DATA]
[2026-02-02 22:01:19] debug: 	zh:ember:uart:ash: <--- [FRAME type=DATA ackNum=4](ackRx=4 frmTx=5)
[2026-02-02 22:01:19] debug: 	zh:ember:uart:ash: <--- [FRAME type=DATA ackNum=4 frmNum=1](frmRx=1) Added to rxQueue
[2026-02-02 22:01:19] debug: 	zh:ember:uart:ash: ---> [FRAME type=ACK frmRx=2](ackRx=4)
[2026-02-02 22:01:19] debug: 	zh:ember:ezsp: <=== [CBFRAME: ID=69:"INCOMING_MESSAGE_HANDLER" Seq=83 Len=33]
[2026-02-02 22:01:19] debug: 	zh:ember:ezsp: ezspIncomingMessageHandler: type=UNICAST apsFrame={"profileId":260,"clusterId":2820,"sourceEndpoint":1,"destinationEndpoint":1,"options":256,"groupId":0,"sequence":22} packetInfo:{"senderShortId":7447,"senderLongId":"0xffffffffffffffff","bindingIndex":255,"addressIndex":255,"lastHopLqi":120,"lastHopRssi":-70,"lastHopTimestamp":0} messageContents=18950a0b05210000
[2026-02-02 22:01:19] debug: 	zh:controller: Received payload: clusterID=2820, address=7447, groupID=0, endpoint=1, destinationEndpoint=1, wasBroadcast=false, linkQuality=120, frame={"header":{"frameControl":{"frameType":0,"manufacturerSpecific":false,"direction":1,"disableDefaultResponse":true,"reservedBits":0},"transactionSequenceNumber":149,"commandIdentifier":10},"payload":[{"attrId":1291,"dataType":33,"attrData":0}],"command":{"ID":10,"name":"report","parameters":[{"name":"attrId","type":9},{"name":"dataType","type":8},{"name":"attrData","type":1000}]}}
[2026-02-02 22:01:19] debug: 	z2m: Received Zigbee message from 'Tuya Connected Outlet', type 'attributeReport', cluster 'haElectricalMeasurement', data '{"activePower":0}' from endpoint 1 with groupID 0
[2026-02-02 22:01:19] info: 	z2m:mqtt: MQTT publish: topic 'zigbee2mqtt/Tuya Connected Outlet', payload '{"child_lock":"UNLOCK","countdown":0,"current":0,"energy":28.22,"indicator_mode":"off/on","linkquality":120,"power":0,"power_outage_memory":"off","state":"OFF","update":{"installed_version":268514823,"latest_version":268514823,"state":"idle"},"voltage":235}'
[2026-02-02 22:01:19] debug: 	zh:ember:uart:ash: <--- [FRAME type=DATA]
[2026-02-02 22:01:19] debug: 	zh:ember:uart:ash: <--- [FRAME type=DATA ackNum=5](ackRx=4 frmTx=5)
[2026-02-02 22:01:19] debug: 	zh:ember:uart:ash: <--- [FRAME type=DATA ackNum=5 frmNum=2](frmRx=2) Added to rxQueue
[2026-02-02 22:01:19] debug: 	zh:ember:uart:ash: ---> [FRAME type=ACK frmRx=3](ackRx=5)
[2026-02-02 22:01:19] debug: 	zh:ember:ezsp: <=== [FRAME: ID=52:"SEND_UNICAST" Seq=84 Len=7]
[2026-02-02 22:01:19] debug: 	zh:ember:ezsp: ~~~> [SENT type=DIRECT apsSequence=79 messageTag=51 status=OK]
[2026-02-02 22:01:19] debug: 	zh:ember:uart:ash: <--- [FRAME type=DATA]
[2026-02-02 22:01:19] debug: 	zh:ember:uart:ash: <--- [FRAME type=DATA ackNum=5](ackRx=5 frmTx=5)
[2026-02-02 22:01:19] debug: 	zh:ember:uart:ash: <--- [FRAME type=DATA ackNum=5 frmNum=3](frmRx=3) Added to rxQueue
[2026-02-02 22:01:19] debug: 	zh:ember:uart:ash: ---> [FRAME type=ACK frmRx=4](ackRx=5)
[2026-02-02 22:01:19] debug: 	zh:ember:uart:ash: <--- [FRAME type=DATA]
[2026-02-02 22:01:19] debug: 	zh:ember:uart:ash: <--- [FRAME type=DATA ackNum=5](ackRx=5 frmTx=5)
[2026-02-02 22:01:19] debug: 	zh:ember:uart:ash: <--- [FRAME type=DATA ackNum=5 frmNum=4](frmRx=4) Added to rxQueue
[2026-02-02 22:01:19] debug: 	zh:ember:uart:ash: ---> [FRAME type=ACK frmRx=5](ackRx=5)
[2026-02-02 22:01:19] debug: 	zh:ember:ezsp: <=== [CBFRAME: ID=69:"INCOMING_MESSAGE_HANDLER" Seq=84 Len=30]
[2026-02-02 22:01:19] debug: 	zh:ember:ezsp: ezspIncomingMessageHandler: type=UNICAST apsFrame={"profileId":260,"clusterId":6,"sourceEndpoint":1,"destinationEndpoint":1,"options":64,"groupId":0,"sequence":113} packetInfo:{"senderShortId":40200,"senderLongId":"0xffffffffffffffff","bindingIndex":255,"addressIndex":255,"lastHopLqi":120,"lastHopRssi":-70,"lastHopTimestamp":0} messageContents=08130b0100
[2026-02-02 22:01:19] debug: 	zh:controller: Received payload: clusterID=6, address=40200, groupID=0, endpoint=1, destinationEndpoint=1, wasBroadcast=false, linkQuality=120, frame={"header":{"frameControl":{"frameType":0,"manufacturerSpecific":false,"direction":1,"disableDefaultResponse":false,"reservedBits":0},"transactionSequenceNumber":19,"commandIdentifier":11},"payload":{"cmdId":1,"statusCode":0},"command":{"ID":11,"name":"defaultRsp","parameters":[{"name":"cmdId","type":8},{"name":"statusCode","type":48}]}}
[2026-02-02 22:01:19] info: 	z2m:mqtt: MQTT publish: topic 'zigbee2mqtt/IKEA Tradfri Mittled Driver', payload '{"brightness":203,"effect":null,"identify":null,"level_config":{"on_level":"previous"},"linkquality":120,"power_on_behavior":null,"state":"ON","update":{"installed_version":16777220,"latest_version":16777220,"state":"idle"}}'
[2026-02-02 22:01:19] debug: 	zh:ember:ezsp: <=== [CBFRAME: ID=63:"MESSAGE_SENT_HANDLER" Seq=84 Len=22]
[2026-02-02 22:01:19] debug: 	zh:ember:ezsp: ezspMessageSentHandler: status=OK type=DIRECT indexOrDestination=40200 apsFrame={"profileId":260,"clusterId":6,"sourceEndpoint":1,"destinationEndpoint":1,"options":4416,"groupId":0,"sequence":79} messageTag=51
[2026-02-02 22:01:19] debug: 	zh:controller:endpoint: ZCL command 0xa4c138247a1a948b/1 haElectricalMeasurement.read(["rmsVoltage","rmsCurrent","activePower"], {"timeout":10000,"disableResponse":false,"disableRecovery":false,"disableDefaultResponse":true,"direction":0,"reservedBits":0,"writeUndiv":false})
[2026-02-02 22:01:19] debug: 	zh:ember: ~~~> [ZCL to=0xa4c138247a1a948b:7447 apsFrame={"profileId":260,"clusterId":2820,"sourceEndpoint":1,"destinationEndpoint":1,"options":4416,"groupId":0,"sequence":0} header={"frameControl":{"reservedBits":0,"frameType":0,"direction":0,"disableDefaultResponse":true,"manufacturerSpecific":false},"transactionSequenceNumber":20,"commandIdentifier":0}]
[2026-02-02 22:01:19] debug: 	zh:ember:ezsp: ===> [FRAME: ID=52:"SEND_UNICAST" Seq=85 Len=30]
[2026-02-02 22:01:19] debug: 	zh:ember:uart:ash: ---> [FRAME type=DATA frmTx=5 frmRx=5](ackRx=5)
[2026-02-02 22:01:20] debug: 	zh:ember:uart:ash: <--- [FRAME type=DATA]
[2026-02-02 22:01:20] debug: 	zh:ember:uart:ash: <--- [FRAME type=DATA ackNum=6](ackRx=5 frmTx=6)
[2026-02-02 22:01:20] debug: 	zh:ember:uart:ash: <--- [FRAME type=DATA ackNum=6 frmNum=5](frmRx=5) Added to rxQueue
[2026-02-02 22:01:20] debug: 	zh:ember:uart:ash: ---> [FRAME type=ACK frmRx=6](ackRx=6)
[2026-02-02 22:01:20] debug: 	zh:ember:ezsp: <=== [FRAME: ID=52:"SEND_UNICAST" Seq=85 Len=7]
[2026-02-02 22:01:20] debug: 	zh:ember:ezsp: ~~~> [SENT type=DIRECT apsSequence=80 messageTag=52 status=OK]
[2026-02-02 22:01:20] debug: 	zh:ember:uart:ash: <--- [FRAME type=DATA]
[2026-02-02 22:01:20] debug: 	zh:ember:uart:ash: <--- [FRAME type=DATA ackNum=6](ackRx=6 frmTx=6)
[2026-02-02 22:01:20] debug: 	zh:ember:uart:ash: <--- [FRAME type=DATA ackNum=6 frmNum=6](frmRx=6) Added to rxQueue
[2026-02-02 22:01:20] debug: 	zh:ember:uart:ash: ---> [FRAME type=ACK frmRx=7](ackRx=6)
[2026-02-02 22:01:20] debug: 	zh:ember:ezsp: <=== [CBFRAME: ID=63:"MESSAGE_SENT_HANDLER" Seq=85 Len=22]
[2026-02-02 22:01:20] debug: 	zh:ember:ezsp: ezspMessageSentHandler: status=OK type=DIRECT indexOrDestination=7447 apsFrame={"profileId":260,"clusterId":2820,"sourceEndpoint":1,"destinationEndpoint":1,"options":4416,"groupId":0,"sequence":80} messageTag=52
[2026-02-02 22:01:20] debug: 	zh:ember:uart:ash: <--- [FRAME type=DATA]
[2026-02-02 22:01:20] debug: 	zh:ember:uart:ash: <--- [FRAME type=DATA ackNum=6](ackRx=6 frmTx=6)
[2026-02-02 22:01:20] debug: 	zh:ember:uart:ash: <--- [FRAME type=DATA ackNum=6 frmNum=7](frmRx=7) Added to rxQueue
[2026-02-02 22:01:20] debug: 	zh:ember:uart:ash: ---> [FRAME type=ACK frmRx=0](ackRx=6)
[2026-02-02 22:01:20] debug: 	zh:ember:ezsp: <=== [CBFRAME: ID=69:"INCOMING_MESSAGE_HANDLER" Seq=85 Len=46]
[2026-02-02 22:01:20] debug: 	zh:ember:ezsp: ezspIncomingMessageHandler: type=UNICAST apsFrame={"profileId":260,"clusterId":2820,"sourceEndpoint":1,"destinationEndpoint":1,"options":320,"groupId":0,"sequence":23} packetInfo:{"senderShortId":7447,"senderLongId":"0xffffffffffffffff","bindingIndex":255,"addressIndex":255,"lastHopLqi":148,"lastHopRssi":-63,"lastHopTimestamp":0} messageContents=18140105050021ea00080500213a000b0500210000
[2026-02-02 22:01:20] debug: 	zh:controller: Received payload: clusterID=2820, address=7447, groupID=0, endpoint=1, destinationEndpoint=1, wasBroadcast=false, linkQuality=148, frame={"header":{"frameControl":{"frameType":0,"manufacturerSpecific":false,"direction":1,"disableDefaultResponse":true,"reservedBits":0},"transactionSequenceNumber":20,"commandIdentifier":1},"payload":[{"attrId":1285,"status":0,"dataType":33,"attrData":234},{"attrId":1288,"status":0,"dataType":33,"attrData":58},{"attrId":1291,"status":0,"dataType":33,"attrData":0}],"command":{"ID":1,"name":"readRsp","parameters":[{"name":"attrId","type":9},{"name":"status","type":8},{"name":"dataType","type":8,"conditions":[{"type":"fieldEquals","field":"status","value":0}]},{"name":"attrData","type":1000,"conditions":[{"type":"fieldEquals","field":"status","value":0}]}]}}
[2026-02-02 22:01:20] debug: 	z2m: Received Zigbee message from 'Tuya Connected Outlet', type 'readResponse', cluster 'haElectricalMeasurement', data '{"activePower":0,"rmsCurrent":58,"rmsVoltage":234}' from endpoint 1 with groupID 0
[2026-02-02 22:01:20] info: 	z2m:mqtt: MQTT publish: topic 'zigbee2mqtt/Tuya Connected Outlet', payload '{"child_lock":"UNLOCK","countdown":0,"current":0.06,"energy":28.22,"indicator_mode":"off/on","linkquality":148,"power":0,"power_outage_memory":"off","state":"OFF","update":{"installed_version":268514823,"latest_version":268514823,"state":"idle"},"voltage":234}'
[2026-02-02 22:01:20] debug: 	zh:controller:endpoint: ZCL command 0xa4c138247a1a948b/1 seMetering.read(["currentSummDelivered"], {"timeout":10000,"disableResponse":false,"disableRecovery":false,"disableDefaultResponse":true,"direction":0,"reservedBits":0,"writeUndiv":false})
[2026-02-02 22:01:20] debug: 	zh:ember: ~~~> [ZCL to=0xa4c138247a1a948b:7447 apsFrame={"profileId":260,"clusterId":1794,"sourceEndpoint":1,"destinationEndpoint":1,"options":4416,"groupId":0,"sequence":0} header={"frameControl":{"reservedBits":0,"frameType":0,"direction":0,"disableDefaultResponse":true,"manufacturerSpecific":false},"transactionSequenceNumber":21,"commandIdentifier":0}]
[2026-02-02 22:01:20] debug: 	zh:ember:ezsp: ===> [FRAME: ID=52:"SEND_UNICAST" Seq=86 Len=26]
[2026-02-02 22:01:20] debug: 	zh:ember:uart:ash: ---> [FRAME type=DATA frmTx=6 frmRx=0](ackRx=6)
[2026-02-02 22:01:20] debug: 	zh:ember:uart:ash: <--- [FRAME type=DATA]
[2026-02-02 22:01:20] debug: 	zh:ember:uart:ash: <--- [FRAME type=DATA ackNum=7](ackRx=6 frmTx=7)
[2026-02-02 22:01:20] debug: 	zh:ember:uart:ash: <--- [FRAME type=DATA ackNum=7 frmNum=0](frmRx=0) Added to rxQueue
[2026-02-02 22:01:20] debug: 	zh:ember:uart:ash: ---> [FRAME type=ACK frmRx=1](ackRx=7)
[2026-02-02 22:01:20] debug: 	zh:ember:ezsp: <=== [FRAME: ID=52:"SEND_UNICAST" Seq=86 Len=7]
[2026-02-02 22:01:20] debug: 	zh:ember:ezsp: ~~~> [SENT type=DIRECT apsSequence=81 messageTag=53 status=OK]
[2026-02-02 22:01:20] debug: 	zh:ember:uart:ash: <--- [FRAME type=DATA]
[2026-02-02 22:01:20] debug: 	zh:ember:uart:ash: <--- [FRAME type=DATA ackNum=7](ackRx=7 frmTx=7)
[2026-02-02 22:01:20] debug: 	zh:ember:uart:ash: <--- [FRAME type=DATA ackNum=7 frmNum=1](frmRx=1) Added to rxQueue
[2026-02-02 22:01:20] debug: 	zh:ember:uart:ash: ---> [FRAME type=ACK frmRx=2](ackRx=7)
[2026-02-02 22:01:20] debug: 	zh:ember:ezsp: <=== [CBFRAME: ID=63:"MESSAGE_SENT_HANDLER" Seq=86 Len=22]
[2026-02-02 22:01:20] debug: 	zh:ember:ezsp: ezspMessageSentHandler: status=OK type=DIRECT indexOrDestination=7447 apsFrame={"profileId":260,"clusterId":1794,"sourceEndpoint":1,"destinationEndpoint":1,"options":4416,"groupId":0,"sequence":81} messageTag=53
[2026-02-02 22:01:20] debug: 	zh:ember:uart:ash: <--- [FRAME type=DATA]
[2026-02-02 22:01:20] debug: 	zh:ember:uart:ash: <--- [FRAME type=DATA ackNum=7](ackRx=7 frmTx=7)
[2026-02-02 22:01:20] debug: 	zh:ember:uart:ash: <--- [FRAME type=DATA ackNum=7 frmNum=2](frmRx=2) Added to rxQueue
[2026-02-02 22:01:20] debug: 	zh:ember:uart:ash: ---> [FRAME type=ACK frmRx=3](ackRx=7)
[2026-02-02 22:01:20] debug: 	zh:ember:ezsp: <=== [CBFRAME: ID=69:"INCOMING_MESSAGE_HANDLER" Seq=86 Len=38]
[2026-02-02 22:01:20] debug: 	zh:ember:ezsp: ezspIncomingMessageHandler: type=UNICAST apsFrame={"profileId":260,"clusterId":1794,"sourceEndpoint":1,"destinationEndpoint":1,"options":320,"groupId":0,"sequence":24} packetInfo:{"senderShortId":7447,"senderLongId":"0xffffffffffffffff","bindingIndex":255,"addressIndex":255,"lastHopLqi":152,"lastHopRssi":-62,"lastHopTimestamp":0} messageContents=18150100000025060b00000000
[2026-02-02 22:01:20] debug: 	zh:controller: Received payload: clusterID=1794, address=7447, groupID=0, endpoint=1, destinationEndpoint=1, wasBroadcast=false, linkQuality=152, frame={"header":{"frameControl":{"frameType":0,"manufacturerSpecific":false,"direction":1,"disableDefaultResponse":true,"reservedBits":0},"transactionSequenceNumber":21,"commandIdentifier":1},"payload":[{"attrId":0,"status":0,"dataType":37,"attrData":2822}],"command":{"ID":1,"name":"readRsp","parameters":[{"name":"attrId","type":9},{"name":"status","type":8},{"name":"dataType","type":8,"conditions":[{"type":"fieldEquals","field":"status","value":0}]},{"name":"attrData","type":1000,"conditions":[{"type":"fieldEquals","field":"status","value":0}]}]}}
[2026-02-02 22:01:20] debug: 	z2m: Received Zigbee message from 'Tuya Connected Outlet', type 'readResponse', cluster 'seMetering', data '{"currentSummDelivered":2822}' from endpoint 1 with groupID 0
[2026-02-02 22:01:20] info: 	z2m:mqtt: MQTT publish: topic 'zigbee2mqtt/Tuya Connected Outlet', payload '{"child_lock":"UNLOCK","countdown":0,"current":0.06,"energy":28.22,"indicator_mode":"off/on","linkquality":152,"power":0,"power_outage_memory":"off","state":"OFF","update":{"installed_version":268514823,"latest_version":268514823,"state":"idle"},"voltage":234}'
[2026-02-02 22:01:35] debug: 	z2m:mqtt: Received MQTT message on 'zigbee2mqtt/IKEA Tradfri Mittled Driver/set' with data '{"state":"OFF"}'
[2026-02-02 22:01:35] debug: 	z2m: Publishing 'set' 'state' to 'IKEA Tradfri Mittled Driver'
[2026-02-02 22:01:35] debug: 	zh:controller:endpoint: ZCL command 0x842712fffedb8ddb/1 genOnOff.off({}, {"timeout":10000,"disableResponse":false,"disableRecovery":false,"disableDefaultResponse":false,"direction":0,"reservedBits":0,"writeUndiv":false})
[2026-02-02 22:01:35] debug: 	zh:ember: ~~~> [ZCL to=0x842712fffedb8ddb:40200 apsFrame={"profileId":260,"clusterId":6,"sourceEndpoint":1,"destinationEndpoint":1,"options":4416,"groupId":0,"sequence":0} header={"frameControl":{"reservedBits":0,"frameType":1,"direction":0,"disableDefaultResponse":false,"manufacturerSpecific":false},"transactionSequenceNumber":22,"commandIdentifier":0}]
[2026-02-02 22:01:35] debug: 	zh:ember:ezsp: ===> [FRAME: ID=52:"SEND_UNICAST" Seq=87 Len=24]
[2026-02-02 22:01:35] debug: 	zh:ember:uart:ash: ---> [FRAME type=DATA frmTx=7 frmRx=3](ackRx=7)
[2026-02-02 22:01:35] debug: 	z2m:mqtt: Received MQTT message on 'zigbee2mqtt/IKEA Tradfri Mittled Driver/set' with data '{"state":"OFF"}'
[2026-02-02 22:01:35] debug: 	z2m: Publishing 'set' 'state' to 'IKEA Tradfri Mittled Driver'
[2026-02-02 22:01:35] debug: 	zh:controller:endpoint: ZCL command 0x842712fffedb8ddb/1 genOnOff.off({}, {"timeout":10000,"disableResponse":false,"disableRecovery":false,"disableDefaultResponse":false,"direction":0,"reservedBits":0,"writeUndiv":false})
[2026-02-02 22:01:35] debug: 	zh:ember:uart:ash: <--- [FRAME type=DATA]
[2026-02-02 22:01:35] debug: 	zh:ember:uart:ash: <--- [FRAME type=DATA ackNum=0](ackRx=7 frmTx=0)
[2026-02-02 22:01:35] debug: 	zh:ember:uart:ash: <--- [FRAME type=DATA ackNum=0 frmNum=3](frmRx=3) Added to rxQueue
[2026-02-02 22:01:35] debug: 	zh:ember:uart:ash: ---> [FRAME type=ACK frmRx=4](ackRx=0)
[2026-02-02 22:01:35] debug: 	zh:ember:ezsp: <=== [FRAME: ID=52:"SEND_UNICAST" Seq=87 Len=7]
[2026-02-02 22:01:35] debug: 	zh:ember:ezsp: ~~~> [SENT type=DIRECT apsSequence=82 messageTag=54 status=OK]
[2026-02-02 22:01:35] debug: 	zh:ember:uart:ash: <--- [FRAME type=DATA]
[2026-02-02 22:01:35] debug: 	zh:ember:uart:ash: <--- [FRAME type=DATA ackNum=0](ackRx=0 frmTx=0)
[2026-02-02 22:01:35] debug: 	zh:ember:uart:ash: <--- [FRAME type=DATA ackNum=0 frmNum=4](frmRx=4) Added to rxQueue
[2026-02-02 22:01:35] debug: 	zh:ember:uart:ash: ---> [FRAME type=ACK frmRx=5](ackRx=0)
[2026-02-02 22:01:35] debug: 	zh:ember:ezsp: <=== [CBFRAME: ID=89:"INCOMING_ROUTE_RECORD_HANDLER" Seq=87 Len=18]
[2026-02-02 22:01:35] debug: 	zh:ember:ezsp: ezspIncomingRouteRecordHandler: source=40200 sourceEui=0x842712fffedb8ddb lastHopLqi=116 lastHopRssi=-71 relayCount=0 relayList=
[2026-02-02 22:01:36] debug: 	zh:ember:uart:ash: <--- [FRAME type=DATA]
[2026-02-02 22:01:36] debug: 	zh:ember:uart:ash: <--- [FRAME type=DATA ackNum=0](ackRx=0 frmTx=0)
[2026-02-02 22:01:36] debug: 	zh:ember:uart:ash: <--- [FRAME type=DATA ackNum=0 frmNum=5](frmRx=5) Added to rxQueue
[2026-02-02 22:01:36] debug: 	zh:ember:uart:ash: ---> [FRAME type=ACK frmRx=6](ackRx=0)
[2026-02-02 22:01:36] debug: 	zh:ember:ezsp: <=== [CBFRAME: ID=63:"MESSAGE_SENT_HANDLER" Seq=87 Len=22]
[2026-02-02 22:01:36] debug: 	zh:ember:ezsp: ezspMessageSentHandler: status=OK type=DIRECT indexOrDestination=40200 apsFrame={"profileId":260,"clusterId":6,"sourceEndpoint":1,"destinationEndpoint":1,"options":4416,"groupId":0,"sequence":82} messageTag=54
[2026-02-02 22:01:36] debug: 	zh:ember:uart:ash: <--- [FRAME type=DATA]
[2026-02-02 22:01:36] debug: 	zh:ember:uart:ash: <--- [FRAME type=DATA ackNum=0](ackRx=0 frmTx=0)
[2026-02-02 22:01:36] debug: 	zh:ember:uart:ash: <--- [FRAME type=DATA ackNum=0 frmNum=6](frmRx=6) Added to rxQueue
[2026-02-02 22:01:36] debug: 	zh:ember:uart:ash: ---> [FRAME type=ACK frmRx=7](ackRx=0)
[2026-02-02 22:01:36] debug: 	zh:ember:ezsp: <=== [CBFRAME: ID=69:"INCOMING_MESSAGE_HANDLER" Seq=87 Len=30]
[2026-02-02 22:01:36] debug: 	zh:ember:ezsp: ezspIncomingMessageHandler: type=UNICAST apsFrame={"profileId":260,"clusterId":6,"sourceEndpoint":1,"destinationEndpoint":1,"options":64,"groupId":0,"sequence":114} packetInfo:{"senderShortId":40200,"senderLongId":"0xffffffffffffffff","bindingIndex":255,"addressIndex":255,"lastHopLqi":116,"lastHopRssi":-71,"lastHopTimestamp":0} messageContents=08160b0000
[2026-02-02 22:01:36] debug: 	zh:controller: Received payload: clusterID=6, address=40200, groupID=0, endpoint=1, destinationEndpoint=1, wasBroadcast=false, linkQuality=116, frame={"header":{"frameControl":{"frameType":0,"manufacturerSpecific":false,"direction":1,"disableDefaultResponse":false,"reservedBits":0},"transactionSequenceNumber":22,"commandIdentifier":11},"payload":{"cmdId":0,"statusCode":0},"command":{"ID":11,"name":"defaultRsp","parameters":[{"name":"cmdId","type":8},{"name":"statusCode","type":48}]}}
[2026-02-02 22:01:36] debug: 	zh:ember: ~~~> [ZCL to=0x842712fffedb8ddb:40200 apsFrame={"profileId":260,"clusterId":6,"sourceEndpoint":1,"destinationEndpoint":1,"options":4416,"groupId":0,"sequence":0} header={"frameControl":{"reservedBits":0,"frameType":1,"direction":0,"disableDefaultResponse":false,"manufacturerSpecific":false},"transactionSequenceNumber":23,"commandIdentifier":0}]
[2026-02-02 22:01:36] debug: 	zh:ember:ezsp: ===> [FRAME: ID=52:"SEND_UNICAST" Seq=88 Len=24]
[2026-02-02 22:01:36] debug: 	zh:ember:uart:ash: ---> [FRAME type=DATA frmTx=0 frmRx=7](ackRx=0)
[2026-02-02 22:01:36] info: 	z2m:mqtt: MQTT publish: topic 'zigbee2mqtt/IKEA Tradfri Mittled Driver', payload '{"brightness":203,"effect":null,"identify":null,"level_config":{"on_level":"previous"},"linkquality":116,"power_on_behavior":null,"state":"OFF","update":{"installed_version":16777220,"latest_version":16777220,"state":"idle"}}'
[2026-02-02 22:01:36] debug: 	zh:ember:uart:ash: <--- [FRAME type=DATA]
[2026-02-02 22:01:36] debug: 	zh:ember:uart:ash: <--- [FRAME type=DATA ackNum=1](ackRx=0 frmTx=1)
[2026-02-02 22:01:36] debug: 	zh:ember:uart:ash: <--- [FRAME type=DATA ackNum=1 frmNum=7](frmRx=7) Added to rxQueue
[2026-02-02 22:01:36] debug: 	zh:ember:uart:ash: ---> [FRAME type=ACK frmRx=0](ackRx=1)
[2026-02-02 22:01:36] debug: 	zh:ember:ezsp: <=== [FRAME: ID=52:"SEND_UNICAST" Seq=88 Len=7]
[2026-02-02 22:01:36] debug: 	zh:ember:ezsp: ~~~> [SENT type=DIRECT apsSequence=83 messageTag=55 status=OK]
[2026-02-02 22:01:36] debug: 	zh:ember:uart:ash: <--- [FRAME type=DATA]
[2026-02-02 22:01:36] debug: 	zh:ember:uart:ash: <--- [FRAME type=DATA ackNum=1](ackRx=1 frmTx=1)
[2026-02-02 22:01:36] debug: 	zh:ember:uart:ash: <--- [FRAME type=DATA ackNum=1 frmNum=0](frmRx=0) Added to rxQueue
[2026-02-02 22:01:36] debug: 	zh:ember:uart:ash: ---> [FRAME type=ACK frmRx=1](ackRx=1)
[2026-02-02 22:01:36] debug: 	zh:ember:ezsp: <=== [CBFRAME: ID=69:"INCOMING_MESSAGE_HANDLER" Seq=88 Len=30]
[2026-02-02 22:01:36] debug: 	zh:ember:ezsp: ezspIncomingMessageHandler: type=UNICAST apsFrame={"profileId":260,"clusterId":6,"sourceEndpoint":1,"destinationEndpoint":1,"options":64,"groupId":0,"sequence":115} packetInfo:{"senderShortId":40200,"senderLongId":"0xffffffffffffffff","bindingIndex":255,"addressIndex":255,"lastHopLqi":108,"lastHopRssi":-73,"lastHopTimestamp":0} messageContents=08170b0000
[2026-02-02 22:01:36] debug: 	zh:controller: Received payload: clusterID=6, address=40200, groupID=0, endpoint=1, destinationEndpoint=1, wasBroadcast=false, linkQuality=108, frame={"header":{"frameControl":{"frameType":0,"manufacturerSpecific":false,"direction":1,"disableDefaultResponse":false,"reservedBits":0},"transactionSequenceNumber":23,"commandIdentifier":11},"payload":{"cmdId":0,"statusCode":0},"command":{"ID":11,"name":"defaultRsp","parameters":[{"name":"cmdId","type":8},{"name":"statusCode","type":48}]}}
[2026-02-02 22:01:36] info: 	z2m:mqtt: MQTT publish: topic 'zigbee2mqtt/IKEA Tradfri Mittled Driver', payload '{"brightness":203,"effect":null,"identify":null,"level_config":{"on_level":"previous"},"linkquality":108,"power_on_behavior":null,"state":"OFF","update":{"installed_version":16777220,"latest_version":16777220,"state":"idle"}}'
[2026-02-02 22:01:36] debug: 	zh:ember:uart:ash: <--- [FRAME type=DATA]
[2026-02-02 22:01:36] debug: 	zh:ember:uart:ash: <--- [FRAME type=DATA ackNum=1](ackRx=1 frmTx=1)
[2026-02-02 22:01:36] debug: 	zh:ember:uart:ash: <--- [FRAME type=DATA ackNum=1 frmNum=1](frmRx=1) Added to rxQueue
[2026-02-02 22:01:36] debug: 	zh:ember:uart:ash: ---> [FRAME type=ACK frmRx=2](ackRx=1)
[2026-02-02 22:01:36] debug: 	zh:ember:ezsp: <=== [CBFRAME: ID=63:"MESSAGE_SENT_HANDLER" Seq=88 Len=22]
[2026-02-02 22:01:36] debug: 	zh:ember:ezsp: ezspMessageSentHandler: status=OK type=DIRECT indexOrDestination=40200 apsFrame={"profileId":260,"clusterId":6,"sourceEndpoint":1,"destinationEndpoint":1,"options":4416,"groupId":0,"sequence":83} messageTag=55
[2026-02-02 22:01:46] debug: 	zh:ember:uart:ash: <--- [FRAME type=DATA]
[2026-02-02 22:01:46] debug: 	zh:ember:uart:ash: <--- [FRAME type=DATA ackNum=1](ackRx=1 frmTx=1)
[2026-02-02 22:01:46] debug: 	zh:ember:uart:ash: <--- [FRAME type=DATA ackNum=1 frmNum=2](frmRx=2) Added to rxQueue
[2026-02-02 22:01:46] debug: 	zh:ember:uart:ash: ---> [FRAME type=ACK frmRx=3](ackRx=1)
[2026-02-02 22:01:46] debug: 	zh:ember:ezsp: <=== [CBFRAME: ID=63:"MESSAGE_SENT_HANDLER" Seq=88 Len=22]
[2026-02-02 22:01:46] debug: 	zh:ember:ezsp: ezspMessageSentHandler: status=OK type=BROADCAST indexOrDestination=65533 apsFrame={"profileId":0,"clusterId":0,"sourceEndpoint":0,"destinationEndpoint":0,"options":1024,"groupId":0,"sequence":172} messageTag=255
[2026-02-02 22:01:47] debug: 	zh:ember:uart:ash: <--- [FRAME type=DATA]
[2026-02-02 22:01:47] debug: 	zh:ember:uart:ash: <--- [FRAME type=DATA ackNum=1](ackRx=1 frmTx=1)
[2026-02-02 22:01:47] debug: 	zh:ember:uart:ash: <--- [FRAME type=DATA ackNum=1 frmNum=3](frmRx=3) Added to rxQueue
[2026-02-02 22:01:47] debug: 	zh:ember:uart:ash: ---> [FRAME type=ACK frmRx=4](ackRx=1)
[2026-02-02 22:01:47] debug: 	zh:ember:ezsp: <=== [CBFRAME: ID=89:"INCOMING_ROUTE_RECORD_HANDLER" Seq=88 Len=20]
[2026-02-02 22:01:47] debug: 	zh:ember:ezsp: ezspIncomingRouteRecordHandler: source=29245 sourceEui=0xd44867fffeff5bc8 lastHopLqi=120 lastHopRssi=-70 relayCount=1 relayList=40200
[2026-02-02 22:01:48] debug: 	z2m:mqtt: Received MQTT message on 'zigbee2mqtt/Tuya Connected Outlet/set' with data 'ON'
[2026-02-02 22:01:48] debug: 	z2m: Publishing 'set' 'state' to 'Tuya Connected Outlet'
[2026-02-02 22:01:48] debug: 	zh:controller:endpoint: ZCL command 0xa4c138247a1a948b/1 genOnOff.on({}, {"timeout":10000,"disableResponse":false,"disableRecovery":false,"disableDefaultResponse":false,"direction":0,"reservedBits":0,"writeUndiv":false})
[2026-02-02 22:01:48] debug: 	zh:ember: ~~~> [ZCL to=0xa4c138247a1a948b:7447 apsFrame={"profileId":260,"clusterId":6,"sourceEndpoint":1,"destinationEndpoint":1,"options":4416,"groupId":0,"sequence":0} header={"frameControl":{"reservedBits":0,"frameType":1,"direction":0,"disableDefaultResponse":false,"manufacturerSpecific":false},"transactionSequenceNumber":24,"commandIdentifier":1}]
[2026-02-02 22:01:48] debug: 	zh:ember:ezsp: ===> [FRAME: ID=52:"SEND_UNICAST" Seq=89 Len=24]
[2026-02-02 22:01:48] debug: 	zh:ember:uart:ash: ---> [FRAME type=DATA frmTx=1 frmRx=4](ackRx=1)
[2026-02-02 22:01:48] debug: 	zh:ember:uart:ash: <--- [FRAME type=DATA]
[2026-02-02 22:01:48] debug: 	zh:ember:uart:ash: <--- [FRAME type=DATA ackNum=2](ackRx=1 frmTx=2)
[2026-02-02 22:01:48] debug: 	zh:ember:uart:ash: <--- [FRAME type=DATA ackNum=2 frmNum=4](frmRx=4) Added to rxQueue
[2026-02-02 22:01:48] debug: 	zh:ember:uart:ash: ---> [FRAME type=ACK frmRx=5](ackRx=2)
[2026-02-02 22:01:48] debug: 	zh:ember:ezsp: <=== [FRAME: ID=52:"SEND_UNICAST" Seq=89 Len=7]
[2026-02-02 22:01:48] debug: 	zh:ember:ezsp: ~~~> [SENT type=DIRECT apsSequence=85 messageTag=56 status=OK]
[2026-02-02 22:01:48] debug: 	zh:ember:uart:ash: <--- [FRAME type=DATA]
[2026-02-02 22:01:48] debug: 	zh:ember:uart:ash: <--- [FRAME type=DATA ackNum=2](ackRx=2 frmTx=2)
[2026-02-02 22:01:48] debug: 	zh:ember:uart:ash: <--- [FRAME type=DATA ackNum=2 frmNum=5](frmRx=5) Added to rxQueue
[2026-02-02 22:01:48] debug: 	zh:ember:uart:ash: ---> [FRAME type=ACK frmRx=6](ackRx=2)
[2026-02-02 22:01:48] debug: 	zh:ember:ezsp: <=== [CBFRAME: ID=89:"INCOMING_ROUTE_RECORD_HANDLER" Seq=89 Len=18]
[2026-02-02 22:01:48] debug: 	zh:ember:ezsp: ezspIncomingRouteRecordHandler: source=7447 sourceEui=0xa4c138247a1a948b lastHopLqi=124 lastHopRssi=-69 relayCount=0 relayList=
[2026-02-02 22:01:48] debug: 	zh:ember:uart:ash: <--- [FRAME type=DATA]
[2026-02-02 22:01:48] debug: 	zh:ember:uart:ash: <--- [FRAME type=DATA ackNum=2](ackRx=2 frmTx=2)
[2026-02-02 22:01:48] debug: 	zh:ember:uart:ash: <--- [FRAME type=DATA ackNum=2 frmNum=6](frmRx=6) Added to rxQueue
[2026-02-02 22:01:48] debug: 	zh:ember:uart:ash: ---> [FRAME type=ACK frmRx=7](ackRx=2)
[2026-02-02 22:01:48] debug: 	zh:ember:ezsp: <=== [CBFRAME: ID=63:"MESSAGE_SENT_HANDLER" Seq=89 Len=22]
[2026-02-02 22:01:48] debug: 	zh:ember:ezsp: ezspMessageSentHandler: status=OK type=DIRECT indexOrDestination=7447 apsFrame={"profileId":260,"clusterId":6,"sourceEndpoint":1,"destinationEndpoint":1,"options":4416,"groupId":0,"sequence":85} messageTag=56
[2026-02-02 22:01:48] debug: 	zh:ember:uart:ash: <--- [FRAME type=DATA]
[2026-02-02 22:01:48] debug: 	zh:ember:uart:ash: <--- [FRAME type=DATA ackNum=2](ackRx=2 frmTx=2)
[2026-02-02 22:01:48] debug: 	zh:ember:uart:ash: <--- [FRAME type=DATA ackNum=2 frmNum=7](frmRx=7) Added to rxQueue
[2026-02-02 22:01:48] debug: 	zh:ember:uart:ash: ---> [FRAME type=ACK frmRx=0](ackRx=2)
[2026-02-02 22:01:48] debug: 	zh:ember:ezsp: <=== [CBFRAME: ID=69:"INCOMING_MESSAGE_HANDLER" Seq=89 Len=30]
[2026-02-02 22:01:48] debug: 	zh:ember:ezsp: ezspIncomingMessageHandler: type=UNICAST apsFrame={"profileId":260,"clusterId":6,"sourceEndpoint":1,"destinationEndpoint":1,"options":320,"groupId":0,"sequence":25} packetInfo:{"senderShortId":7447,"senderLongId":"0xffffffffffffffff","bindingIndex":255,"addressIndex":255,"lastHopLqi":148,"lastHopRssi":-63,"lastHopTimestamp":0} messageContents=18180b0100
[2026-02-02 22:01:48] debug: 	zh:controller: Received payload: clusterID=6, address=7447, groupID=0, endpoint=1, destinationEndpoint=1, wasBroadcast=false, linkQuality=148, frame={"header":{"frameControl":{"frameType":0,"manufacturerSpecific":false,"direction":1,"disableDefaultResponse":true,"reservedBits":0},"transactionSequenceNumber":24,"commandIdentifier":11},"payload":{"cmdId":1,"statusCode":0},"command":{"ID":11,"name":"defaultRsp","parameters":[{"name":"cmdId","type":8},{"name":"statusCode","type":48}]}}
[2026-02-02 22:01:48] info: 	z2m:mqtt: MQTT publish: topic 'zigbee2mqtt/Tuya Connected Outlet', payload '{"child_lock":"UNLOCK","countdown":0,"current":0.06,"energy":28.22,"indicator_mode":"off/on","linkquality":148,"power":0,"power_outage_memory":"off","state":"ON","update":{"installed_version":268514823,"latest_version":268514823,"state":"idle"},"voltage":234}'
[2026-02-02 22:01:48] debug: 	zh:ember:uart:ash: <--- [FRAME type=DATA]
[2026-02-02 22:01:48] debug: 	zh:ember:uart:ash: <--- [FRAME type=DATA ackNum=2](ackRx=2 frmTx=2)
[2026-02-02 22:01:48] debug: 	zh:ember:uart:ash: <--- [FRAME type=DATA ackNum=2 frmNum=0](frmRx=0) Added to rxQueue
[2026-02-02 22:01:48] debug: 	zh:ember:uart:ash: ---> [FRAME type=ACK frmRx=1](ackRx=2)
[2026-02-02 22:01:48] debug: 	zh:ember:ezsp: <=== [CBFRAME: ID=69:"INCOMING_MESSAGE_HANDLER" Seq=89 Len=32]
[2026-02-02 22:01:48] debug: 	zh:ember:ezsp: ezspIncomingMessageHandler: type=UNICAST apsFrame={"profileId":260,"clusterId":6,"sourceEndpoint":1,"destinationEndpoint":1,"options":256,"groupId":0,"sequence":26} packetInfo:{"senderShortId":7447,"senderLongId":"0xffffffffffffffff","bindingIndex":255,"addressIndex":255,"lastHopLqi":140,"lastHopRssi":-65,"lastHopTimestamp":0} messageContents=18960a00001001
[2026-02-02 22:01:48] debug: 	zh:controller: Received payload: clusterID=6, address=7447, groupID=0, endpoint=1, destinationEndpoint=1, wasBroadcast=false, linkQuality=140, frame={"header":{"frameControl":{"frameType":0,"manufacturerSpecific":false,"direction":1,"disableDefaultResponse":true,"reservedBits":0},"transactionSequenceNumber":150,"commandIdentifier":10},"payload":[{"attrId":0,"dataType":16,"attrData":1}],"command":{"ID":10,"name":"report","parameters":[{"name":"attrId","type":9},{"name":"dataType","type":8},{"name":"attrData","type":1000}]}}
[2026-02-02 22:01:48] debug: 	z2m: Received Zigbee message from 'Tuya Connected Outlet', type 'attributeReport', cluster 'genOnOff', data '{"onOff":1}' from endpoint 1 with groupID 0
[2026-02-02 22:01:48] info: 	z2m:mqtt: MQTT publish: topic 'zigbee2mqtt/Tuya Connected Outlet', payload '{"child_lock":"UNLOCK","countdown":0,"current":0.06,"energy":28.22,"indicator_mode":"off/on","linkquality":140,"power":0,"power_outage_memory":"off","state":"ON","update":{"installed_version":268514823,"latest_version":268514823,"state":"idle"},"voltage":234}'
[2026-02-02 22:01:49] debug: 	zh:ember:uart:ash: <--- [FRAME type=DATA]
[2026-02-02 22:01:49] debug: 	zh:ember:uart:ash: <--- [FRAME type=DATA ackNum=2](ackRx=2 frmTx=2)
[2026-02-02 22:01:49] debug: 	zh:ember:uart:ash: <--- [FRAME type=DATA ackNum=2 frmNum=1](frmRx=1) Added to rxQueue
[2026-02-02 22:01:49] debug: 	zh:ember:uart:ash: ---> [FRAME type=ACK frmRx=2](ackRx=2)
[2026-02-02 22:01:49] debug: 	zh:ember:ezsp: <=== [CBFRAME: ID=69:"INCOMING_MESSAGE_HANDLER" Seq=89 Len=33]
[2026-02-02 22:01:49] debug: 	zh:ember:ezsp: ezspIncomingMessageHandler: type=UNICAST apsFrame={"profileId":260,"clusterId":2820,"sourceEndpoint":1,"destinationEndpoint":1,"options":256,"groupId":0,"sequence":27} packetInfo:{"senderShortId":7447,"senderLongId":"0xffffffffffffffff","bindingIndex":255,"addressIndex":255,"lastHopLqi":152,"lastHopRssi":-62,"lastHopTimestamp":0} messageContents=18970a0805214601
[2026-02-02 22:01:49] debug: 	zh:controller: Received payload: clusterID=2820, address=7447, groupID=0, endpoint=1, destinationEndpoint=1, wasBroadcast=false, linkQuality=152, frame={"header":{"frameControl":{"frameType":0,"manufacturerSpecific":false,"direction":1,"disableDefaultResponse":true,"reservedBits":0},"transactionSequenceNumber":151,"commandIdentifier":10},"payload":[{"attrId":1288,"dataType":33,"attrData":326}],"command":{"ID":10,"name":"report","parameters":[{"name":"attrId","type":9},{"name":"dataType","type":8},{"name":"attrData","type":1000}]}}
[2026-02-02 22:01:49] debug: 	z2m: Received Zigbee message from 'Tuya Connected Outlet', type 'attributeReport', cluster 'haElectricalMeasurement', data '{"rmsCurrent":326}' from endpoint 1 with groupID 0
[2026-02-02 22:01:49] info: 	z2m:mqtt: MQTT publish: topic 'zigbee2mqtt/Tuya Connected Outlet', payload '{"child_lock":"UNLOCK","countdown":0,"current":0.33,"energy":28.22,"indicator_mode":"off/on","linkquality":152,"power":0,"power_outage_memory":"off","state":"ON","update":{"installed_version":268514823,"latest_version":268514823,"state":"idle"},"voltage":234}'
[2026-02-02 22:01:49] debug: 	zh:ember:uart:ash: <--- [FRAME type=DATA]
[2026-02-02 22:01:49] debug: 	zh:ember:uart:ash: <--- [FRAME type=DATA ackNum=2](ackRx=2 frmTx=2)
[2026-02-02 22:01:49] debug: 	zh:ember:uart:ash: <--- [FRAME type=DATA ackNum=2 frmNum=2](frmRx=2) Added to rxQueue
[2026-02-02 22:01:49] debug: 	zh:ember:uart:ash: ---> [FRAME type=ACK frmRx=3](ackRx=2)
[2026-02-02 22:01:49] debug: 	zh:ember:ezsp: <=== [CBFRAME: ID=69:"INCOMING_MESSAGE_HANDLER" Seq=89 Len=33]
[2026-02-02 22:01:49] debug: 	zh:ember:ezsp: ezspIncomingMessageHandler: type=UNICAST apsFrame={"profileId":260,"clusterId":2820,"sourceEndpoint":1,"destinationEndpoint":1,"options":256,"groupId":0,"sequence":28} packetInfo:{"senderShortId":7447,"senderLongId":"0xffffffffffffffff","bindingIndex":255,"addressIndex":255,"lastHopLqi":152,"lastHopRssi":-62,"lastHopTimestamp":0} messageContents=18980a0b05213600
[2026-02-02 22:01:49] debug: 	zh:controller: Received payload: clusterID=2820, address=7447, groupID=0, endpoint=1, destinationEndpoint=1, wasBroadcast=false, linkQuality=152, frame={"header":{"frameControl":{"frameType":0,"manufacturerSpecific":false,"direction":1,"disableDefaultResponse":true,"reservedBits":0},"transactionSequenceNumber":152,"commandIdentifier":10},"payload":[{"attrId":1291,"dataType":33,"attrData":54}],"command":{"ID":10,"name":"report","parameters":[{"name":"attrId","type":9},{"name":"dataType","type":8},{"name":"attrData","type":1000}]}}
[2026-02-02 22:01:49] debug: 	z2m: Received Zigbee message from 'Tuya Connected Outlet', type 'attributeReport', cluster 'haElectricalMeasurement', data '{"activePower":54}' from endpoint 1 with groupID 0
[2026-02-02 22:01:49] info: 	z2m:mqtt: MQTT publish: topic 'zigbee2mqtt/Tuya Connected Outlet', payload '{"child_lock":"UNLOCK","countdown":0,"current":0.33,"energy":28.22,"indicator_mode":"off/on","linkquality":152,"power":54,"power_outage_memory":"off","state":"ON","update":{"installed_version":268514823,"latest_version":268514823,"state":"idle"},"voltage":234}'
[2026-02-02 22:01:50] debug: 	zh:ember:uart:ash: <--- [FRAME type=DATA]
[2026-02-02 22:01:50] debug: 	zh:ember:uart:ash: <--- [FRAME type=DATA ackNum=2](ackRx=2 frmTx=2)
[2026-02-02 22:01:50] debug: 	zh:ember:uart:ash: <--- [FRAME type=DATA ackNum=2 frmNum=3](frmRx=3) Added to rxQueue
[2026-02-02 22:01:50] debug: 	zh:ember:uart:ash: ---> [FRAME type=ACK frmRx=4](ackRx=2)
[2026-02-02 22:01:50] debug: 	zh:ember:ezsp: <=== [CBFRAME: ID=69:"INCOMING_MESSAGE_HANDLER" Seq=89 Len=33]
[2026-02-02 22:01:50] debug: 	zh:ember:ezsp: ezspIncomingMessageHandler: type=UNICAST apsFrame={"profileId":260,"clusterId":2820,"sourceEndpoint":1,"destinationEndpoint":1,"options":256,"groupId":0,"sequence":29} packetInfo:{"senderShortId":7447,"senderLongId":"0xffffffffffffffff","bindingIndex":255,"addressIndex":255,"lastHopLqi":148,"lastHopRssi":-63,"lastHopTimestamp":0} messageContents=18990a0b05212a00
[2026-02-02 22:01:50] debug: 	zh:controller: Received payload: clusterID=2820, address=7447, groupID=0, endpoint=1, destinationEndpoint=1, wasBroadcast=false, linkQuality=148, frame={"header":{"frameControl":{"frameType":0,"manufacturerSpecific":false,"direction":1,"disableDefaultResponse":true,"reservedBits":0},"transactionSequenceNumber":153,"commandIdentifier":10},"payload":[{"attrId":1291,"dataType":33,"attrData":42}],"command":{"ID":10,"name":"report","parameters":[{"name":"attrId","type":9},{"name":"dataType","type":8},{"name":"attrData","type":1000}]}}
[2026-02-02 22:01:50] debug: 	z2m: Received Zigbee message from 'Tuya Connected Outlet', type 'attributeReport', cluster 'haElectricalMeasurement', data '{"activePower":42}' from endpoint 1 with groupID 0
[2026-02-02 22:01:50] info: 	z2m:mqtt: MQTT publish: topic 'zigbee2mqtt/Tuya Connected Outlet', payload '{"child_lock":"UNLOCK","countdown":0,"current":0.33,"energy":28.22,"indicator_mode":"off/on","linkquality":148,"power":42,"power_outage_memory":"off","state":"ON","update":{"installed_version":268514823,"latest_version":268514823,"state":"idle"},"voltage":234}'
[2026-02-02 22:01:57] debug: 	zh:ember:uart:ash: <--- [FRAME type=DATA]
[2026-02-02 22:01:57] debug: 	zh:ember:uart:ash: <--- [FRAME type=DATA ackNum=2](ackRx=2 frmTx=2)
[2026-02-02 22:01:57] debug: 	zh:ember:uart:ash: <--- [FRAME type=DATA ackNum=2 frmNum=4](frmRx=4) Added to rxQueue
[2026-02-02 22:01:57] debug: 	zh:ember:uart:ash: ---> [FRAME type=ACK frmRx=5](ackRx=2)
[2026-02-02 22:01:57] debug: 	zh:ember:ezsp: <=== [CBFRAME: ID=125:"INCOMING_MANY_TO_ONE_ROUTE_REQUEST_HANDLER" Seq=89 Len=16]
[2026-02-02 22:01:57] debug: 	zh:ember:ezsp: ezspIncomingManyToOneRouteRequestHandler: source=40200 longId=0x842712fffedb8ddb cost=1
[2026-02-02 22:02:20] debug: 	zh:controller:endpoint: ZCL command 0xa4c138247a1a948b/1 haElectricalMeasurement.read(["rmsVoltage","rmsCurrent","activePower"], {"timeout":10000,"disableResponse":false,"disableRecovery":false,"disableDefaultResponse":true,"direction":0,"reservedBits":0,"writeUndiv":false})
[2026-02-02 22:02:20] debug: 	zh:ember: ~~~> [ZCL to=0xa4c138247a1a948b:7447 apsFrame={"profileId":260,"clusterId":2820,"sourceEndpoint":1,"destinationEndpoint":1,"options":4416,"groupId":0,"sequence":0} header={"frameControl":{"reservedBits":0,"frameType":0,"direction":0,"disableDefaultResponse":true,"manufacturerSpecific":false},"transactionSequenceNumber":25,"commandIdentifier":0}]
[2026-02-02 22:02:20] debug: 	zh:ember:ezsp: ===> [FRAME: ID=52:"SEND_UNICAST" Seq=90 Len=30]
[2026-02-02 22:02:20] debug: 	zh:ember:uart:ash: ---> [FRAME type=DATA frmTx=2 frmRx=5](ackRx=2)
[2026-02-02 22:02:20] debug: 	zh:ember:uart:ash: <--- [FRAME type=DATA]
[2026-02-02 22:02:20] debug: 	zh:ember:uart:ash: <--- [FRAME type=DATA ackNum=3](ackRx=2 frmTx=3)
[2026-02-02 22:02:20] debug: 	zh:ember:uart:ash: <--- [FRAME type=DATA ackNum=3 frmNum=5](frmRx=5) Added to rxQueue
[2026-02-02 22:02:20] debug: 	zh:ember:uart:ash: ---> [FRAME type=ACK frmRx=6](ackRx=3)
[2026-02-02 22:02:20] debug: 	zh:ember:ezsp: <=== [FRAME: ID=52:"SEND_UNICAST" Seq=90 Len=7]
[2026-02-02 22:02:20] debug: 	zh:ember:ezsp: ~~~> [SENT type=DIRECT apsSequence=86 messageTag=57 status=OK]
[2026-02-02 22:02:20] debug: 	zh:ember:uart:ash: <--- [FRAME type=DATA]
[2026-02-02 22:02:20] debug: 	zh:ember:uart:ash: <--- [FRAME type=DATA ackNum=3](ackRx=3 frmTx=3)
[2026-02-02 22:02:20] debug: 	zh:ember:uart:ash: <--- [FRAME type=DATA ackNum=3 frmNum=6](frmRx=6) Added to rxQueue
[2026-02-02 22:02:20] debug: 	zh:ember:uart:ash: ---> [FRAME type=ACK frmRx=7](ackRx=3)
[2026-02-02 22:02:20] debug: 	zh:ember:ezsp: <=== [CBFRAME: ID=63:"MESSAGE_SENT_HANDLER" Seq=90 Len=22]
[2026-02-02 22:02:20] debug: 	zh:ember:ezsp: ezspMessageSentHandler: status=OK type=DIRECT indexOrDestination=7447 apsFrame={"profileId":260,"clusterId":2820,"sourceEndpoint":1,"destinationEndpoint":1,"options":4416,"groupId":0,"sequence":86} messageTag=57
[2026-02-02 22:02:20] debug: 	zh:ember:uart:ash: <--- [FRAME type=DATA]
[2026-02-02 22:02:20] debug: 	zh:ember:uart:ash: <--- [FRAME type=DATA ackNum=3](ackRx=3 frmTx=3)
[2026-02-02 22:02:20] debug: 	zh:ember:uart:ash: <--- [FRAME type=DATA ackNum=3 frmNum=7](frmRx=7) Added to rxQueue
[2026-02-02 22:02:20] debug: 	zh:ember:uart:ash: ---> [FRAME type=ACK frmRx=0](ackRx=3)
[2026-02-02 22:02:20] debug: 	zh:ember:ezsp: <=== [CBFRAME: ID=69:"INCOMING_MESSAGE_HANDLER" Seq=90 Len=46]
[2026-02-02 22:02:20] debug: 	zh:ember:ezsp: ezspIncomingMessageHandler: type=UNICAST apsFrame={"profileId":260,"clusterId":2820,"sourceEndpoint":1,"destinationEndpoint":1,"options":320,"groupId":0,"sequence":30} packetInfo:{"senderShortId":7447,"senderLongId":"0xffffffffffffffff","bindingIndex":255,"addressIndex":255,"lastHopLqi":156,"lastHopRssi":-61,"lastHopTimestamp":0} messageContents=18190105050021ea0008050021d1000b0500212a00
[2026-02-02 22:02:20] debug: 	zh:controller: Received payload: clusterID=2820, address=7447, groupID=0, endpoint=1, destinationEndpoint=1, wasBroadcast=false, linkQuality=156, frame={"header":{"frameControl":{"frameType":0,"manufacturerSpecific":false,"direction":1,"disableDefaultResponse":true,"reservedBits":0},"transactionSequenceNumber":25,"commandIdentifier":1},"payload":[{"attrId":1285,"status":0,"dataType":33,"attrData":234},{"attrId":1288,"status":0,"dataType":33,"attrData":209},{"attrId":1291,"status":0,"dataType":33,"attrData":42}],"command":{"ID":1,"name":"readRsp","parameters":[{"name":"attrId","type":9},{"name":"status","type":8},{"name":"dataType","type":8,"conditions":[{"type":"fieldEquals","field":"status","value":0}]},{"name":"attrData","type":1000,"conditions":[{"type":"fieldEquals","field":"status","value":0}]}]}}
[2026-02-02 22:02:20] debug: 	z2m: Received Zigbee message from 'Tuya Connected Outlet', type 'readResponse', cluster 'haElectricalMeasurement', data '{"activePower":42,"rmsCurrent":209,"rmsVoltage":234}' from endpoint 1 with groupID 0
[2026-02-02 22:02:20] info: 	z2m:mqtt: MQTT publish: topic 'zigbee2mqtt/Tuya Connected Outlet', payload '{"child_lock":"UNLOCK","countdown":0,"current":0.21,"energy":28.22,"indicator_mode":"off/on","linkquality":156,"power":42,"power_outage_memory":"off","state":"ON","update":{"installed_version":268514823,"latest_version":268514823,"state":"idle"},"voltage":234}'
[2026-02-02 22:02:20] debug: 	zh:controller:endpoint: ZCL command 0xa4c138247a1a948b/1 seMetering.read(["currentSummDelivered"], {"timeout":10000,"disableResponse":false,"disableRecovery":false,"disableDefaultResponse":true,"direction":0,"reservedBits":0,"writeUndiv":false})
[2026-02-02 22:02:20] debug: 	zh:ember: ~~~> [ZCL to=0xa4c138247a1a948b:7447 apsFrame={"profileId":260,"clusterId":1794,"sourceEndpoint":1,"destinationEndpoint":1,"options":4416,"groupId":0,"sequence":0} header={"frameControl":{"reservedBits":0,"frameType":0,"direction":0,"disableDefaultResponse":true,"manufacturerSpecific":false},"transactionSequenceNumber":26,"commandIdentifier":0}]
[2026-02-02 22:02:20] debug: 	zh:ember:ezsp: ===> [FRAME: ID=52:"SEND_UNICAST" Seq=91 Len=26]
[2026-02-02 22:02:20] debug: 	zh:ember:uart:ash: ---> [FRAME type=DATA frmTx=3 frmRx=0](ackRx=3)
[2026-02-02 22:02:20] debug: 	zh:ember:uart:ash: <--- [FRAME type=DATA]
[2026-02-02 22:02:20] debug: 	zh:ember:uart:ash: <--- [FRAME type=DATA ackNum=4](ackRx=3 frmTx=4)
[2026-02-02 22:02:20] debug: 	zh:ember:uart:ash: <--- [FRAME type=DATA ackNum=4 frmNum=0](frmRx=0) Added to rxQueue
[2026-02-02 22:02:20] debug: 	zh:ember:uart:ash: ---> [FRAME type=ACK frmRx=1](ackRx=4)
[2026-02-02 22:02:20] debug: 	zh:ember:ezsp: <=== [FRAME: ID=52:"SEND_UNICAST" Seq=91 Len=7]
[2026-02-02 22:02:20] debug: 	zh:ember:ezsp: ~~~> [SENT type=DIRECT apsSequence=87 messageTag=58 status=OK]
[2026-02-02 22:02:20] debug: 	zh:ember:uart:ash: <--- [FRAME type=DATA]
[2026-02-02 22:02:20] debug: 	zh:ember:uart:ash: <--- [FRAME type=DATA ackNum=4](ackRx=4 frmTx=4)
[2026-02-02 22:02:20] debug: 	zh:ember:uart:ash: <--- [FRAME type=DATA ackNum=4 frmNum=1](frmRx=1) Added to rxQueue
[2026-02-02 22:02:20] debug: 	zh:ember:uart:ash: ---> [FRAME type=ACK frmRx=2](ackRx=4)
[2026-02-02 22:02:20] debug: 	zh:ember:ezsp: <=== [CBFRAME: ID=63:"MESSAGE_SENT_HANDLER" Seq=91 Len=22]
[2026-02-02 22:02:20] debug: 	zh:ember:ezsp: ezspMessageSentHandler: status=OK type=DIRECT indexOrDestination=7447 apsFrame={"profileId":260,"clusterId":1794,"sourceEndpoint":1,"destinationEndpoint":1,"options":4416,"groupId":0,"sequence":87} messageTag=58
[2026-02-02 22:02:20] debug: 	zh:ember:uart:ash: <--- [FRAME type=DATA]
[2026-02-02 22:02:20] debug: 	zh:ember:uart:ash: <--- [FRAME type=DATA ackNum=4](ackRx=4 frmTx=4)
[2026-02-02 22:02:20] debug: 	zh:ember:uart:ash: <--- [FRAME type=DATA ackNum=4 frmNum=2](frmRx=2) Added to rxQueue
[2026-02-02 22:02:20] debug: 	zh:ember:uart:ash: ---> [FRAME type=ACK frmRx=3](ackRx=4)
[2026-02-02 22:02:20] debug: 	zh:ember:ezsp: <=== [CBFRAME: ID=69:"INCOMING_MESSAGE_HANDLER" Seq=91 Len=38]
[2026-02-02 22:02:20] debug: 	zh:ember:ezsp: ezspIncomingMessageHandler: type=UNICAST apsFrame={"profileId":260,"clusterId":1794,"sourceEndpoint":1,"destinationEndpoint":1,"options":320,"groupId":0,"sequence":31} packetInfo:{"senderShortId":7447,"senderLongId":"0xffffffffffffffff","bindingIndex":255,"addressIndex":255,"lastHopLqi":160,"lastHopRssi":-60,"lastHopTimestamp":0} messageContents=181a0100000025060b00000000
[2026-02-02 22:02:20] debug: 	zh:controller: Received payload: clusterID=1794, address=7447, groupID=0, endpoint=1, destinationEndpoint=1, wasBroadcast=false, linkQuality=160, frame={"header":{"frameControl":{"frameType":0,"manufacturerSpecific":false,"direction":1,"disableDefaultResponse":true,"reservedBits":0},"transactionSequenceNumber":26,"commandIdentifier":1},"payload":[{"attrId":0,"status":0,"dataType":37,"attrData":2822}],"command":{"ID":1,"name":"readRsp","parameters":[{"name":"attrId","type":9},{"name":"status","type":8},{"name":"dataType","type":8,"conditions":[{"type":"fieldEquals","field":"status","value":0}]},{"name":"attrData","type":1000,"conditions":[{"type":"fieldEquals","field":"status","value":0}]}]}}
[2026-02-02 22:02:20] debug: 	z2m: Received Zigbee message from 'Tuya Connected Outlet', type 'readResponse', cluster 'seMetering', data '{"currentSummDelivered":2822}' from endpoint 1 with groupID 0
[2026-02-02 22:02:20] info: 	z2m:mqtt: MQTT publish: topic 'zigbee2mqtt/Tuya Connected Outlet', payload '{"child_lock":"UNLOCK","countdown":0,"current":0.21,"energy":28.22,"indicator_mode":"off/on","linkquality":160,"power":42,"power_outage_memory":"off","state":"ON","update":{"installed_version":268514823,"latest_version":268514823,"state":"idle"},"voltage":234}'
[2026-02-02 22:02:58] debug: 	zh:ember:uart:ash: <--- [FRAME type=DATA]
[2026-02-02 22:02:58] debug: 	zh:ember:uart:ash: <--- [FRAME type=DATA ackNum=4](ackRx=4 frmTx=4)
[2026-02-02 22:02:58] debug: 	zh:ember:uart:ash: <--- [FRAME type=DATA ackNum=4 frmNum=3](frmRx=3) Added to rxQueue
[2026-02-02 22:02:58] debug: 	zh:ember:uart:ash: ---> [FRAME type=ACK frmRx=4](ackRx=4)
[2026-02-02 22:02:58] debug: 	zh:ember:ezsp: <=== [CBFRAME: ID=125:"INCOMING_MANY_TO_ONE_ROUTE_REQUEST_HANDLER" Seq=91 Len=16]
[2026-02-02 22:02:58] debug: 	zh:ember:ezsp: ezspIncomingManyToOneRouteRequestHandler: source=40200 longId=0x842712fffedb8ddb cost=1
[2026-02-02 22:03:20] debug: 	zh:controller:endpoint: ZCL command 0xa4c138247a1a948b/1 haElectricalMeasurement.read(["rmsVoltage","rmsCurrent","activePower"], {"timeout":10000,"disableResponse":false,"disableRecovery":false,"disableDefaultResponse":true,"direction":0,"reservedBits":0,"writeUndiv":false})
[2026-02-02 22:03:20] debug: 	zh:ember: ~~~> [ZCL to=0xa4c138247a1a948b:7447 apsFrame={"profileId":260,"clusterId":2820,"sourceEndpoint":1,"destinationEndpoint":1,"options":4416,"groupId":0,"sequence":0} header={"frameControl":{"reservedBits":0,"frameType":0,"direction":0,"disableDefaultResponse":true,"manufacturerSpecific":false},"transactionSequenceNumber":27,"commandIdentifier":0}]
[2026-02-02 22:03:20] debug: 	zh:ember:ezsp: ===> [FRAME: ID=52:"SEND_UNICAST" Seq=92 Len=30]
[2026-02-02 22:03:20] debug: 	zh:ember:uart:ash: ---> [FRAME type=DATA frmTx=4 frmRx=4](ackRx=4)
[2026-02-02 22:03:20] debug: 	zh:ember:uart:ash: <--- [FRAME type=DATA]
[2026-02-02 22:03:20] debug: 	zh:ember:uart:ash: <--- [FRAME type=DATA ackNum=5](ackRx=4 frmTx=5)
[2026-02-02 22:03:20] debug: 	zh:ember:uart:ash: <--- [FRAME type=DATA ackNum=5 frmNum=4](frmRx=4) Added to rxQueue
[2026-02-02 22:03:20] debug: 	zh:ember:uart:ash: ---> [FRAME type=ACK frmRx=5](ackRx=5)
[2026-02-02 22:03:20] debug: 	zh:ember:ezsp: <=== [FRAME: ID=52:"SEND_UNICAST" Seq=92 Len=7]
[2026-02-02 22:03:20] debug: 	zh:ember:ezsp: ~~~> [SENT type=DIRECT apsSequence=88 messageTag=59 status=OK]
[2026-02-02 22:03:20] debug: 	zh:ember:uart:ash: <--- [FRAME type=DATA]
[2026-02-02 22:03:20] debug: 	zh:ember:uart:ash: <--- [FRAME type=DATA ackNum=5](ackRx=5 frmTx=5)
[2026-02-02 22:03:20] debug: 	zh:ember:uart:ash: <--- [FRAME type=DATA ackNum=5 frmNum=5](frmRx=5) Added to rxQueue
[2026-02-02 22:03:20] debug: 	zh:ember:uart:ash: ---> [FRAME type=ACK frmRx=6](ackRx=5)
[2026-02-02 22:03:20] debug: 	zh:ember:ezsp: <=== [CBFRAME: ID=89:"INCOMING_ROUTE_RECORD_HANDLER" Seq=92 Len=18]
[2026-02-02 22:03:20] debug: 	zh:ember:ezsp: ezspIncomingRouteRecordHandler: source=7447 sourceEui=0xa4c138247a1a948b lastHopLqi=152 lastHopRssi=-62 relayCount=0 relayList=
[2026-02-02 22:03:20] debug: 	zh:ember:uart:ash: <--- [FRAME type=DATA]
[2026-02-02 22:03:20] debug: 	zh:ember:uart:ash: <--- [FRAME type=DATA ackNum=5](ackRx=5 frmTx=5)
[2026-02-02 22:03:20] debug: 	zh:ember:uart:ash: <--- [FRAME type=DATA ackNum=5 frmNum=6](frmRx=6) Added to rxQueue
[2026-02-02 22:03:20] debug: 	zh:ember:uart:ash: ---> [FRAME type=ACK frmRx=7](ackRx=5)
[2026-02-02 22:03:20] debug: 	zh:ember:ezsp: <=== [CBFRAME: ID=63:"MESSAGE_SENT_HANDLER" Seq=92 Len=22]
[2026-02-02 22:03:20] debug: 	zh:ember:ezsp: ezspMessageSentHandler: status=OK type=DIRECT indexOrDestination=7447 apsFrame={"profileId":260,"clusterId":2820,"sourceEndpoint":1,"destinationEndpoint":1,"options":4416,"groupId":0,"sequence":88} messageTag=59
[2026-02-02 22:03:20] debug: 	zh:ember:uart:ash: <--- [FRAME type=DATA]
[2026-02-02 22:03:20] debug: 	zh:ember:uart:ash: <--- [FRAME type=DATA ackNum=5](ackRx=5 frmTx=5)
[2026-02-02 22:03:20] debug: 	zh:ember:uart:ash: <--- [FRAME type=DATA ackNum=5 frmNum=7](frmRx=7) Added to rxQueue
[2026-02-02 22:03:20] debug: 	zh:ember:uart:ash: ---> [FRAME type=ACK frmRx=0](ackRx=5)
[2026-02-02 22:03:20] debug: 	zh:ember:ezsp: <=== [CBFRAME: ID=69:"INCOMING_MESSAGE_HANDLER" Seq=92 Len=46]
[2026-02-02 22:03:20] debug: 	zh:ember:ezsp: ezspIncomingMessageHandler: type=UNICAST apsFrame={"profileId":260,"clusterId":2820,"sourceEndpoint":1,"destinationEndpoint":1,"options":320,"groupId":0,"sequence":32} packetInfo:{"senderShortId":7447,"senderLongId":"0xffffffffffffffff","bindingIndex":255,"addressIndex":255,"lastHopLqi":152,"lastHopRssi":-62,"lastHopTimestamp":0} messageContents=181b0105050021ea0008050021d1000b0500212b00
[2026-02-02 22:03:20] debug: 	zh:controller: Received payload: clusterID=2820, address=7447, groupID=0, endpoint=1, destinationEndpoint=1, wasBroadcast=false, linkQuality=152, frame={"header":{"frameControl":{"frameType":0,"manufacturerSpecific":false,"direction":1,"disableDefaultResponse":true,"reservedBits":0},"transactionSequenceNumber":27,"commandIdentifier":1},"payload":[{"attrId":1285,"status":0,"dataType":33,"attrData":234},{"attrId":1288,"status":0,"dataType":33,"attrData":209},{"attrId":1291,"status":0,"dataType":33,"attrData":43}],"command":{"ID":1,"name":"readRsp","parameters":[{"name":"attrId","type":9},{"name":"status","type":8},{"name":"dataType","type":8,"conditions":[{"type":"fieldEquals","field":"status","value":0}]},{"name":"attrData","type":1000,"conditions":[{"type":"fieldEquals","field":"status","value":0}]}]}}
[2026-02-02 22:03:20] debug: 	z2m: Received Zigbee message from 'Tuya Connected Outlet', type 'readResponse', cluster 'haElectricalMeasurement', data '{"activePower":43,"rmsCurrent":209,"rmsVoltage":234}' from endpoint 1 with groupID 0
[2026-02-02 22:03:20] info: 	z2m:mqtt: MQTT publish: topic 'zigbee2mqtt/Tuya Connected Outlet', payload '{"child_lock":"UNLOCK","countdown":0,"current":0.21,"energy":28.22,"indicator_mode":"off/on","linkquality":152,"power":43,"power_outage_memory":"off","state":"ON","update":{"installed_version":268514823,"latest_version":268514823,"state":"idle"},"voltage":234}'
[2026-02-02 22:03:20] debug: 	zh:controller:endpoint: ZCL command 0xa4c138247a1a948b/1 seMetering.read(["currentSummDelivered"], {"timeout":10000,"disableResponse":false,"disableRecovery":false,"disableDefaultResponse":true,"direction":0,"reservedBits":0,"writeUndiv":false})
[2026-02-02 22:03:20] debug: 	zh:ember: ~~~> [ZCL to=0xa4c138247a1a948b:7447 apsFrame={"profileId":260,"clusterId":1794,"sourceEndpoint":1,"destinationEndpoint":1,"options":4416,"groupId":0,"sequence":0} header={"frameControl":{"reservedBits":0,"frameType":0,"direction":0,"disableDefaultResponse":true,"manufacturerSpecific":false},"transactionSequenceNumber":28,"commandIdentifier":0}]
[2026-02-02 22:03:20] debug: 	zh:ember:ezsp: ===> [FRAME: ID=52:"SEND_UNICAST" Seq=93 Len=26]
[2026-02-02 22:03:20] debug: 	zh:ember:uart:ash: ---> [FRAME type=DATA frmTx=5 frmRx=0](ackRx=5)
[2026-02-02 22:03:20] debug: 	zh:ember:uart:ash: <--- [FRAME type=DATA]
[2026-02-02 22:03:20] debug: 	zh:ember:uart:ash: <--- [FRAME type=DATA ackNum=6](ackRx=5 frmTx=6)
[2026-02-02 22:03:20] debug: 	zh:ember:uart:ash: <--- [FRAME type=DATA ackNum=6 frmNum=0](frmRx=0) Added to rxQueue
[2026-02-02 22:03:20] debug: 	zh:ember:uart:ash: ---> [FRAME type=ACK frmRx=1](ackRx=6)
[2026-02-02 22:03:20] debug: 	zh:ember:ezsp: <=== [FRAME: ID=52:"SEND_UNICAST" Seq=93 Len=7]
[2026-02-02 22:03:20] debug: 	zh:ember:ezsp: ~~~> [SENT type=DIRECT apsSequence=89 messageTag=60 status=OK]
[2026-02-02 22:03:20] debug: 	zh:ember:uart:ash: <--- [FRAME type=DATA]
[2026-02-02 22:03:20] debug: 	zh:ember:uart:ash: <--- [FRAME type=DATA ackNum=6](ackRx=6 frmTx=6)
[2026-02-02 22:03:20] debug: 	zh:ember:uart:ash: <--- [FRAME type=DATA ackNum=6 frmNum=1](frmRx=1) Added to rxQueue
[2026-02-02 22:03:20] debug: 	zh:ember:uart:ash: ---> [FRAME type=ACK frmRx=2](ackRx=6)
[2026-02-02 22:03:20] debug: 	zh:ember:ezsp: <=== [CBFRAME: ID=63:"MESSAGE_SENT_HANDLER" Seq=93 Len=22]
[2026-02-02 22:03:20] debug: 	zh:ember:ezsp: ezspMessageSentHandler: status=OK type=DIRECT indexOrDestination=7447 apsFrame={"profileId":260,"clusterId":1794,"sourceEndpoint":1,"destinationEndpoint":1,"options":4416,"groupId":0,"sequence":89} messageTag=60
[2026-02-02 22:03:20] debug: 	zh:ember:uart:ash: <--- [FRAME type=DATA]
[2026-02-02 22:03:20] debug: 	zh:ember:uart:ash: <--- [FRAME type=DATA ackNum=6](ackRx=6 frmTx=6)
[2026-02-02 22:03:20] debug: 	zh:ember:uart:ash: <--- [FRAME type=DATA ackNum=6 frmNum=2](frmRx=2) Added to rxQueue
[2026-02-02 22:03:20] debug: 	zh:ember:uart:ash: ---> [FRAME type=ACK frmRx=3](ackRx=6)
[2026-02-02 22:03:20] debug: 	zh:ember:ezsp: <=== [CBFRAME: ID=69:"INCOMING_MESSAGE_HANDLER" Seq=93 Len=38]
[2026-02-02 22:03:20] debug: 	zh:ember:ezsp: ezspIncomingMessageHandler: type=UNICAST apsFrame={"profileId":260,"clusterId":1794,"sourceEndpoint":1,"destinationEndpoint":1,"options":320,"groupId":0,"sequence":33} packetInfo:{"senderShortId":7447,"senderLongId":"0xffffffffffffffff","bindingIndex":255,"addressIndex":255,"lastHopLqi":148,"lastHopRssi":-63,"lastHopTimestamp":0} messageContents=181c0100000025060b00000000
[2026-02-02 22:03:20] debug: 	zh:controller: Received payload: clusterID=1794, address=7447, groupID=0, endpoint=1, destinationEndpoint=1, wasBroadcast=false, linkQuality=148, frame={"header":{"frameControl":{"frameType":0,"manufacturerSpecific":false,"direction":1,"disableDefaultResponse":true,"reservedBits":0},"transactionSequenceNumber":28,"commandIdentifier":1},"payload":[{"attrId":0,"status":0,"dataType":37,"attrData":2822}],"command":{"ID":1,"name":"readRsp","parameters":[{"name":"attrId","type":9},{"name":"status","type":8},{"name":"dataType","type":8,"conditions":[{"type":"fieldEquals","field":"status","value":0}]},{"name":"attrData","type":1000,"conditions":[{"type":"fieldEquals","field":"status","value":0}]}]}}
[2026-02-02 22:03:20] debug: 	z2m: Received Zigbee message from 'Tuya Connected Outlet', type 'readResponse', cluster 'seMetering', data '{"currentSummDelivered":2822}' from endpoint 1 with groupID 0
[2026-02-02 22:03:20] info: 	z2m:mqtt: MQTT publish: topic 'zigbee2mqtt/Tuya Connected Outlet', payload '{"child_lock":"UNLOCK","countdown":0,"current":0.21,"energy":28.22,"indicator_mode":"off/on","linkquality":148,"power":43,"power_outage_memory":"off","state":"ON","update":{"installed_version":268514823,"latest_version":268514823,"state":"idle"},"voltage":234}'
[2026-02-02 22:03:59] debug: 	zh:ember:uart:ash: <--- [FRAME type=DATA]
[2026-02-02 22:03:59] debug: 	zh:ember:uart:ash: <--- [FRAME type=DATA ackNum=6](ackRx=6 frmTx=6)
[2026-02-02 22:03:59] debug: 	zh:ember:uart:ash: <--- [FRAME type=DATA ackNum=6 frmNum=3](frmRx=3) Added to rxQueue
[2026-02-02 22:03:59] debug: 	zh:ember:uart:ash: ---> [FRAME type=ACK frmRx=4](ackRx=6)
[2026-02-02 22:03:59] debug: 	zh:ember:ezsp: <=== [CBFRAME: ID=125:"INCOMING_MANY_TO_ONE_ROUTE_REQUEST_HANDLER" Seq=93 Len=16]
[2026-02-02 22:03:59] debug: 	zh:ember:ezsp: ezspIncomingManyToOneRouteRequestHandler: source=40200 longId=0x842712fffedb8ddb cost=1
[2026-02-02 22:04:14] debug: 	z2m: Saving state to file /config/zigbee2mqtt/state.json
[2026-02-02 22:04:17] debug: 	zh:controller:database: Writing database to '/config/zigbee2mqtt/database.db'
[2026-02-02 22:04:20] debug: 	zh:controller:endpoint: ZCL command 0xa4c138247a1a948b/1 haElectricalMeasurement.read(["rmsVoltage","rmsCurrent","activePower"], {"timeout":10000,"disableResponse":false,"disableRecovery":false,"disableDefaultResponse":true,"direction":0,"reservedBits":0,"writeUndiv":false})
[2026-02-02 22:04:20] debug: 	zh:ember: ~~~> [ZCL to=0xa4c138247a1a948b:7447 apsFrame={"profileId":260,"clusterId":2820,"sourceEndpoint":1,"destinationEndpoint":1,"options":4416,"groupId":0,"sequence":0} header={"frameControl":{"reservedBits":0,"frameType":0,"direction":0,"disableDefaultResponse":true,"manufacturerSpecific":false},"transactionSequenceNumber":29,"commandIdentifier":0}]
[2026-02-02 22:04:20] debug: 	zh:ember:ezsp: ===> [FRAME: ID=52:"SEND_UNICAST" Seq=94 Len=30]
[2026-02-02 22:04:20] debug: 	zh:ember:uart:ash: ---> [FRAME type=DATA frmTx=6 frmRx=4](ackRx=6)
[2026-02-02 22:04:20] debug: 	zh:ember:uart:ash: <--- [FRAME type=DATA]
[2026-02-02 22:04:20] debug: 	zh:ember:uart:ash: <--- [FRAME type=DATA ackNum=7](ackRx=6 frmTx=7)
[2026-02-02 22:04:20] debug: 	zh:ember:uart:ash: <--- [FRAME type=DATA ackNum=7 frmNum=4](frmRx=4) Added to rxQueue
[2026-02-02 22:04:20] debug: 	zh:ember:uart:ash: ---> [FRAME type=ACK frmRx=5](ackRx=7)
[2026-02-02 22:04:20] debug: 	zh:ember:ezsp: <=== [FRAME: ID=52:"SEND_UNICAST" Seq=94 Len=7]
[2026-02-02 22:04:20] debug: 	zh:ember:ezsp: ~~~> [SENT type=DIRECT apsSequence=90 messageTag=61 status=OK]
[2026-02-02 22:04:20] debug: 	zh:ember:uart:ash: <--- [FRAME type=DATA]
[2026-02-02 22:04:20] debug: 	zh:ember:uart:ash: <--- [FRAME type=DATA ackNum=7](ackRx=7 frmTx=7)
[2026-02-02 22:04:20] debug: 	zh:ember:uart:ash: <--- [FRAME type=DATA ackNum=7 frmNum=5](frmRx=5) Added to rxQueue
[2026-02-02 22:04:20] debug: 	zh:ember:uart:ash: ---> [FRAME type=ACK frmRx=6](ackRx=7)
[2026-02-02 22:04:20] debug: 	zh:ember:ezsp: <=== [CBFRAME: ID=89:"INCOMING_ROUTE_RECORD_HANDLER" Seq=94 Len=18]
[2026-02-02 22:04:20] debug: 	zh:ember:ezsp: ezspIncomingRouteRecordHandler: source=7447 sourceEui=0xa4c138247a1a948b lastHopLqi=144 lastHopRssi=-64 relayCount=0 relayList=
[2026-02-02 22:04:20] debug: 	zh:ember:uart:ash: <--- [FRAME type=DATA]
[2026-02-02 22:04:20] debug: 	zh:ember:uart:ash: <--- [FRAME type=DATA ackNum=7](ackRx=7 frmTx=7)
[2026-02-02 22:04:20] debug: 	zh:ember:uart:ash: <--- [FRAME type=DATA ackNum=7 frmNum=6](frmRx=6) Added to rxQueue
[2026-02-02 22:04:20] debug: 	zh:ember:uart:ash: ---> [FRAME type=ACK frmRx=7](ackRx=7)
[2026-02-02 22:04:20] debug: 	zh:ember:ezsp: <=== [CBFRAME: ID=63:"MESSAGE_SENT_HANDLER" Seq=94 Len=22]
[2026-02-02 22:04:20] debug: 	zh:ember:ezsp: ezspMessageSentHandler: status=OK type=DIRECT indexOrDestination=7447 apsFrame={"profileId":260,"clusterId":2820,"sourceEndpoint":1,"destinationEndpoint":1,"options":4416,"groupId":0,"sequence":90} messageTag=61
[2026-02-02 22:04:20] debug: 	zh:ember:uart:ash: <--- [FRAME type=DATA]
[2026-02-02 22:04:20] debug: 	zh:ember:uart:ash: <--- [FRAME type=DATA ackNum=7](ackRx=7 frmTx=7)
[2026-02-02 22:04:20] debug: 	zh:ember:uart:ash: <--- [FRAME type=DATA ackNum=7 frmNum=7](frmRx=7) Added to rxQueue
[2026-02-02 22:04:20] debug: 	zh:ember:uart:ash: ---> [FRAME type=ACK frmRx=0](ackRx=7)
[2026-02-02 22:04:20] debug: 	zh:ember:ezsp: <=== [CBFRAME: ID=69:"INCOMING_MESSAGE_HANDLER" Seq=94 Len=46]
[2026-02-02 22:04:20] debug: 	zh:ember:ezsp: ezspIncomingMessageHandler: type=UNICAST apsFrame={"profileId":260,"clusterId":2820,"sourceEndpoint":1,"destinationEndpoint":1,"options":320,"groupId":0,"sequence":34} packetInfo:{"senderShortId":7447,"senderLongId":"0xffffffffffffffff","bindingIndex":255,"addressIndex":255,"lastHopLqi":144,"lastHopRssi":-64,"lastHopTimestamp":0} messageContents=181d0105050021eb0008050021dd000b0500212d00
[2026-02-02 22:04:20] debug: 	zh:controller: Received payload: clusterID=2820, address=7447, groupID=0, endpoint=1, destinationEndpoint=1, wasBroadcast=false, linkQuality=144, frame={"header":{"frameControl":{"frameType":0,"manufacturerSpecific":false,"direction":1,"disableDefaultResponse":true,"reservedBits":0},"transactionSequenceNumber":29,"commandIdentifier":1},"payload":[{"attrId":1285,"status":0,"dataType":33,"attrData":235},{"attrId":1288,"status":0,"dataType":33,"attrData":221},{"attrId":1291,"status":0,"dataType":33,"attrData":45}],"command":{"ID":1,"name":"readRsp","parameters":[{"name":"attrId","type":9},{"name":"status","type":8},{"name":"dataType","type":8,"conditions":[{"type":"fieldEquals","field":"status","value":0}]},{"name":"attrData","type":1000,"conditions":[{"type":"fieldEquals","field":"status","value":0}]}]}}
[2026-02-02 22:04:20] debug: 	z2m: Received Zigbee message from 'Tuya Connected Outlet', type 'readResponse', cluster 'haElectricalMeasurement', data '{"activePower":45,"rmsCurrent":221,"rmsVoltage":235}' from endpoint 1 with groupID 0
[2026-02-02 22:04:20] info: 	z2m:mqtt: MQTT publish: topic 'zigbee2mqtt/Tuya Connected Outlet', payload '{"child_lock":"UNLOCK","countdown":0,"current":0.22,"energy":28.22,"indicator_mode":"off/on","linkquality":144,"power":45,"power_outage_memory":"off","state":"ON","update":{"installed_version":268514823,"latest_version":268514823,"state":"idle"},"voltage":235}'
[2026-02-02 22:04:20] debug: 	zh:controller:endpoint: ZCL command 0xa4c138247a1a948b/1 seMetering.read(["currentSummDelivered"], {"timeout":10000,"disableResponse":false,"disableRecovery":false,"disableDefaultResponse":true,"direction":0,"reservedBits":0,"writeUndiv":false})
[2026-02-02 22:04:20] debug: 	zh:ember: ~~~> [ZCL to=0xa4c138247a1a948b:7447 apsFrame={"profileId":260,"clusterId":1794,"sourceEndpoint":1,"destinationEndpoint":1,"options":4416,"groupId":0,"sequence":0} header={"frameControl":{"reservedBits":0,"frameType":0,"direction":0,"disableDefaultResponse":true,"manufacturerSpecific":false},"transactionSequenceNumber":30,"commandIdentifier":0}]
[2026-02-02 22:04:20] debug: 	zh:ember:ezsp: ===> [FRAME: ID=52:"SEND_UNICAST" Seq=95 Len=26]
[2026-02-02 22:04:20] debug: 	zh:ember:uart:ash: ---> [FRAME type=DATA frmTx=7 frmRx=0](ackRx=7)
[2026-02-02 22:04:20] debug: 	zh:ember:uart:ash: <--- [FRAME type=DATA]
[2026-02-02 22:04:20] debug: 	zh:ember:uart:ash: <--- [FRAME type=DATA ackNum=0](ackRx=7 frmTx=0)
[2026-02-02 22:04:20] debug: 	zh:ember:uart:ash: <--- [FRAME type=DATA ackNum=0 frmNum=0](frmRx=0) Added to rxQueue
[2026-02-02 22:04:20] debug: 	zh:ember:uart:ash: ---> [FRAME type=ACK frmRx=1](ackRx=0)
[2026-02-02 22:04:20] debug: 	zh:ember:ezsp: <=== [FRAME: ID=52:"SEND_UNICAST" Seq=95 Len=7]
[2026-02-02 22:04:20] debug: 	zh:ember:ezsp: ~~~> [SENT type=DIRECT apsSequence=91 messageTag=62 status=OK]
[2026-02-02 22:04:20] debug: 	zh:ember:uart:ash: <--- [FRAME type=DATA]
[2026-02-02 22:04:20] debug: 	zh:ember:uart:ash: <--- [FRAME type=DATA ackNum=0](ackRx=0 frmTx=0)
[2026-02-02 22:04:20] debug: 	zh:ember:uart:ash: <--- [FRAME type=DATA ackNum=0 frmNum=1](frmRx=1) Added to rxQueue
[2026-02-02 22:04:20] debug: 	zh:ember:uart:ash: ---> [FRAME type=ACK frmRx=2](ackRx=0)
[2026-02-02 22:04:20] debug: 	zh:ember:ezsp: <=== [CBFRAME: ID=63:"MESSAGE_SENT_HANDLER" Seq=95 Len=22]
[2026-02-02 22:04:20] debug: 	zh:ember:ezsp: ezspMessageSentHandler: status=OK type=DIRECT indexOrDestination=7447 apsFrame={"profileId":260,"clusterId":1794,"sourceEndpoint":1,"destinationEndpoint":1,"options":4416,"groupId":0,"sequence":91} messageTag=62
[2026-02-02 22:04:20] debug: 	zh:ember:uart:ash: <--- [FRAME type=DATA]
[2026-02-02 22:04:20] debug: 	zh:ember:uart:ash: <--- [FRAME type=DATA ackNum=0](ackRx=0 frmTx=0)
[2026-02-02 22:04:20] debug: 	zh:ember:uart:ash: <--- [FRAME type=DATA ackNum=0 frmNum=2](frmRx=2) Added to rxQueue
[2026-02-02 22:04:20] debug: 	zh:ember:uart:ash: ---> [FRAME type=ACK frmRx=3](ackRx=0)
[2026-02-02 22:04:20] debug: 	zh:ember:ezsp: <=== [CBFRAME: ID=69:"INCOMING_MESSAGE_HANDLER" Seq=95 Len=38]
[2026-02-02 22:04:20] debug: 	zh:ember:ezsp: ezspIncomingMessageHandler: type=UNICAST apsFrame={"profileId":260,"clusterId":1794,"sourceEndpoint":1,"destinationEndpoint":1,"options":320,"groupId":0,"sequence":35} packetInfo:{"senderShortId":7447,"senderLongId":"0xffffffffffffffff","bindingIndex":255,"addressIndex":255,"lastHopLqi":148,"lastHopRssi":-63,"lastHopTimestamp":0} messageContents=181e0100000025060b00000000
[2026-02-02 22:04:20] debug: 	zh:controller: Received payload: clusterID=1794, address=7447, groupID=0, endpoint=1, destinationEndpoint=1, wasBroadcast=false, linkQuality=148, frame={"header":{"frameControl":{"frameType":0,"manufacturerSpecific":false,"direction":1,"disableDefaultResponse":true,"reservedBits":0},"transactionSequenceNumber":30,"commandIdentifier":1},"payload":[{"attrId":0,"status":0,"dataType":37,"attrData":2822}],"command":{"ID":1,"name":"readRsp","parameters":[{"name":"attrId","type":9},{"name":"status","type":8},{"name":"dataType","type":8,"conditions":[{"type":"fieldEquals","field":"status","value":0}]},{"name":"attrData","type":1000,"conditions":[{"type":"fieldEquals","field":"status","value":0}]}]}}
[2026-02-02 22:04:20] debug: 	z2m: Received Zigbee message from 'Tuya Connected Outlet', type 'readResponse', cluster 'seMetering', data '{"currentSummDelivered":2822}' from endpoint 1 with groupID 0
[2026-02-02 22:04:20] info: 	z2m:mqtt: MQTT publish: topic 'zigbee2mqtt/Tuya Connected Outlet', payload '{"child_lock":"UNLOCK","countdown":0,"current":0.22,"energy":28.22,"indicator_mode":"off/on","linkquality":148,"power":45,"power_outage_memory":"off","state":"ON","update":{"installed_version":268514823,"latest_version":268514823,"state":"idle"},"voltage":235}'
[2026-02-02 22:05:01] debug: 	zh:ember:uart:ash: <--- [FRAME type=DATA]
[2026-02-02 22:05:01] debug: 	zh:ember:uart:ash: <--- [FRAME type=DATA ackNum=0](ackRx=0 frmTx=0)
[2026-02-02 22:05:01] debug: 	zh:ember:uart:ash: <--- [FRAME type=DATA ackNum=0 frmNum=3](frmRx=3) Added to rxQueue
[2026-02-02 22:05:01] debug: 	zh:ember:uart:ash: ---> [FRAME type=ACK frmRx=4](ackRx=0)
[2026-02-02 22:05:01] debug: 	zh:ember:ezsp: <=== [CBFRAME: ID=125:"INCOMING_MANY_TO_ONE_ROUTE_REQUEST_HANDLER" Seq=95 Len=16]
[2026-02-02 22:05:01] debug: 	zh:ember:ezsp: ezspIncomingManyToOneRouteRequestHandler: source=40200 longId=0x842712fffedb8ddb cost=1
[2026-02-02 22:05:20] debug: 	zh:controller:endpoint: ZCL command 0xa4c138247a1a948b/1 haElectricalMeasurement.read(["rmsVoltage","rmsCurrent","activePower"], {"timeout":10000,"disableResponse":false,"disableRecovery":false,"disableDefaultResponse":true,"direction":0,"reservedBits":0,"writeUndiv":false})
[2026-02-02 22:05:20] debug: 	zh:ember: ~~~> [ZCL to=0xa4c138247a1a948b:7447 apsFrame={"profileId":260,"clusterId":2820,"sourceEndpoint":1,"destinationEndpoint":1,"options":4416,"groupId":0,"sequence":0} header={"frameControl":{"reservedBits":0,"frameType":0,"direction":0,"disableDefaultResponse":true,"manufacturerSpecific":false},"transactionSequenceNumber":31,"commandIdentifier":0}]
[2026-02-02 22:05:20] debug: 	zh:ember:ezsp: ===> [FRAME: ID=52:"SEND_UNICAST" Seq=96 Len=30]
[2026-02-02 22:05:20] debug: 	zh:ember:uart:ash: ---> [FRAME type=DATA frmTx=0 frmRx=4](ackRx=0)
[2026-02-02 22:05:20] debug: 	zh:ember:uart:ash: <--- [FRAME type=DATA]
[2026-02-02 22:05:20] debug: 	zh:ember:uart:ash: <--- [FRAME type=DATA ackNum=1](ackRx=0 frmTx=1)
[2026-02-02 22:05:20] debug: 	zh:ember:uart:ash: <--- [FRAME type=DATA ackNum=1 frmNum=4](frmRx=4) Added to rxQueue
[2026-02-02 22:05:20] debug: 	zh:ember:uart:ash: ---> [FRAME type=ACK frmRx=5](ackRx=1)
[2026-02-02 22:05:20] debug: 	zh:ember:ezsp: <=== [FRAME: ID=52:"SEND_UNICAST" Seq=96 Len=7]
[2026-02-02 22:05:20] debug: 	zh:ember:ezsp: ~~~> [SENT type=DIRECT apsSequence=92 messageTag=63 status=OK]
[2026-02-02 22:05:20] debug: 	zh:ember:uart:ash: <--- [FRAME type=DATA]
[2026-02-02 22:05:20] debug: 	zh:ember:uart:ash: <--- [FRAME type=DATA ackNum=1](ackRx=1 frmTx=1)
[2026-02-02 22:05:20] debug: 	zh:ember:uart:ash: <--- [FRAME type=DATA ackNum=1 frmNum=5](frmRx=5) Added to rxQueue
[2026-02-02 22:05:20] debug: 	zh:ember:uart:ash: ---> [FRAME type=ACK frmRx=6](ackRx=1)
[2026-02-02 22:05:20] debug: 	zh:ember:ezsp: <=== [CBFRAME: ID=89:"INCOMING_ROUTE_RECORD_HANDLER" Seq=96 Len=18]
[2026-02-02 22:05:20] debug: 	zh:ember:ezsp: ezspIncomingRouteRecordHandler: source=7447 sourceEui=0xa4c138247a1a948b lastHopLqi=160 lastHopRssi=-60 relayCount=0 relayList=
[2026-02-02 22:05:20] debug: 	zh:ember:uart:ash: <--- [FRAME type=DATA]
[2026-02-02 22:05:20] debug: 	zh:ember:uart:ash: <--- [FRAME type=DATA ackNum=1](ackRx=1 frmTx=1)
[2026-02-02 22:05:20] debug: 	zh:ember:uart:ash: <--- [FRAME type=DATA ackNum=1 frmNum=6](frmRx=6) Added to rxQueue
[2026-02-02 22:05:20] debug: 	zh:ember:uart:ash: ---> [FRAME type=ACK frmRx=7](ackRx=1)
[2026-02-02 22:05:20] debug: 	zh:ember:ezsp: <=== [CBFRAME: ID=63:"MESSAGE_SENT_HANDLER" Seq=96 Len=22]
[2026-02-02 22:05:20] debug: 	zh:ember:ezsp: ezspMessageSentHandler: status=OK type=DIRECT indexOrDestination=7447 apsFrame={"profileId":260,"clusterId":2820,"sourceEndpoint":1,"destinationEndpoint":1,"options":4416,"groupId":0,"sequence":92} messageTag=63
[2026-02-02 22:05:20] debug: 	zh:ember:uart:ash: <--- [FRAME type=DATA]
[2026-02-02 22:05:20] debug: 	zh:ember:uart:ash: <--- [FRAME type=DATA ackNum=1](ackRx=1 frmTx=1)
[2026-02-02 22:05:20] debug: 	zh:ember:uart:ash: <--- [FRAME type=DATA ackNum=1 frmNum=7](frmRx=7) Added to rxQueue
[2026-02-02 22:05:20] debug: 	zh:ember:uart:ash: ---> [FRAME type=ACK frmRx=0](ackRx=1)
[2026-02-02 22:05:20] debug: 	zh:ember:ezsp: <=== [CBFRAME: ID=69:"INCOMING_MESSAGE_HANDLER" Seq=96 Len=46]
[2026-02-02 22:05:20] debug: 	zh:ember:ezsp: ezspIncomingMessageHandler: type=UNICAST apsFrame={"profileId":260,"clusterId":2820,"sourceEndpoint":1,"destinationEndpoint":1,"options":320,"groupId":0,"sequence":36} packetInfo:{"senderShortId":7447,"senderLongId":"0xffffffffffffffff","bindingIndex":255,"addressIndex":255,"lastHopLqi":160,"lastHopRssi":-60,"lastHopTimestamp":0} messageContents=181f0105050021eb0008050021dd000b0500212b00
[2026-02-02 22:05:20] debug: 	zh:controller: Received payload: clusterID=2820, address=7447, groupID=0, endpoint=1, destinationEndpoint=1, wasBroadcast=false, linkQuality=160, frame={"header":{"frameControl":{"frameType":0,"manufacturerSpecific":false,"direction":1,"disableDefaultResponse":true,"reservedBits":0},"transactionSequenceNumber":31,"commandIdentifier":1},"payload":[{"attrId":1285,"status":0,"dataType":33,"attrData":235},{"attrId":1288,"status":0,"dataType":33,"attrData":221},{"attrId":1291,"status":0,"dataType":33,"attrData":43}],"command":{"ID":1,"name":"readRsp","parameters":[{"name":"attrId","type":9},{"name":"status","type":8},{"name":"dataType","type":8,"conditions":[{"type":"fieldEquals","field":"status","value":0}]},{"name":"attrData","type":1000,"conditions":[{"type":"fieldEquals","field":"status","value":0}]}]}}
[2026-02-02 22:05:20] debug: 	z2m: Received Zigbee message from 'Tuya Connected Outlet', type 'readResponse', cluster 'haElectricalMeasurement', data '{"activePower":43,"rmsCurrent":221,"rmsVoltage":235}' from endpoint 1 with groupID 0
[2026-02-02 22:05:20] info: 	z2m:mqtt: MQTT publish: topic 'zigbee2mqtt/Tuya Connected Outlet', payload '{"child_lock":"UNLOCK","countdown":0,"current":0.22,"energy":28.22,"indicator_mode":"off/on","linkquality":160,"power":43,"power_outage_memory":"off","state":"ON","update":{"installed_version":268514823,"latest_version":268514823,"state":"idle"},"voltage":235}'
[2026-02-02 22:05:20] debug: 	zh:controller:endpoint: ZCL command 0xa4c138247a1a948b/1 seMetering.read(["currentSummDelivered"], {"timeout":10000,"disableResponse":false,"disableRecovery":false,"disableDefaultResponse":true,"direction":0,"reservedBits":0,"writeUndiv":false})
[2026-02-02 22:05:20] debug: 	zh:ember: ~~~> [ZCL to=0xa4c138247a1a948b:7447 apsFrame={"profileId":260,"clusterId":1794,"sourceEndpoint":1,"destinationEndpoint":1,"options":4416,"groupId":0,"sequence":0} header={"frameControl":{"reservedBits":0,"frameType":0,"direction":0,"disableDefaultResponse":true,"manufacturerSpecific":false},"transactionSequenceNumber":32,"commandIdentifier":0}]
[2026-02-02 22:05:20] debug: 	zh:ember:ezsp: ===> [FRAME: ID=52:"SEND_UNICAST" Seq=97 Len=26]
[2026-02-02 22:05:20] debug: 	zh:ember:uart:ash: ---> [FRAME type=DATA frmTx=1 frmRx=0](ackRx=1)
[2026-02-02 22:05:20] debug: 	zh:ember:uart:ash: <--- [FRAME type=DATA]
[2026-02-02 22:05:20] debug: 	zh:ember:uart:ash: <--- [FRAME type=DATA ackNum=2](ackRx=1 frmTx=2)
[2026-02-02 22:05:20] debug: 	zh:ember:uart:ash: <--- [FRAME type=DATA ackNum=2 frmNum=0](frmRx=0) Added to rxQueue
[2026-02-02 22:05:20] debug: 	zh:ember:uart:ash: ---> [FRAME type=ACK frmRx=1](ackRx=2)
[2026-02-02 22:05:20] debug: 	zh:ember:ezsp: <=== [FRAME: ID=52:"SEND_UNICAST" Seq=97 Len=7]
[2026-02-02 22:05:20] debug: 	zh:ember:ezsp: ~~~> [SENT type=DIRECT apsSequence=93 messageTag=64 status=OK]
[2026-02-02 22:05:20] debug: 	zh:ember:uart:ash: <--- [FRAME type=DATA]
[2026-02-02 22:05:20] debug: 	zh:ember:uart:ash: <--- [FRAME type=DATA ackNum=2](ackRx=2 frmTx=2)
[2026-02-02 22:05:20] debug: 	zh:ember:uart:ash: <--- [FRAME type=DATA ackNum=2 frmNum=1](frmRx=1) Added to rxQueue
[2026-02-02 22:05:20] debug: 	zh:ember:uart:ash: ---> [FRAME type=ACK frmRx=2](ackRx=2)
[2026-02-02 22:05:20] debug: 	zh:ember:ezsp: <=== [CBFRAME: ID=63:"MESSAGE_SENT_HANDLER" Seq=97 Len=22]
[2026-02-02 22:05:20] debug: 	zh:ember:ezsp: ezspMessageSentHandler: status=OK type=DIRECT indexOrDestination=7447 apsFrame={"profileId":260,"clusterId":1794,"sourceEndpoint":1,"destinationEndpoint":1,"options":4416,"groupId":0,"sequence":93} messageTag=64
[2026-02-02 22:05:20] debug: 	zh:ember:uart:ash: <--- [FRAME type=DATA]
[2026-02-02 22:05:20] debug: 	zh:ember:uart:ash: <--- [FRAME type=DATA ackNum=2](ackRx=2 frmTx=2)
[2026-02-02 22:05:20] debug: 	zh:ember:uart:ash: <--- [FRAME type=DATA ackNum=2 frmNum=2](frmRx=2) Added to rxQueue
[2026-02-02 22:05:20] debug: 	zh:ember:uart:ash: ---> [FRAME type=ACK frmRx=3](ackRx=2)
[2026-02-02 22:05:20] debug: 	zh:ember:ezsp: <=== [CBFRAME: ID=69:"INCOMING_MESSAGE_HANDLER" Seq=97 Len=38]
[2026-02-02 22:05:20] debug: 	zh:ember:ezsp: ezspIncomingMessageHandler: type=UNICAST apsFrame={"profileId":260,"clusterId":1794,"sourceEndpoint":1,"destinationEndpoint":1,"options":320,"groupId":0,"sequence":37} packetInfo:{"senderShortId":7447,"senderLongId":"0xffffffffffffffff","bindingIndex":255,"addressIndex":255,"lastHopLqi":156,"lastHopRssi":-61,"lastHopTimestamp":0} messageContents=18200100000025060b00000000
[2026-02-02 22:05:20] debug: 	zh:controller: Received payload: clusterID=1794, address=7447, groupID=0, endpoint=1, destinationEndpoint=1, wasBroadcast=false, linkQuality=156, frame={"header":{"frameControl":{"frameType":0,"manufacturerSpecific":false,"direction":1,"disableDefaultResponse":true,"reservedBits":0},"transactionSequenceNumber":32,"commandIdentifier":1},"payload":[{"attrId":0,"status":0,"dataType":37,"attrData":2822}],"command":{"ID":1,"name":"readRsp","parameters":[{"name":"attrId","type":9},{"name":"status","type":8},{"name":"dataType","type":8,"conditions":[{"type":"fieldEquals","field":"status","value":0}]},{"name":"attrData","type":1000,"conditions":[{"type":"fieldEquals","field":"status","value":0}]}]}}
[2026-02-02 22:05:20] debug: 	z2m: Received Zigbee message from 'Tuya Connected Outlet', type 'readResponse', cluster 'seMetering', data '{"currentSummDelivered":2822}' from endpoint 1 with groupID 0
[2026-02-02 22:05:20] info: 	z2m:mqtt: MQTT publish: topic 'zigbee2mqtt/Tuya Connected Outlet', payload '{"child_lock":"UNLOCK","countdown":0,"current":0.22,"energy":28.22,"indicator_mode":"off/on","linkquality":156,"power":43,"power_outage_memory":"off","state":"ON","update":{"installed_version":268514823,"latest_version":268514823,"state":"idle"},"voltage":235}'
[2026-02-02 22:05:23] debug: 	z2m:mqtt: Received MQTT message on 'zigbee2mqtt/Tuya Connected Outlet/set' with data 'OFF'
[2026-02-02 22:05:23] debug: 	z2m: Publishing 'set' 'state' to 'Tuya Connected Outlet'
[2026-02-02 22:05:23] debug: 	zh:controller:endpoint: ZCL command 0xa4c138247a1a948b/1 genOnOff.off({}, {"timeout":10000,"disableResponse":false,"disableRecovery":false,"disableDefaultResponse":false,"direction":0,"reservedBits":0,"writeUndiv":false})
[2026-02-02 22:05:23] debug: 	zh:ember: ~~~> [ZCL to=0xa4c138247a1a948b:7447 apsFrame={"profileId":260,"clusterId":6,"sourceEndpoint":1,"destinationEndpoint":1,"options":4416,"groupId":0,"sequence":0} header={"frameControl":{"reservedBits":0,"frameType":1,"direction":0,"disableDefaultResponse":false,"manufacturerSpecific":false},"transactionSequenceNumber":33,"commandIdentifier":0}]
[2026-02-02 22:05:23] debug: 	zh:ember:ezsp: ===> [FRAME: ID=52:"SEND_UNICAST" Seq=98 Len=24]
[2026-02-02 22:05:23] debug: 	zh:ember:uart:ash: ---> [FRAME type=DATA frmTx=2 frmRx=3](ackRx=2)
[2026-02-02 22:05:23] debug: 	zh:ember:uart:ash: <--- [FRAME type=DATA]
[2026-02-02 22:05:23] debug: 	zh:ember:uart:ash: <--- [FRAME type=DATA ackNum=3](ackRx=2 frmTx=3)
[2026-02-02 22:05:23] debug: 	zh:ember:uart:ash: <--- [FRAME type=DATA ackNum=3 frmNum=3](frmRx=3) Added to rxQueue
[2026-02-02 22:05:23] debug: 	zh:ember:uart:ash: ---> [FRAME type=ACK frmRx=4](ackRx=3)
[2026-02-02 22:05:23] debug: 	zh:ember:ezsp: <=== [FRAME: ID=52:"SEND_UNICAST" Seq=98 Len=7]
[2026-02-02 22:05:23] debug: 	zh:ember:ezsp: ~~~> [SENT type=DIRECT apsSequence=94 messageTag=65 status=OK]
[2026-02-02 22:05:23] debug: 	zh:ember:uart:ash: <--- [FRAME type=DATA]
[2026-02-02 22:05:23] debug: 	zh:ember:uart:ash: <--- [FRAME type=DATA ackNum=3](ackRx=3 frmTx=3)
[2026-02-02 22:05:23] debug: 	zh:ember:uart:ash: <--- [FRAME type=DATA ackNum=3 frmNum=4](frmRx=4) Added to rxQueue
[2026-02-02 22:05:23] debug: 	zh:ember:uart:ash: ---> [FRAME type=ACK frmRx=5](ackRx=3)
[2026-02-02 22:05:23] debug: 	zh:ember:ezsp: <=== [CBFRAME: ID=89:"INCOMING_ROUTE_RECORD_HANDLER" Seq=98 Len=18]
[2026-02-02 22:05:23] debug: 	zh:ember:ezsp: ezspIncomingRouteRecordHandler: source=7447 sourceEui=0xa4c138247a1a948b lastHopLqi=156 lastHopRssi=-61 relayCount=0 relayList=
[2026-02-02 22:05:23] debug: 	zh:ember:uart:ash: <--- [FRAME type=DATA]
[2026-02-02 22:05:23] debug: 	zh:ember:uart:ash: <--- [FRAME type=DATA ackNum=3](ackRx=3 frmTx=3)
[2026-02-02 22:05:23] debug: 	zh:ember:uart:ash: <--- [FRAME type=DATA ackNum=3 frmNum=5](frmRx=5) Added to rxQueue
[2026-02-02 22:05:23] debug: 	zh:ember:uart:ash: ---> [FRAME type=ACK frmRx=6](ackRx=3)
[2026-02-02 22:05:23] debug: 	zh:ember:ezsp: <=== [CBFRAME: ID=63:"MESSAGE_SENT_HANDLER" Seq=98 Len=22]
[2026-02-02 22:05:23] debug: 	zh:ember:ezsp: ezspMessageSentHandler: status=OK type=DIRECT indexOrDestination=7447 apsFrame={"profileId":260,"clusterId":6,"sourceEndpoint":1,"destinationEndpoint":1,"options":4416,"groupId":0,"sequence":94} messageTag=65
[2026-02-02 22:05:23] debug: 	zh:ember:uart:ash: <--- [FRAME type=DATA]
[2026-02-02 22:05:23] debug: 	zh:ember:uart:ash: <--- [FRAME type=DATA ackNum=3](ackRx=3 frmTx=3)
[2026-02-02 22:05:23] debug: 	zh:ember:uart:ash: <--- [FRAME type=DATA ackNum=3 frmNum=6](frmRx=6) Added to rxQueue
[2026-02-02 22:05:23] debug: 	zh:ember:uart:ash: ---> [FRAME type=ACK frmRx=7](ackRx=3)
[2026-02-02 22:05:23] debug: 	zh:ember:ezsp: <=== [CBFRAME: ID=69:"INCOMING_MESSAGE_HANDLER" Seq=98 Len=30]
[2026-02-02 22:05:23] debug: 	zh:ember:ezsp: ezspIncomingMessageHandler: type=UNICAST apsFrame={"profileId":260,"clusterId":6,"sourceEndpoint":1,"destinationEndpoint":1,"options":320,"groupId":0,"sequence":38} packetInfo:{"senderShortId":7447,"senderLongId":"0xffffffffffffffff","bindingIndex":255,"addressIndex":255,"lastHopLqi":152,"lastHopRssi":-62,"lastHopTimestamp":0} messageContents=18210b0000
[2026-02-02 22:05:23] debug: 	zh:controller: Received payload: clusterID=6, address=7447, groupID=0, endpoint=1, destinationEndpoint=1, wasBroadcast=false, linkQuality=152, frame={"header":{"frameControl":{"frameType":0,"manufacturerSpecific":false,"direction":1,"disableDefaultResponse":true,"reservedBits":0},"transactionSequenceNumber":33,"commandIdentifier":11},"payload":{"cmdId":0,"statusCode":0},"command":{"ID":11,"name":"defaultRsp","parameters":[{"name":"cmdId","type":8},{"name":"statusCode","type":48}]}}
[2026-02-02 22:05:23] info: 	z2m:mqtt: MQTT publish: topic 'zigbee2mqtt/Tuya Connected Outlet', payload '{"child_lock":"UNLOCK","countdown":0,"current":0.22,"energy":28.22,"indicator_mode":"off/on","linkquality":152,"power":43,"power_outage_memory":"off","state":"OFF","update":{"installed_version":268514823,"latest_version":268514823,"state":"idle"},"voltage":235}'
[2026-02-02 22:05:23] debug: 	zh:ember:uart:ash: <--- [FRAME type=DATA]
[2026-02-02 22:05:23] debug: 	zh:ember:uart:ash: <--- [FRAME type=DATA ackNum=3](ackRx=3 frmTx=3)
[2026-02-02 22:05:23] debug: 	zh:ember:uart:ash: <--- [FRAME type=DATA ackNum=3 frmNum=7](frmRx=7) Added to rxQueue
[2026-02-02 22:05:23] debug: 	zh:ember:uart:ash: ---> [FRAME type=ACK frmRx=0](ackRx=3)
[2026-02-02 22:05:23] debug: 	zh:ember:ezsp: <=== [CBFRAME: ID=69:"INCOMING_MESSAGE_HANDLER" Seq=98 Len=32]
[2026-02-02 22:05:23] debug: 	zh:ember:ezsp: ezspIncomingMessageHandler: type=UNICAST apsFrame={"profileId":260,"clusterId":6,"sourceEndpoint":1,"destinationEndpoint":1,"options":256,"groupId":0,"sequence":39} packetInfo:{"senderShortId":7447,"senderLongId":"0xffffffffffffffff","bindingIndex":255,"addressIndex":255,"lastHopLqi":132,"lastHopRssi":-67,"lastHopTimestamp":0} messageContents=189a0a00001000
[2026-02-02 22:05:23] debug: 	zh:controller: Received payload: clusterID=6, address=7447, groupID=0, endpoint=1, destinationEndpoint=1, wasBroadcast=false, linkQuality=132, frame={"header":{"frameControl":{"frameType":0,"manufacturerSpecific":false,"direction":1,"disableDefaultResponse":true,"reservedBits":0},"transactionSequenceNumber":154,"commandIdentifier":10},"payload":[{"attrId":0,"dataType":16,"attrData":0}],"command":{"ID":10,"name":"report","parameters":[{"name":"attrId","type":9},{"name":"dataType","type":8},{"name":"attrData","type":1000}]}}
[2026-02-02 22:05:23] debug: 	z2m: Received Zigbee message from 'Tuya Connected Outlet', type 'attributeReport', cluster 'genOnOff', data '{"onOff":0}' from endpoint 1 with groupID 0
[2026-02-02 22:05:23] info: 	z2m:mqtt: MQTT publish: topic 'zigbee2mqtt/Tuya Connected Outlet', payload '{"child_lock":"UNLOCK","countdown":0,"current":0.22,"energy":28.22,"indicator_mode":"off/on","linkquality":132,"power":43,"power_outage_memory":"off","state":"OFF","update":{"installed_version":268514823,"latest_version":268514823,"state":"idle"},"voltage":235}'
[2026-02-02 22:05:24] debug: 	zh:ember:uart:ash: <--- [FRAME type=DATA]
[2026-02-02 22:05:24] debug: 	zh:ember:uart:ash: <--- [FRAME type=DATA ackNum=3](ackRx=3 frmTx=3)
[2026-02-02 22:05:24] debug: 	zh:ember:uart:ash: <--- [FRAME type=DATA ackNum=3 frmNum=0](frmRx=0) Added to rxQueue
[2026-02-02 22:05:24] debug: 	zh:ember:uart:ash: ---> [FRAME type=ACK frmRx=1](ackRx=3)
[2026-02-02 22:05:24] debug: 	zh:ember:ezsp: <=== [CBFRAME: ID=69:"INCOMING_MESSAGE_HANDLER" Seq=98 Len=33]
[2026-02-02 22:05:24] debug: 	zh:ember:ezsp: ezspIncomingMessageHandler: type=UNICAST apsFrame={"profileId":260,"clusterId":2820,"sourceEndpoint":1,"destinationEndpoint":1,"options":256,"groupId":0,"sequence":40} packetInfo:{"senderShortId":7447,"senderLongId":"0xffffffffffffffff","bindingIndex":255,"addressIndex":255,"lastHopLqi":144,"lastHopRssi":-64,"lastHopTimestamp":0} messageContents=189b0a0b05211500
[2026-02-02 22:05:24] debug: 	zh:controller: Received payload: clusterID=2820, address=7447, groupID=0, endpoint=1, destinationEndpoint=1, wasBroadcast=false, linkQuality=144, frame={"header":{"frameControl":{"frameType":0,"manufacturerSpecific":false,"direction":1,"disableDefaultResponse":true,"reservedBits":0},"transactionSequenceNumber":155,"commandIdentifier":10},"payload":[{"attrId":1291,"dataType":33,"attrData":21}],"command":{"ID":10,"name":"report","parameters":[{"name":"attrId","type":9},{"name":"dataType","type":8},{"name":"attrData","type":1000}]}}
[2026-02-02 22:05:24] debug: 	z2m: Received Zigbee message from 'Tuya Connected Outlet', type 'attributeReport', cluster 'haElectricalMeasurement', data '{"activePower":21}' from endpoint 1 with groupID 0
[2026-02-02 22:05:24] info: 	z2m:mqtt: MQTT publish: topic 'zigbee2mqtt/Tuya Connected Outlet', payload '{"child_lock":"UNLOCK","countdown":0,"current":0.22,"energy":28.22,"indicator_mode":"off/on","linkquality":144,"power":21,"power_outage_memory":"off","state":"OFF","update":{"installed_version":268514823,"latest_version":268514823,"state":"idle"},"voltage":235}'
[2026-02-02 22:05:24] debug: 	z2m:mqtt: Received MQTT message on 'zigbee2mqtt/Tuya Connected Outlet/set' with data 'ON'
[2026-02-02 22:05:24] debug: 	z2m: Publishing 'set' 'state' to 'Tuya Connected Outlet'
[2026-02-02 22:05:24] debug: 	zh:controller:endpoint: ZCL command 0xa4c138247a1a948b/1 genOnOff.on({}, {"timeout":10000,"disableResponse":false,"disableRecovery":false,"disableDefaultResponse":false,"direction":0,"reservedBits":0,"writeUndiv":false})
[2026-02-02 22:05:24] debug: 	zh:ember: ~~~> [ZCL to=0xa4c138247a1a948b:7447 apsFrame={"profileId":260,"clusterId":6,"sourceEndpoint":1,"destinationEndpoint":1,"options":4416,"groupId":0,"sequence":0} header={"frameControl":{"reservedBits":0,"frameType":1,"direction":0,"disableDefaultResponse":false,"manufacturerSpecific":false},"transactionSequenceNumber":34,"commandIdentifier":1}]
[2026-02-02 22:05:24] debug: 	zh:ember:ezsp: ===> [FRAME: ID=52:"SEND_UNICAST" Seq=99 Len=24]
[2026-02-02 22:05:24] debug: 	zh:ember:uart:ash: ---> [FRAME type=DATA frmTx=3 frmRx=1](ackRx=3)
[2026-02-02 22:05:24] debug: 	zh:ember:uart:ash: <--- [FRAME type=DATA]
[2026-02-02 22:05:24] debug: 	zh:ember:uart:ash: <--- [FRAME type=DATA ackNum=4](ackRx=3 frmTx=4)
[2026-02-02 22:05:24] debug: 	zh:ember:uart:ash: <--- [FRAME type=DATA ackNum=4 frmNum=1](frmRx=1) Added to rxQueue
[2026-02-02 22:05:24] debug: 	zh:ember:uart:ash: ---> [FRAME type=ACK frmRx=2](ackRx=4)
[2026-02-02 22:05:24] debug: 	zh:ember:ezsp: <=== [FRAME: ID=52:"SEND_UNICAST" Seq=99 Len=7]
[2026-02-02 22:05:24] debug: 	zh:ember:ezsp: ~~~> [SENT type=DIRECT apsSequence=95 messageTag=66 status=OK]
[2026-02-02 22:05:24] debug: 	zh:ember:uart:ash: <--- [FRAME type=DATA]
[2026-02-02 22:05:24] debug: 	zh:ember:uart:ash: <--- [FRAME type=DATA ackNum=4](ackRx=4 frmTx=4)
[2026-02-02 22:05:24] debug: 	zh:ember:uart:ash: <--- [FRAME type=DATA ackNum=4 frmNum=2](frmRx=2) Added to rxQueue
[2026-02-02 22:05:24] debug: 	zh:ember:uart:ash: ---> [FRAME type=ACK frmRx=3](ackRx=4)
[2026-02-02 22:05:24] debug: 	zh:ember:ezsp: <=== [CBFRAME: ID=63:"MESSAGE_SENT_HANDLER" Seq=99 Len=22]
[2026-02-02 22:05:24] debug: 	zh:ember:ezsp: ezspMessageSentHandler: status=OK type=DIRECT indexOrDestination=7447 apsFrame={"profileId":260,"clusterId":6,"sourceEndpoint":1,"destinationEndpoint":1,"options":4416,"groupId":0,"sequence":95} messageTag=66
[2026-02-02 22:05:24] debug: 	zh:ember:uart:ash: <--- [FRAME type=DATA]
[2026-02-02 22:05:24] debug: 	zh:ember:uart:ash: <--- [FRAME type=DATA ackNum=4](ackRx=4 frmTx=4)
[2026-02-02 22:05:24] debug: 	zh:ember:uart:ash: <--- [FRAME type=DATA ackNum=4 frmNum=3](frmRx=3) Added to rxQueue
[2026-02-02 22:05:24] debug: 	zh:ember:uart:ash: ---> [FRAME type=ACK frmRx=4](ackRx=4)
[2026-02-02 22:05:24] debug: 	zh:ember:ezsp: <=== [CBFRAME: ID=69:"INCOMING_MESSAGE_HANDLER" Seq=99 Len=30]
[2026-02-02 22:05:24] debug: 	zh:ember:ezsp: ezspIncomingMessageHandler: type=UNICAST apsFrame={"profileId":260,"clusterId":6,"sourceEndpoint":1,"destinationEndpoint":1,"options":320,"groupId":0,"sequence":41} packetInfo:{"senderShortId":7447,"senderLongId":"0xffffffffffffffff","bindingIndex":255,"addressIndex":255,"lastHopLqi":156,"lastHopRssi":-61,"lastHopTimestamp":0} messageContents=18220b0100
[2026-02-02 22:05:24] debug: 	zh:controller: Received payload: clusterID=6, address=7447, groupID=0, endpoint=1, destinationEndpoint=1, wasBroadcast=false, linkQuality=156, frame={"header":{"frameControl":{"frameType":0,"manufacturerSpecific":false,"direction":1,"disableDefaultResponse":true,"reservedBits":0},"transactionSequenceNumber":34,"commandIdentifier":11},"payload":{"cmdId":1,"statusCode":0},"command":{"ID":11,"name":"defaultRsp","parameters":[{"name":"cmdId","type":8},{"name":"statusCode","type":48}]}}
[2026-02-02 22:05:24] info: 	z2m:mqtt: MQTT publish: topic 'zigbee2mqtt/Tuya Connected Outlet', payload '{"child_lock":"UNLOCK","countdown":0,"current":0.22,"energy":28.22,"indicator_mode":"off/on","linkquality":156,"power":21,"power_outage_memory":"off","state":"ON","update":{"installed_version":268514823,"latest_version":268514823,"state":"idle"},"voltage":235}'
[2026-02-02 22:05:24] debug: 	zh:ember:uart:ash: <--- [FRAME type=DATA]
[2026-02-02 22:05:24] debug: 	zh:ember:uart:ash: <--- [FRAME type=DATA ackNum=4](ackRx=4 frmTx=4)
[2026-02-02 22:05:24] debug: 	zh:ember:uart:ash: <--- [FRAME type=DATA ackNum=4 frmNum=4](frmRx=4) Added to rxQueue
[2026-02-02 22:05:24] debug: 	zh:ember:uart:ash: ---> [FRAME type=ACK frmRx=5](ackRx=4)
[2026-02-02 22:05:24] debug: 	zh:ember:ezsp: <=== [CBFRAME: ID=69:"INCOMING_MESSAGE_HANDLER" Seq=99 Len=32]
[2026-02-02 22:05:24] debug: 	zh:ember:ezsp: ezspIncomingMessageHandler: type=UNICAST apsFrame={"profileId":260,"clusterId":6,"sourceEndpoint":1,"destinationEndpoint":1,"options":256,"groupId":0,"sequence":42} packetInfo:{"senderShortId":7447,"senderLongId":"0xffffffffffffffff","bindingIndex":255,"addressIndex":255,"lastHopLqi":156,"lastHopRssi":-61,"lastHopTimestamp":0} messageContents=189c0a00001001
[2026-02-02 22:05:24] debug: 	zh:controller: Received payload: clusterID=6, address=7447, groupID=0, endpoint=1, destinationEndpoint=1, wasBroadcast=false, linkQuality=156, frame={"header":{"frameControl":{"frameType":0,"manufacturerSpecific":false,"direction":1,"disableDefaultResponse":true,"reservedBits":0},"transactionSequenceNumber":156,"commandIdentifier":10},"payload":[{"attrId":0,"dataType":16,"attrData":1}],"command":{"ID":10,"name":"report","parameters":[{"name":"attrId","type":9},{"name":"dataType","type":8},{"name":"attrData","type":1000}]}}
[2026-02-02 22:05:24] debug: 	z2m: Received Zigbee message from 'Tuya Connected Outlet', type 'attributeReport', cluster 'genOnOff', data '{"onOff":1}' from endpoint 1 with groupID 0
[2026-02-02 22:05:24] info: 	z2m:mqtt: MQTT publish: topic 'zigbee2mqtt/Tuya Connected Outlet', payload '{"child_lock":"UNLOCK","countdown":0,"current":0.22,"energy":28.22,"indicator_mode":"off/on","linkquality":156,"power":21,"power_outage_memory":"off","state":"ON","update":{"installed_version":268514823,"latest_version":268514823,"state":"idle"},"voltage":235}'
[2026-02-02 22:05:25] debug: 	zh:ember:uart:ash: <--- [FRAME type=DATA]
[2026-02-02 22:05:25] debug: 	zh:ember:uart:ash: <--- [FRAME type=DATA ackNum=4](ackRx=4 frmTx=4)
[2026-02-02 22:05:25] debug: 	zh:ember:uart:ash: <--- [FRAME type=DATA ackNum=4 frmNum=5](frmRx=5) Added to rxQueue
[2026-02-02 22:05:25] debug: 	zh:ember:uart:ash: ---> [FRAME type=ACK frmRx=6](ackRx=4)
[2026-02-02 22:05:25] debug: 	zh:ember:ezsp: <=== [CBFRAME: ID=69:"INCOMING_MESSAGE_HANDLER" Seq=99 Len=33]
[2026-02-02 22:05:25] debug: 	zh:ember:ezsp: ezspIncomingMessageHandler: type=UNICAST apsFrame={"profileId":260,"clusterId":2820,"sourceEndpoint":1,"destinationEndpoint":1,"options":256,"groupId":0,"sequence":43} packetInfo:{"senderShortId":7447,"senderLongId":"0xffffffffffffffff","bindingIndex":255,"addressIndex":255,"lastHopLqi":156,"lastHopRssi":-61,"lastHopTimestamp":0} messageContents=189d0a0b05211b00
[2026-02-02 22:05:25] debug: 	zh:controller: Received payload: clusterID=2820, address=7447, groupID=0, endpoint=1, destinationEndpoint=1, wasBroadcast=false, linkQuality=156, frame={"header":{"frameControl":{"frameType":0,"manufacturerSpecific":false,"direction":1,"disableDefaultResponse":true,"reservedBits":0},"transactionSequenceNumber":157,"commandIdentifier":10},"payload":[{"attrId":1291,"dataType":33,"attrData":27}],"command":{"ID":10,"name":"report","parameters":[{"name":"attrId","type":9},{"name":"dataType","type":8},{"name":"attrData","type":1000}]}}
[2026-02-02 22:05:25] debug: 	z2m: Received Zigbee message from 'Tuya Connected Outlet', type 'attributeReport', cluster 'haElectricalMeasurement', data '{"activePower":27}' from endpoint 1 with groupID 0
[2026-02-02 22:05:25] info: 	z2m:mqtt: MQTT publish: topic 'zigbee2mqtt/Tuya Connected Outlet', payload '{"child_lock":"UNLOCK","countdown":0,"current":0.22,"energy":28.22,"indicator_mode":"off/on","linkquality":156,"power":27,"power_outage_memory":"off","state":"ON","update":{"installed_version":268514823,"latest_version":268514823,"state":"idle"},"voltage":235}'
[2026-02-02 22:05:26] debug: 	zh:ember:uart:ash: <--- [FRAME type=DATA]
[2026-02-02 22:05:26] debug: 	zh:ember:uart:ash: <--- [FRAME type=DATA ackNum=4](ackRx=4 frmTx=4)
[2026-02-02 22:05:26] debug: 	zh:ember:uart:ash: <--- [FRAME type=DATA ackNum=4 frmNum=6](frmRx=6) Added to rxQueue
[2026-02-02 22:05:26] debug: 	zh:ember:uart:ash: ---> [FRAME type=ACK frmRx=7](ackRx=4)
[2026-02-02 22:05:26] debug: 	zh:ember:ezsp: <=== [CBFRAME: ID=69:"INCOMING_MESSAGE_HANDLER" Seq=99 Len=33]
[2026-02-02 22:05:26] debug: 	zh:ember:ezsp: ezspIncomingMessageHandler: type=UNICAST apsFrame={"profileId":260,"clusterId":2820,"sourceEndpoint":1,"destinationEndpoint":1,"options":256,"groupId":0,"sequence":44} packetInfo:{"senderShortId":7447,"senderLongId":"0xffffffffffffffff","bindingIndex":255,"addressIndex":255,"lastHopLqi":152,"lastHopRssi":-62,"lastHopTimestamp":0} messageContents=189e0a0b05213300
[2026-02-02 22:05:26] debug: 	zh:controller: Received payload: clusterID=2820, address=7447, groupID=0, endpoint=1, destinationEndpoint=1, wasBroadcast=false, linkQuality=152, frame={"header":{"frameControl":{"frameType":0,"manufacturerSpecific":false,"direction":1,"disableDefaultResponse":true,"reservedBits":0},"transactionSequenceNumber":158,"commandIdentifier":10},"payload":[{"attrId":1291,"dataType":33,"attrData":51}],"command":{"ID":10,"name":"report","parameters":[{"name":"attrId","type":9},{"name":"dataType","type":8},{"name":"attrData","type":1000}]}}
[2026-02-02 22:05:26] debug: 	z2m: Received Zigbee message from 'Tuya Connected Outlet', type 'attributeReport', cluster 'haElectricalMeasurement', data '{"activePower":51}' from endpoint 1 with groupID 0
[2026-02-02 22:05:26] info: 	z2m:mqtt: MQTT publish: topic 'zigbee2mqtt/Tuya Connected Outlet', payload '{"child_lock":"UNLOCK","countdown":0,"current":0.22,"energy":28.22,"indicator_mode":"off/on","linkquality":152,"power":51,"power_outage_memory":"off","state":"ON","update":{"installed_version":268514823,"latest_version":268514823,"state":"idle"},"voltage":235}'
[2026-02-02 22:05:27] debug: 	zh:ember:uart:ash: <--- [FRAME type=DATA]
[2026-02-02 22:05:27] debug: 	zh:ember:uart:ash: <--- [FRAME type=DATA ackNum=4](ackRx=4 frmTx=4)
[2026-02-02 22:05:27] debug: 	zh:ember:uart:ash: <--- [FRAME type=DATA ackNum=4 frmNum=7](frmRx=7) Added to rxQueue
[2026-02-02 22:05:27] debug: 	zh:ember:uart:ash: ---> [FRAME type=ACK frmRx=0](ackRx=4)
[2026-02-02 22:05:27] debug: 	zh:ember:ezsp: <=== [CBFRAME: ID=69:"INCOMING_MESSAGE_HANDLER" Seq=99 Len=33]
[2026-02-02 22:05:27] debug: 	zh:ember:ezsp: ezspIncomingMessageHandler: type=UNICAST apsFrame={"profileId":260,"clusterId":2820,"sourceEndpoint":1,"destinationEndpoint":1,"options":256,"groupId":0,"sequence":45} packetInfo:{"senderShortId":7447,"senderLongId":"0xffffffffffffffff","bindingIndex":255,"addressIndex":255,"lastHopLqi":148,"lastHopRssi":-63,"lastHopTimestamp":0} messageContents=189f0a0b05212b00
[2026-02-02 22:05:27] debug: 	zh:controller: Received payload: clusterID=2820, address=7447, groupID=0, endpoint=1, destinationEndpoint=1, wasBroadcast=false, linkQuality=148, frame={"header":{"frameControl":{"frameType":0,"manufacturerSpecific":false,"direction":1,"disableDefaultResponse":true,"reservedBits":0},"transactionSequenceNumber":159,"commandIdentifier":10},"payload":[{"attrId":1291,"dataType":33,"attrData":43}],"command":{"ID":10,"name":"report","parameters":[{"name":"attrId","type":9},{"name":"dataType","type":8},{"name":"attrData","type":1000}]}}
[2026-02-02 22:05:27] debug: 	z2m: Received Zigbee message from 'Tuya Connected Outlet', type 'attributeReport', cluster 'haElectricalMeasurement', data '{"activePower":43}' from endpoint 1 with groupID 0
[2026-02-02 22:05:27] info: 	z2m:mqtt: MQTT publish: topic 'zigbee2mqtt/Tuya Connected Outlet', payload '{"child_lock":"UNLOCK","countdown":0,"current":0.22,"energy":28.22,"indicator_mode":"off/on","linkquality":148,"power":43,"power_outage_memory":"off","state":"ON","update":{"installed_version":268514823,"latest_version":268514823,"state":"idle"},"voltage":235}'
[2026-02-02 22:05:32] debug: 	zh:ember:uart:ash: <--- [FRAME type=DATA]
[2026-02-02 22:05:32] debug: 	zh:ember:uart:ash: <--- [FRAME type=DATA ackNum=4](ackRx=4 frmTx=4)
[2026-02-02 22:05:32] debug: 	zh:ember:uart:ash: <--- [FRAME type=DATA ackNum=4 frmNum=0](frmRx=0) Added to rxQueue
[2026-02-02 22:05:32] debug: 	zh:ember:uart:ash: ---> [FRAME type=ACK frmRx=1](ackRx=4)
[2026-02-02 22:05:32] debug: 	zh:ember:ezsp: <=== [CBFRAME: ID=69:"INCOMING_MESSAGE_HANDLER" Seq=99 Len=30]
[2026-02-02 22:05:32] debug: 	zh:ember:ezsp: ezspIncomingMessageHandler: type=UNICAST apsFrame={"profileId":260,"clusterId":10,"sourceEndpoint":1,"destinationEndpoint":1,"options":256,"groupId":0,"sequence":46} packetInfo:{"senderShortId":7447,"senderLongId":"0xffffffffffffffff","bindingIndex":255,"addressIndex":255,"lastHopLqi":144,"lastHopRssi":-64,"lastHopTimestamp":0} messageContents=10a0000700
[2026-02-02 22:05:32] debug: 	zh:controller: Received payload: clusterID=10, address=7447, groupID=0, endpoint=1, destinationEndpoint=1, wasBroadcast=false, linkQuality=144, frame={"header":{"frameControl":{"frameType":0,"manufacturerSpecific":false,"direction":0,"disableDefaultResponse":true,"reservedBits":0},"transactionSequenceNumber":160,"commandIdentifier":0},"payload":[{"attrId":7}],"command":{"ID":0,"name":"read","parameters":[{"name":"attrId","type":9}],"response":1}}
[2026-02-02 22:05:32] debug: 	zh:controller:endpoint: ZCL command 0xa4c138247a1a948b/1 genTime.readRsp({"localTime":823385132}, {"timeout":10000,"disableResponse":false,"disableRecovery":false,"disableDefaultResponse":true,"direction":1,"srcEndpoint":1,"reservedBits":0,"transactionSequenceNumber":160,"writeUndiv":false})
[2026-02-02 22:05:32] debug: 	zh:ember: ~~~> [ZCL to=0xa4c138247a1a948b:7447 apsFrame={"profileId":260,"clusterId":10,"sourceEndpoint":1,"destinationEndpoint":1,"options":4352,"groupId":0,"sequence":0} header={"frameControl":{"reservedBits":0,"frameType":0,"direction":1,"disableDefaultResponse":true,"manufacturerSpecific":false},"transactionSequenceNumber":160,"commandIdentifier":1}]
[2026-02-02 22:05:32] debug: 	zh:ember:ezsp: ===> [FRAME: ID=52:"SEND_UNICAST" Seq=100 Len=32]
[2026-02-02 22:05:32] debug: 	zh:ember:uart:ash: ---> [FRAME type=DATA frmTx=4 frmRx=1](ackRx=4)
[2026-02-02 22:05:32] debug: 	z2m: Received Zigbee message from 'Tuya Connected Outlet', type 'read', cluster 'genTime', data '["localTime"]' from endpoint 1 with groupID 0
[2026-02-02 22:05:32] debug: 	zh:ember:uart:ash: <--- [FRAME type=DATA]
[2026-02-02 22:05:32] debug: 	zh:ember:uart:ash: <--- [FRAME type=DATA ackNum=5](ackRx=4 frmTx=5)
[2026-02-02 22:05:32] debug: 	zh:ember:uart:ash: <--- [FRAME type=DATA ackNum=5 frmNum=1](frmRx=1) Added to rxQueue
[2026-02-02 22:05:32] debug: 	zh:ember:uart:ash: ---> [FRAME type=ACK frmRx=2](ackRx=5)
[2026-02-02 22:05:32] debug: 	zh:ember:ezsp: <=== [FRAME: ID=52:"SEND_UNICAST" Seq=100 Len=7]
[2026-02-02 22:05:32] debug: 	zh:ember:ezsp: ~~~> [SENT type=DIRECT apsSequence=96 messageTag=67 status=OK]
[2026-02-02 22:05:32] debug: 	zh:ember:uart:ash: <--- [FRAME type=DATA]
[2026-02-02 22:05:32] debug: 	zh:ember:uart:ash: <--- [FRAME type=DATA ackNum=5](ackRx=5 frmTx=5)
[2026-02-02 22:05:32] debug: 	zh:ember:uart:ash: <--- [FRAME type=DATA ackNum=5 frmNum=2](frmRx=2) Added to rxQueue
[2026-02-02 22:05:32] debug: 	zh:ember:uart:ash: ---> [FRAME type=ACK frmRx=3](ackRx=5)
[2026-02-02 22:05:32] debug: 	zh:ember:ezsp: <=== [CBFRAME: ID=63:"MESSAGE_SENT_HANDLER" Seq=100 Len=22]
[2026-02-02 22:05:32] debug: 	zh:ember:ezsp: ezspMessageSentHandler: status=OK type=DIRECT indexOrDestination=7447 apsFrame={"profileId":260,"clusterId":10,"sourceEndpoint":1,"destinationEndpoint":1,"options":4352,"groupId":0,"sequence":96} messageTag=67
[2026-02-02 22:05:49] debug: 	zh:ember:uart:ash: <--- [FRAME type=DATA]
[2026-02-02 22:05:49] debug: 	zh:ember:uart:ash: <--- [FRAME type=DATA ackNum=5](ackRx=5 frmTx=5)
[2026-02-02 22:05:49] debug: 	zh:ember:uart:ash: <--- [FRAME type=DATA ackNum=5 frmNum=3](frmRx=3) Added to rxQueue
[2026-02-02 22:05:49] debug: 	zh:ember:uart:ash: ---> [FRAME type=ACK frmRx=4](ackRx=5)
[2026-02-02 22:05:49] debug: 	zh:ember:ezsp: <=== [CBFRAME: ID=63:"MESSAGE_SENT_HANDLER" Seq=100 Len=22]
[2026-02-02 22:05:49] debug: 	zh:ember:ezsp: ezspMessageSentHandler: status=OK type=BROADCAST indexOrDestination=65533 apsFrame={"profileId":0,"clusterId":6,"sourceEndpoint":0,"destinationEndpoint":0,"options":256,"groupId":0,"sequence":24} messageTag=255
[2026-02-02 22:05:50] debug: 	zh:ember:uart:ash: <--- [FRAME type=DATA]
[2026-02-02 22:05:50] debug: 	zh:ember:uart:ash: <--- [FRAME type=DATA ackNum=5](ackRx=5 frmTx=5)
[2026-02-02 22:05:50] debug: 	zh:ember:uart:ash: <--- [FRAME type=DATA ackNum=5 frmNum=4](frmRx=4) Added to rxQueue
[2026-02-02 22:05:50] debug: 	zh:ember:uart:ash: ---> [FRAME type=ACK frmRx=5](ackRx=5)
[2026-02-02 22:05:50] debug: 	zh:ember:ezsp: <=== [CBFRAME: ID=89:"INCOMING_ROUTE_RECORD_HANDLER" Seq=100 Len=20]
[2026-02-02 22:05:50] debug: 	zh:ember:ezsp: ezspIncomingRouteRecordHandler: source=56960 sourceEui=0x6cfd22fffe610d7c lastHopLqi=116 lastHopRssi=-71 relayCount=1 relayList=40200
[2026-02-02 22:05:51] debug: 	zh:ember:uart:ash: <--- [FRAME type=DATA]
[2026-02-02 22:05:51] debug: 	zh:ember:uart:ash: <--- [FRAME type=DATA ackNum=5](ackRx=5 frmTx=5)
[2026-02-02 22:05:51] debug: 	zh:ember:uart:ash: <--- [FRAME type=DATA ackNum=5 frmNum=5](frmRx=5) Added to rxQueue
[2026-02-02 22:05:51] debug: 	zh:ember:uart:ash: ---> [FRAME type=ACK frmRx=6](ackRx=5)
[2026-02-02 22:05:51] debug: 	zh:ember:ezsp: <=== [CBFRAME: ID=89:"INCOMING_ROUTE_RECORD_HANDLER" Seq=100 Len=20]
[2026-02-02 22:05:51] debug: 	zh:ember:ezsp: ezspIncomingRouteRecordHandler: source=56960 sourceEui=0x6cfd22fffe610d7c lastHopLqi=108 lastHopRssi=-73 relayCount=1 relayList=40200
[2026-02-02 22:05:51] debug: 	zh:ember:uart:ash: <--- [FRAME type=DATA]
[2026-02-02 22:05:51] debug: 	zh:ember:uart:ash: <--- [FRAME type=DATA ackNum=5](ackRx=5 frmTx=5)
[2026-02-02 22:05:51] debug: 	zh:ember:uart:ash: <--- [FRAME type=DATA ackNum=5 frmNum=6](frmRx=6) Added to rxQueue
[2026-02-02 22:05:51] debug: 	zh:ember:uart:ash: ---> [FRAME type=ACK frmRx=7](ackRx=5)
[2026-02-02 22:05:51] debug: 	zh:ember:ezsp: <=== [CBFRAME: ID=69:"INCOMING_MESSAGE_HANDLER" Seq=100 Len=39]
[2026-02-02 22:05:51] debug: 	zh:ember:ezsp: ezspIncomingMessageHandler: type=UNICAST apsFrame={"profileId":260,"clusterId":25,"sourceEndpoint":1,"destinationEndpoint":1,"options":320,"groupId":0,"sequence":25} packetInfo:{"senderShortId":56960,"senderLongId":"0xffffffffffffffff","bindingIndex":255,"addressIndex":255,"lastHopLqi":108,"lastHopRssi":-73,"lastHopTimestamp":0} messageContents=012901017c113819640000010100
[2026-02-02 22:05:51] debug: 	zh:controller: Received payload: clusterID=25, address=56960, groupID=0, endpoint=1, destinationEndpoint=1, wasBroadcast=false, linkQuality=108, frame={"header":{"frameControl":{"frameType":1,"manufacturerSpecific":false,"direction":0,"disableDefaultResponse":false,"reservedBits":0},"transactionSequenceNumber":41,"commandIdentifier":1},"payload":{"fieldControl":1,"manufacturerCode":4476,"imageType":6456,"fileVersion":16777316,"hardwareVersion":1},"command":{"ID":1,"response":2,"parameters":[{"name":"fieldControl","type":24},{"name":"manufacturerCode","type":33},{"name":"imageType","type":33,"max":65471},{"name":"fileVersion","type":35},{"name":"hardwareVersion","type":33,"conditions":[{"type":"bitMaskSet","param":"fieldControl","mask":1}]}],"required":true,"name":"queryNextImageRequest"}}
[2026-02-02 22:05:51] debug: 	z2m: Received Zigbee message from 'IKEA Vallhorn Detector 1', type 'commandQueryNextImageRequest', cluster 'genOta', data '{"fieldControl":1,"fileVersion":16777316,"hardwareVersion":1,"imageType":6456,"manufacturerCode":4476}' from endpoint 1 with groupID 0
[2026-02-02 22:05:51] debug: 	z2m: Device 'IKEA Vallhorn Detector 1' requested OTA
[2026-02-02 22:05:51] debug: 	zhc:ota: [0x6cfd22fffe610d7c | VALLHORN Wireless Motion Sensor] Checking if an update is available
[2026-02-02 22:05:51] debug: 	zhc:ota: [0x6cfd22fffe610d7c | VALLHORN Wireless Motion Sensor] Checking latest image availability, current: {"fieldControl":1,"manufacturerCode":4476,"imageType":6456,"fileVersion":16777316,"hardwareVersion":1}
[2026-02-02 22:05:51] debug: 	zhc:ota: [0x6cfd22fffe610d7c | VALLHORN Wireless Motion Sensor] Getting image metadata...
[2026-02-02 22:05:51] debug: 	zhc:ota: Downloaded main index
[2026-02-02 22:05:51] debug: 	zhc:ota: [0x6cfd22fffe610d7c | VALLHORN Wireless Motion Sensor] Result for latest image availability, meta: '{"fileName":"motionsensor-lds-mg21a_release_prod_v16777316_3a00064a-cc29-4aac-bdb6-c4fa1fb445d5.ota","fileVersion":16777316,"fileSize":267650,"url":"https://raw.githubusercontent.com/Koenkk/zigbee-OTA/master/images/IKEA/motionsensor-lds-mg21a_release_prod_v16777316_3a00064a-cc29-4aac-bdb6-c4fa1fb445d5.ota","imageType":6456,"manufacturerCode":4476,"sha512":"39a5d1f8a626c02f3648799b27fb2367e246af3a28a798c90b5374b715f637a13c47fba2ce288ea64a7fc8e17ae98fc1ed64daf05d3629b3f56ad8eee0bd9100","otaHeaderString":"GBL motionsensor_lds_mg21a","originalUrl":"https://fw.ota.homesmart.ikea.com/files/motionsensor-lds-mg21a_release_prod_v16777316_3a00064a-cc29-4aac-bdb6-c4fa1fb445d5.ota","releaseNotes":"https://ww8.ikea.com/ikeahomesmart/releasenotes/releasenotes.html"}'
[2026-02-02 22:05:51] info: 	zhc:ota: [0x6cfd22fffe610d7c | VALLHORN Wireless Motion Sensor] Firmware release notes: https://ww8.ikea.com/ikeahomesmart/releasenotes/releasenotes.html
[2026-02-02 22:05:51] debug: 	zhc:ota: [0x6cfd22fffe610d7c | VALLHORN Wireless Motion Sensor] Upgrade available: NO
[2026-02-02 22:05:51] info: 	z2m:mqtt: MQTT publish: topic 'zigbee2mqtt/IKEA Vallhorn Detector 1', payload '{"battery":100,"identify":null,"illuminance":1,"linkquality":108,"occupancy":false,"update":{"installed_version":16777316,"latest_version":16777316,"state":"idle"},"voltage":null}'
[2026-02-02 22:05:51] debug: 	zh:controller:endpoint: CommandResponse 0x6cfd22fffe610d7c/1 genOta.queryNextImageResponse({"status":152}, {"timeout":10000,"disableResponse":false,"disableRecovery":false,"disableDefaultResponse":true,"direction":1,"reservedBits":0,"writeUndiv":false})
[2026-02-02 22:05:51] debug: 	zh:controller:endpoint: Request Queue (0x6cfd22fffe610d7c/1): send request
[2026-02-02 22:05:51] debug: 	zh:ember: ~~~> [ZCL to=0x6cfd22fffe610d7c:56960 apsFrame={"profileId":260,"clusterId":25,"sourceEndpoint":1,"destinationEndpoint":1,"options":4352,"groupId":0,"sequence":0} header={"frameControl":{"reservedBits":0,"frameType":1,"direction":1,"disableDefaultResponse":true,"manufacturerSpecific":false},"transactionSequenceNumber":41,"commandIdentifier":2}]
[2026-02-02 22:05:51] debug: 	zh:ember:ezsp: ===> [FRAME: ID=52:"SEND_UNICAST" Seq=101 Len=25]
[2026-02-02 22:05:51] debug: 	zh:ember:uart:ash: ---> [FRAME type=DATA frmTx=5 frmRx=7](ackRx=5)
[2026-02-02 22:05:51] debug: 	zh:ember:uart:ash: <--- [FRAME type=DATA]
[2026-02-02 22:05:51] debug: 	zh:ember:uart:ash: <--- [FRAME type=DATA ackNum=6](ackRx=5 frmTx=6)
[2026-02-02 22:05:51] debug: 	zh:ember:uart:ash: <--- [FRAME type=DATA ackNum=6 frmNum=7](frmRx=7) Added to rxQueue
[2026-02-02 22:05:51] debug: 	zh:ember:uart:ash: ---> [FRAME type=ACK frmRx=0](ackRx=6)
[2026-02-02 22:05:51] debug: 	zh:ember:ezsp: <=== [FRAME: ID=52:"SEND_UNICAST" Seq=101 Len=7]
[2026-02-02 22:05:51] debug: 	zh:ember:ezsp: ~~~> [SENT type=DIRECT apsSequence=98 messageTag=68 status=OK]
[2026-02-02 22:05:51] debug: 	z2m: Responded to OTA request of 'IKEA Vallhorn Detector 1' with 'NO_IMAGE_AVAILABLE'
[2026-02-02 22:05:51] debug: 	zh:ember:uart:ash: <--- [FRAME type=DATA]
[2026-02-02 22:05:51] debug: 	zh:ember:uart:ash: <--- [FRAME type=DATA ackNum=6](ackRx=6 frmTx=6)
[2026-02-02 22:05:51] debug: 	zh:ember:uart:ash: <--- [FRAME type=DATA ackNum=6 frmNum=0](frmRx=0) Added to rxQueue
[2026-02-02 22:05:51] debug: 	zh:ember:uart:ash: ---> [FRAME type=ACK frmRx=1](ackRx=6)
[2026-02-02 22:05:51] debug: 	zh:ember:ezsp: <=== [CBFRAME: ID=63:"MESSAGE_SENT_HANDLER" Seq=101 Len=22]
[2026-02-02 22:05:51] debug: 	zh:ember:ezsp: ezspMessageSentHandler: status=OK type=DIRECT indexOrDestination=56960 apsFrame={"profileId":260,"clusterId":25,"sourceEndpoint":1,"destinationEndpoint":1,"options":4352,"groupId":0,"sequence":98} messageTag=68
[2026-02-02 22:06:02] debug: 	zh:ember:uart:ash: <--- [FRAME type=DATA]
[2026-02-02 22:06:02] debug: 	zh:ember:uart:ash: <--- [FRAME type=DATA ackNum=6](ackRx=6 frmTx=6)
[2026-02-02 22:06:02] debug: 	zh:ember:uart:ash: <--- [FRAME type=DATA ackNum=6 frmNum=1](frmRx=1) Added to rxQueue
[2026-02-02 22:06:02] debug: 	zh:ember:uart:ash: ---> [FRAME type=ACK frmRx=2](ackRx=6)
[2026-02-02 22:06:02] debug: 	zh:ember:ezsp: <=== [CBFRAME: ID=125:"INCOMING_MANY_TO_ONE_ROUTE_REQUEST_HANDLER" Seq=101 Len=16]
[2026-02-02 22:06:02] debug: 	zh:ember:ezsp: ezspIncomingManyToOneRouteRequestHandler: source=40200 longId=0x842712fffedb8ddb cost=1
[2026-02-02 22:06:20] debug: 	zh:controller:endpoint: ZCL command 0xa4c138247a1a948b/1 haElectricalMeasurement.read(["rmsVoltage","rmsCurrent","activePower"], {"timeout":10000,"disableResponse":false,"disableRecovery":false,"disableDefaultResponse":true,"direction":0,"reservedBits":0,"writeUndiv":false})
[2026-02-02 22:06:20] debug: 	zh:ember: ~~~> [ZCL to=0xa4c138247a1a948b:7447 apsFrame={"profileId":260,"clusterId":2820,"sourceEndpoint":1,"destinationEndpoint":1,"options":4416,"groupId":0,"sequence":0} header={"frameControl":{"reservedBits":0,"frameType":0,"direction":0,"disableDefaultResponse":true,"manufacturerSpecific":false},"transactionSequenceNumber":35,"commandIdentifier":0}]
[2026-02-02 22:06:20] debug: 	zh:ember:ezsp: ===> [FRAME: ID=52:"SEND_UNICAST" Seq=102 Len=30]
[2026-02-02 22:06:20] debug: 	zh:ember:uart:ash: ---> [FRAME type=DATA frmTx=6 frmRx=2](ackRx=6)
[2026-02-02 22:06:20] debug: 	zh:ember:uart:ash: <--- [FRAME type=DATA]
[2026-02-02 22:06:20] debug: 	zh:ember:uart:ash: <--- [FRAME type=DATA ackNum=7](ackRx=6 frmTx=7)
[2026-02-02 22:06:20] debug: 	zh:ember:uart:ash: <--- [FRAME type=DATA ackNum=7 frmNum=2](frmRx=2) Added to rxQueue
[2026-02-02 22:06:20] debug: 	zh:ember:uart:ash: ---> [FRAME type=ACK frmRx=3](ackRx=7)
[2026-02-02 22:06:20] debug: 	zh:ember:ezsp: <=== [FRAME: ID=52:"SEND_UNICAST" Seq=102 Len=7]
[2026-02-02 22:06:20] debug: 	zh:ember:ezsp: ~~~> [SENT type=DIRECT apsSequence=99 messageTag=69 status=OK]
[2026-02-02 22:06:20] debug: 	zh:ember:uart:ash: <--- [FRAME type=DATA]
[2026-02-02 22:06:20] debug: 	zh:ember:uart:ash: <--- [FRAME type=DATA ackNum=7](ackRx=7 frmTx=7)
[2026-02-02 22:06:20] debug: 	zh:ember:uart:ash: <--- [FRAME type=DATA ackNum=7 frmNum=3](frmRx=3) Added to rxQueue
[2026-02-02 22:06:20] debug: 	zh:ember:uart:ash: ---> [FRAME type=ACK frmRx=4](ackRx=7)
[2026-02-02 22:06:20] debug: 	zh:ember:ezsp: <=== [CBFRAME: ID=63:"MESSAGE_SENT_HANDLER" Seq=102 Len=22]
[2026-02-02 22:06:20] debug: 	zh:ember:ezsp: ezspMessageSentHandler: status=OK type=DIRECT indexOrDestination=7447 apsFrame={"profileId":260,"clusterId":2820,"sourceEndpoint":1,"destinationEndpoint":1,"options":4416,"groupId":0,"sequence":99} messageTag=69
[2026-02-02 22:06:20] debug: 	zh:ember:uart:ash: <--- [FRAME type=DATA]
[2026-02-02 22:06:20] debug: 	zh:ember:uart:ash: <--- [FRAME type=DATA ackNum=7](ackRx=7 frmTx=7)
[2026-02-02 22:06:20] debug: 	zh:ember:uart:ash: <--- [FRAME type=DATA ackNum=7 frmNum=4](frmRx=4) Added to rxQueue
[2026-02-02 22:06:20] debug: 	zh:ember:uart:ash: ---> [FRAME type=ACK frmRx=5](ackRx=7)
[2026-02-02 22:06:20] debug: 	zh:ember:ezsp: <=== [CBFRAME: ID=69:"INCOMING_MESSAGE_HANDLER" Seq=102 Len=46]
[2026-02-02 22:06:20] debug: 	zh:ember:ezsp: ezspIncomingMessageHandler: type=UNICAST apsFrame={"profileId":260,"clusterId":2820,"sourceEndpoint":1,"destinationEndpoint":1,"options":320,"groupId":0,"sequence":47} packetInfo:{"senderShortId":7447,"senderLongId":"0xffffffffffffffff","bindingIndex":255,"addressIndex":255,"lastHopLqi":132,"lastHopRssi":-67,"lastHopTimestamp":0} messageContents=18230105050021e90008050021dd000b0500212d00
[2026-02-02 22:06:20] debug: 	zh:controller: Received payload: clusterID=2820, address=7447, groupID=0, endpoint=1, destinationEndpoint=1, wasBroadcast=false, linkQuality=132, frame={"header":{"frameControl":{"frameType":0,"manufacturerSpecific":false,"direction":1,"disableDefaultResponse":true,"reservedBits":0},"transactionSequenceNumber":35,"commandIdentifier":1},"payload":[{"attrId":1285,"status":0,"dataType":33,"attrData":233},{"attrId":1288,"status":0,"dataType":33,"attrData":221},{"attrId":1291,"status":0,"dataType":33,"attrData":45}],"command":{"ID":1,"name":"readRsp","parameters":[{"name":"attrId","type":9},{"name":"status","type":8},{"name":"dataType","type":8,"conditions":[{"type":"fieldEquals","field":"status","value":0}]},{"name":"attrData","type":1000,"conditions":[{"type":"fieldEquals","field":"status","value":0}]}]}}
[2026-02-02 22:06:20] debug: 	z2m: Received Zigbee message from 'Tuya Connected Outlet', type 'readResponse', cluster 'haElectricalMeasurement', data '{"activePower":45,"rmsCurrent":221,"rmsVoltage":233}' from endpoint 1 with groupID 0
[2026-02-02 22:06:20] info: 	z2m:mqtt: MQTT publish: topic 'zigbee2mqtt/Tuya Connected Outlet', payload '{"child_lock":"UNLOCK","countdown":0,"current":0.22,"energy":28.22,"indicator_mode":"off/on","linkquality":132,"power":45,"power_outage_memory":"off","state":"ON","update":{"installed_version":268514823,"latest_version":268514823,"state":"idle"},"voltage":233}'
[2026-02-02 22:06:20] debug: 	zh:controller:endpoint: ZCL command 0xa4c138247a1a948b/1 seMetering.read(["currentSummDelivered"], {"timeout":10000,"disableResponse":false,"disableRecovery":false,"disableDefaultResponse":true,"direction":0,"reservedBits":0,"writeUndiv":false})
[2026-02-02 22:06:20] debug: 	zh:ember: ~~~> [ZCL to=0xa4c138247a1a948b:7447 apsFrame={"profileId":260,"clusterId":1794,"sourceEndpoint":1,"destinationEndpoint":1,"options":4416,"groupId":0,"sequence":0} header={"frameControl":{"reservedBits":0,"frameType":0,"direction":0,"disableDefaultResponse":true,"manufacturerSpecific":false},"transactionSequenceNumber":36,"commandIdentifier":0}]
[2026-02-02 22:06:20] debug: 	zh:ember:ezsp: ===> [FRAME: ID=52:"SEND_UNICAST" Seq=103 Len=26]
[2026-02-02 22:06:20] debug: 	zh:ember:uart:ash: ---> [FRAME type=DATA frmTx=7 frmRx=5](ackRx=7)
[2026-02-02 22:06:20] debug: 	zh:ember:uart:ash: <--- [FRAME type=DATA]
[2026-02-02 22:06:20] debug: 	zh:ember:uart:ash: <--- [FRAME type=DATA ackNum=0](ackRx=7 frmTx=0)
[2026-02-02 22:06:20] debug: 	zh:ember:uart:ash: <--- [FRAME type=DATA ackNum=0 frmNum=5](frmRx=5) Added to rxQueue
[2026-02-02 22:06:20] debug: 	zh:ember:uart:ash: ---> [FRAME type=ACK frmRx=6](ackRx=0)
[2026-02-02 22:06:20] debug: 	zh:ember:ezsp: <=== [FRAME: ID=52:"SEND_UNICAST" Seq=103 Len=7]
[2026-02-02 22:06:20] debug: 	zh:ember:ezsp: ~~~> [SENT type=DIRECT apsSequence=100 messageTag=70 status=OK]
[2026-02-02 22:06:20] debug: 	zh:ember:uart:ash: <--- [FRAME type=DATA]
[2026-02-02 22:06:20] debug: 	zh:ember:uart:ash: <--- [FRAME type=DATA ackNum=0](ackRx=0 frmTx=0)
[2026-02-02 22:06:20] debug: 	zh:ember:uart:ash: <--- [FRAME type=DATA ackNum=0 frmNum=6](frmRx=6) Added to rxQueue
[2026-02-02 22:06:20] debug: 	zh:ember:uart:ash: ---> [FRAME type=ACK frmRx=7](ackRx=0)
[2026-02-02 22:06:20] debug: 	zh:ember:ezsp: <=== [CBFRAME: ID=63:"MESSAGE_SENT_HANDLER" Seq=103 Len=22]
[2026-02-02 22:06:20] debug: 	zh:ember:ezsp: ezspMessageSentHandler: status=OK type=DIRECT indexOrDestination=7447 apsFrame={"profileId":260,"clusterId":1794,"sourceEndpoint":1,"destinationEndpoint":1,"options":4416,"groupId":0,"sequence":100} messageTag=70
[2026-02-02 22:06:20] debug: 	zh:ember:uart:ash: <--- [FRAME type=DATA]
[2026-02-02 22:06:20] debug: 	zh:ember:uart:ash: <--- [FRAME type=DATA ackNum=0](ackRx=0 frmTx=0)
[2026-02-02 22:06:20] debug: 	zh:ember:uart:ash: <--- [FRAME type=DATA ackNum=0 frmNum=7](frmRx=7) Added to rxQueue
[2026-02-02 22:06:20] debug: 	zh:ember:uart:ash: ---> [FRAME type=ACK frmRx=0](ackRx=0)
[2026-02-02 22:06:20] debug: 	zh:ember:ezsp: <=== [CBFRAME: ID=69:"INCOMING_MESSAGE_HANDLER" Seq=103 Len=38]
[2026-02-02 22:06:20] debug: 	zh:ember:ezsp: ezspIncomingMessageHandler: type=UNICAST apsFrame={"profileId":260,"clusterId":1794,"sourceEndpoint":1,"destinationEndpoint":1,"options":320,"groupId":0,"sequence":48} packetInfo:{"senderShortId":7447,"senderLongId":"0xffffffffffffffff","bindingIndex":255,"addressIndex":255,"lastHopLqi":152,"lastHopRssi":-62,"lastHopTimestamp":0} messageContents=18240100000025060b00000000
[2026-02-02 22:06:20] debug: 	zh:controller: Received payload: clusterID=1794, address=7447, groupID=0, endpoint=1, destinationEndpoint=1, wasBroadcast=false, linkQuality=152, frame={"header":{"frameControl":{"frameType":0,"manufacturerSpecific":false,"direction":1,"disableDefaultResponse":true,"reservedBits":0},"transactionSequenceNumber":36,"commandIdentifier":1},"payload":[{"attrId":0,"status":0,"dataType":37,"attrData":2822}],"command":{"ID":1,"name":"readRsp","parameters":[{"name":"attrId","type":9},{"name":"status","type":8},{"name":"dataType","type":8,"conditions":[{"type":"fieldEquals","field":"status","value":0}]},{"name":"attrData","type":1000,"conditions":[{"type":"fieldEquals","field":"status","value":0}]}]}}
[2026-02-02 22:06:20] debug: 	z2m: Received Zigbee message from 'Tuya Connected Outlet', type 'readResponse', cluster 'seMetering', data '{"currentSummDelivered":2822}' from endpoint 1 with groupID 0
[2026-02-02 22:06:20] info: 	z2m:mqtt: MQTT publish: topic 'zigbee2mqtt/Tuya Connected Outlet', payload '{"child_lock":"UNLOCK","countdown":0,"current":0.22,"energy":28.22,"indicator_mode":"off/on","linkquality":152,"power":45,"power_outage_memory":"off","state":"ON","update":{"installed_version":268514823,"latest_version":268514823,"state":"idle"},"voltage":233}'
[2026-02-02 22:07:03] debug: 	zh:ember:uart:ash: <--- [FRAME type=DATA]
[2026-02-02 22:07:03] debug: 	zh:ember:uart:ash: <--- [FRAME type=DATA ackNum=0](ackRx=0 frmTx=0)
[2026-02-02 22:07:03] debug: 	zh:ember:uart:ash: <--- [FRAME type=DATA ackNum=0 frmNum=0](frmRx=0) Added to rxQueue
[2026-02-02 22:07:03] debug: 	zh:ember:uart:ash: ---> [FRAME type=ACK frmRx=1](ackRx=0)
[2026-02-02 22:07:03] debug: 	zh:ember:ezsp: <=== [CBFRAME: ID=125:"INCOMING_MANY_TO_ONE_ROUTE_REQUEST_HANDLER" Seq=103 Len=16]
[2026-02-02 22:07:03] debug: 	zh:ember:ezsp: ezspIncomingManyToOneRouteRequestHandler: source=40200 longId=0x842712fffedb8ddb cost=1
[2026-02-02 22:07:20] debug: 	zh:controller:endpoint: ZCL command 0xa4c138247a1a948b/1 haElectricalMeasurement.read(["rmsVoltage","rmsCurrent","activePower"], {"timeout":10000,"disableResponse":false,"disableRecovery":false,"disableDefaultResponse":true,"direction":0,"reservedBits":0,"writeUndiv":false})
[2026-02-02 22:07:20] debug: 	zh:ember: ~~~> [ZCL to=0xa4c138247a1a948b:7447 apsFrame={"profileId":260,"clusterId":2820,"sourceEndpoint":1,"destinationEndpoint":1,"options":4416,"groupId":0,"sequence":0} header={"frameControl":{"reservedBits":0,"frameType":0,"direction":0,"disableDefaultResponse":true,"manufacturerSpecific":false},"transactionSequenceNumber":37,"commandIdentifier":0}]
[2026-02-02 22:07:20] debug: 	zh:ember:ezsp: ===> [FRAME: ID=52:"SEND_UNICAST" Seq=104 Len=30]
[2026-02-02 22:07:20] debug: 	zh:ember:uart:ash: ---> [FRAME type=DATA frmTx=0 frmRx=1](ackRx=0)
[2026-02-02 22:07:20] debug: 	zh:ember:uart:ash: <--- [FRAME type=DATA]
[2026-02-02 22:07:20] debug: 	zh:ember:uart:ash: <--- [FRAME type=DATA ackNum=1](ackRx=0 frmTx=1)
[2026-02-02 22:07:20] debug: 	zh:ember:uart:ash: <--- [FRAME type=DATA ackNum=1 frmNum=1](frmRx=1) Added to rxQueue
[2026-02-02 22:07:20] debug: 	zh:ember:uart:ash: ---> [FRAME type=ACK frmRx=2](ackRx=1)
[2026-02-02 22:07:20] debug: 	zh:ember:ezsp: <=== [FRAME: ID=52:"SEND_UNICAST" Seq=104 Len=7]
[2026-02-02 22:07:20] debug: 	zh:ember:ezsp: ~~~> [SENT type=DIRECT apsSequence=101 messageTag=71 status=OK]
[2026-02-02 22:07:20] debug: 	zh:ember:uart:ash: <--- [FRAME type=DATA]
[2026-02-02 22:07:20] debug: 	zh:ember:uart:ash: <--- [FRAME type=DATA ackNum=1](ackRx=1 frmTx=1)
[2026-02-02 22:07:20] debug: 	zh:ember:uart:ash: <--- [FRAME type=DATA ackNum=1 frmNum=2](frmRx=2) Added to rxQueue
[2026-02-02 22:07:20] debug: 	zh:ember:uart:ash: ---> [FRAME type=ACK frmRx=3](ackRx=1)
[2026-02-02 22:07:20] debug: 	zh:ember:ezsp: <=== [CBFRAME: ID=89:"INCOMING_ROUTE_RECORD_HANDLER" Seq=104 Len=18]
[2026-02-02 22:07:20] debug: 	zh:ember:ezsp: ezspIncomingRouteRecordHandler: source=7447 sourceEui=0xa4c138247a1a948b lastHopLqi=148 lastHopRssi=-63 relayCount=0 relayList=
[2026-02-02 22:07:20] debug: 	zh:ember:uart:ash: <--- [FRAME type=DATA]
[2026-02-02 22:07:20] debug: 	zh:ember:uart:ash: <--- [FRAME type=DATA ackNum=1](ackRx=1 frmTx=1)
[2026-02-02 22:07:20] debug: 	zh:ember:uart:ash: <--- [FRAME type=DATA ackNum=1 frmNum=3](frmRx=3) Added to rxQueue
[2026-02-02 22:07:20] debug: 	zh:ember:uart:ash: ---> [FRAME type=ACK frmRx=4](ackRx=1)
[2026-02-02 22:07:20] debug: 	zh:ember:ezsp: <=== [CBFRAME: ID=63:"MESSAGE_SENT_HANDLER" Seq=104 Len=22]
[2026-02-02 22:07:20] debug: 	zh:ember:ezsp: ezspMessageSentHandler: status=OK type=DIRECT indexOrDestination=7447 apsFrame={"profileId":260,"clusterId":2820,"sourceEndpoint":1,"destinationEndpoint":1,"options":4416,"groupId":0,"sequence":101} messageTag=71
[2026-02-02 22:07:20] debug: 	zh:ember:uart:ash: <--- [FRAME type=DATA]
[2026-02-02 22:07:20] debug: 	zh:ember:uart:ash: <--- [FRAME type=DATA ackNum=1](ackRx=1 frmTx=1)
[2026-02-02 22:07:20] debug: 	zh:ember:uart:ash: <--- [FRAME type=DATA ackNum=1 frmNum=4](frmRx=4) Added to rxQueue
[2026-02-02 22:07:20] debug: 	zh:ember:uart:ash: ---> [FRAME type=ACK frmRx=5](ackRx=1)
[2026-02-02 22:07:20] debug: 	zh:ember:ezsp: <=== [CBFRAME: ID=69:"INCOMING_MESSAGE_HANDLER" Seq=104 Len=46]
[2026-02-02 22:07:20] debug: 	zh:ember:ezsp: ezspIncomingMessageHandler: type=UNICAST apsFrame={"profileId":260,"clusterId":2820,"sourceEndpoint":1,"destinationEndpoint":1,"options":320,"groupId":0,"sequence":49} packetInfo:{"senderShortId":7447,"senderLongId":"0xffffffffffffffff","bindingIndex":255,"addressIndex":255,"lastHopLqi":120,"lastHopRssi":-70,"lastHopTimestamp":0} messageContents=18250105050021ea0008050021e8000b0500212d00
[2026-02-02 22:07:20] debug: 	zh:controller: Received payload: clusterID=2820, address=7447, groupID=0, endpoint=1, destinationEndpoint=1, wasBroadcast=false, linkQuality=120, frame={"header":{"frameControl":{"frameType":0,"manufacturerSpecific":false,"direction":1,"disableDefaultResponse":true,"reservedBits":0},"transactionSequenceNumber":37,"commandIdentifier":1},"payload":[{"attrId":1285,"status":0,"dataType":33,"attrData":234},{"attrId":1288,"status":0,"dataType":33,"attrData":232},{"attrId":1291,"status":0,"dataType":33,"attrData":45}],"command":{"ID":1,"name":"readRsp","parameters":[{"name":"attrId","type":9},{"name":"status","type":8},{"name":"dataType","type":8,"conditions":[{"type":"fieldEquals","field":"status","value":0}]},{"name":"attrData","type":1000,"conditions":[{"type":"fieldEquals","field":"status","value":0}]}]}}
[2026-02-02 22:07:20] debug: 	z2m: Received Zigbee message from 'Tuya Connected Outlet', type 'readResponse', cluster 'haElectricalMeasurement', data '{"activePower":45,"rmsCurrent":232,"rmsVoltage":234}' from endpoint 1 with groupID 0
[2026-02-02 22:07:20] info: 	z2m:mqtt: MQTT publish: topic 'zigbee2mqtt/Tuya Connected Outlet', payload '{"child_lock":"UNLOCK","countdown":0,"current":0.23,"energy":28.22,"indicator_mode":"off/on","linkquality":120,"power":45,"power_outage_memory":"off","state":"ON","update":{"installed_version":268514823,"latest_version":268514823,"state":"idle"},"voltage":234}'
[2026-02-02 22:07:20] debug: 	zh:controller:endpoint: ZCL command 0xa4c138247a1a948b/1 seMetering.read(["currentSummDelivered"], {"timeout":10000,"disableResponse":false,"disableRecovery":false,"disableDefaultResponse":true,"direction":0,"reservedBits":0,"writeUndiv":false})
[2026-02-02 22:07:20] debug: 	zh:ember: ~~~> [ZCL to=0xa4c138247a1a948b:7447 apsFrame={"profileId":260,"clusterId":1794,"sourceEndpoint":1,"destinationEndpoint":1,"options":4416,"groupId":0,"sequence":0} header={"frameControl":{"reservedBits":0,"frameType":0,"direction":0,"disableDefaultResponse":true,"manufacturerSpecific":false},"transactionSequenceNumber":38,"commandIdentifier":0}]
[2026-02-02 22:07:20] debug: 	zh:ember:ezsp: ===> [FRAME: ID=52:"SEND_UNICAST" Seq=105 Len=26]
[2026-02-02 22:07:20] debug: 	zh:ember:uart:ash: ---> [FRAME type=DATA frmTx=1 frmRx=5](ackRx=1)
[2026-02-02 22:07:20] debug: 	zh:ember:uart:ash: <--- [FRAME type=DATA]
[2026-02-02 22:07:20] debug: 	zh:ember:uart:ash: <--- [FRAME type=DATA ackNum=2](ackRx=1 frmTx=2)
[2026-02-02 22:07:20] debug: 	zh:ember:uart:ash: <--- [FRAME type=DATA ackNum=2 frmNum=5](frmRx=5) Added to rxQueue
[2026-02-02 22:07:20] debug: 	zh:ember:uart:ash: ---> [FRAME type=ACK frmRx=6](ackRx=2)
[2026-02-02 22:07:20] debug: 	zh:ember:ezsp: <=== [FRAME: ID=52:"SEND_UNICAST" Seq=105 Len=7]
[2026-02-02 22:07:20] debug: 	zh:ember:ezsp: ~~~> [SENT type=DIRECT apsSequence=102 messageTag=72 status=OK]
[2026-02-02 22:07:20] debug: 	zh:ember:uart:ash: <--- [FRAME type=DATA]
[2026-02-02 22:07:20] debug: 	zh:ember:uart:ash: <--- [FRAME type=DATA ackNum=2](ackRx=2 frmTx=2)
[2026-02-02 22:07:20] debug: 	zh:ember:uart:ash: <--- [FRAME type=DATA ackNum=2 frmNum=6](frmRx=6) Added to rxQueue
[2026-02-02 22:07:20] debug: 	zh:ember:uart:ash: ---> [FRAME type=ACK frmRx=7](ackRx=2)
[2026-02-02 22:07:20] debug: 	zh:ember:ezsp: <=== [CBFRAME: ID=63:"MESSAGE_SENT_HANDLER" Seq=105 Len=22]
[2026-02-02 22:07:20] debug: 	zh:ember:ezsp: ezspMessageSentHandler: status=OK type=DIRECT indexOrDestination=7447 apsFrame={"profileId":260,"clusterId":1794,"sourceEndpoint":1,"destinationEndpoint":1,"options":4416,"groupId":0,"sequence":102} messageTag=72
[2026-02-02 22:07:20] debug: 	zh:ember:uart:ash: <--- [FRAME type=DATA]
[2026-02-02 22:07:20] debug: 	zh:ember:uart:ash: <--- [FRAME type=DATA ackNum=2](ackRx=2 frmTx=2)
[2026-02-02 22:07:20] debug: 	zh:ember:uart:ash: <--- [FRAME type=DATA ackNum=2 frmNum=7](frmRx=7) Added to rxQueue
[2026-02-02 22:07:20] debug: 	zh:ember:uart:ash: ---> [FRAME type=ACK frmRx=0](ackRx=2)
[2026-02-02 22:07:20] debug: 	zh:ember:ezsp: <=== [CBFRAME: ID=69:"INCOMING_MESSAGE_HANDLER" Seq=105 Len=38]
[2026-02-02 22:07:20] debug: 	zh:ember:ezsp: ezspIncomingMessageHandler: type=UNICAST apsFrame={"profileId":260,"clusterId":1794,"sourceEndpoint":1,"destinationEndpoint":1,"options":320,"groupId":0,"sequence":50} packetInfo:{"senderShortId":7447,"senderLongId":"0xffffffffffffffff","bindingIndex":255,"addressIndex":255,"lastHopLqi":140,"lastHopRssi":-65,"lastHopTimestamp":0} messageContents=18260100000025060b00000000
[2026-02-02 22:07:20] debug: 	zh:controller: Received payload: clusterID=1794, address=7447, groupID=0, endpoint=1, destinationEndpoint=1, wasBroadcast=false, linkQuality=140, frame={"header":{"frameControl":{"frameType":0,"manufacturerSpecific":false,"direction":1,"disableDefaultResponse":true,"reservedBits":0},"transactionSequenceNumber":38,"commandIdentifier":1},"payload":[{"attrId":0,"status":0,"dataType":37,"attrData":2822}],"command":{"ID":1,"name":"readRsp","parameters":[{"name":"attrId","type":9},{"name":"status","type":8},{"name":"dataType","type":8,"conditions":[{"type":"fieldEquals","field":"status","value":0}]},{"name":"attrData","type":1000,"conditions":[{"type":"fieldEquals","field":"status","value":0}]}]}}
[2026-02-02 22:07:20] debug: 	z2m: Received Zigbee message from 'Tuya Connected Outlet', type 'readResponse', cluster 'seMetering', data '{"currentSummDelivered":2822}' from endpoint 1 with groupID 0
[2026-02-02 22:07:20] info: 	z2m:mqtt: MQTT publish: topic 'zigbee2mqtt/Tuya Connected Outlet', payload '{"child_lock":"UNLOCK","countdown":0,"current":0.23,"energy":28.22,"indicator_mode":"off/on","linkquality":140,"power":45,"power_outage_memory":"off","state":"ON","update":{"installed_version":268514823,"latest_version":268514823,"state":"idle"},"voltage":234}'
[2026-02-02 22:08:05] debug: 	zh:ember:uart:ash: <--- [FRAME type=DATA]
[2026-02-02 22:08:05] debug: 	zh:ember:uart:ash: <--- [FRAME type=DATA ackNum=2](ackRx=2 frmTx=2)
[2026-02-02 22:08:05] debug: 	zh:ember:uart:ash: <--- [FRAME type=DATA ackNum=2 frmNum=0](frmRx=0) Added to rxQueue
[2026-02-02 22:08:05] debug: 	zh:ember:uart:ash: ---> [FRAME type=ACK frmRx=1](ackRx=2)
[2026-02-02 22:08:05] debug: 	zh:ember:ezsp: <=== [CBFRAME: ID=125:"INCOMING_MANY_TO_ONE_ROUTE_REQUEST_HANDLER" Seq=105 Len=16]
[2026-02-02 22:08:05] debug: 	zh:ember:ezsp: ezspIncomingManyToOneRouteRequestHandler: source=40200 longId=0x842712fffedb8ddb cost=1
[2026-02-02 22:08:20] debug: 	zh:controller:endpoint: ZCL command 0xa4c138247a1a948b/1 haElectricalMeasurement.read(["rmsVoltage","rmsCurrent","activePower"], {"timeout":10000,"disableResponse":false,"disableRecovery":false,"disableDefaultResponse":true,"direction":0,"reservedBits":0,"writeUndiv":false})
[2026-02-02 22:08:20] debug: 	zh:ember: ~~~> [ZCL to=0xa4c138247a1a948b:7447 apsFrame={"profileId":260,"clusterId":2820,"sourceEndpoint":1,"destinationEndpoint":1,"options":4416,"groupId":0,"sequence":0} header={"frameControl":{"reservedBits":0,"frameType":0,"direction":0,"disableDefaultResponse":true,"manufacturerSpecific":false},"transactionSequenceNumber":39,"commandIdentifier":0}]
[2026-02-02 22:08:20] debug: 	zh:ember:ezsp: ===> [FRAME: ID=52:"SEND_UNICAST" Seq=106 Len=30]
[2026-02-02 22:08:20] debug: 	zh:ember:uart:ash: ---> [FRAME type=DATA frmTx=2 frmRx=1](ackRx=2)
[2026-02-02 22:08:20] debug: 	zh:ember:uart:ash: <--- [FRAME type=DATA]
[2026-02-02 22:08:20] debug: 	zh:ember:uart:ash: <--- [FRAME type=DATA ackNum=3](ackRx=2 frmTx=3)
[2026-02-02 22:08:20] debug: 	zh:ember:uart:ash: <--- [FRAME type=DATA ackNum=3 frmNum=1](frmRx=1) Added to rxQueue
[2026-02-02 22:08:20] debug: 	zh:ember:uart:ash: ---> [FRAME type=ACK frmRx=2](ackRx=3)
[2026-02-02 22:08:20] debug: 	zh:ember:ezsp: <=== [FRAME: ID=52:"SEND_UNICAST" Seq=106 Len=7]
[2026-02-02 22:08:20] debug: 	zh:ember:ezsp: ~~~> [SENT type=DIRECT apsSequence=103 messageTag=73 status=OK]
[2026-02-02 22:08:20] debug: 	zh:ember:uart:ash: <--- [FRAME type=DATA]
[2026-02-02 22:08:20] debug: 	zh:ember:uart:ash: <--- [FRAME type=DATA ackNum=3](ackRx=3 frmTx=3)
[2026-02-02 22:08:20] debug: 	zh:ember:uart:ash: <--- [FRAME type=DATA ackNum=3 frmNum=2](frmRx=2) Added to rxQueue
[2026-02-02 22:08:20] debug: 	zh:ember:uart:ash: ---> [FRAME type=ACK frmRx=3](ackRx=3)
[2026-02-02 22:08:20] debug: 	zh:ember:ezsp: <=== [CBFRAME: ID=89:"INCOMING_ROUTE_RECORD_HANDLER" Seq=106 Len=18]
[2026-02-02 22:08:20] debug: 	zh:ember:ezsp: ezspIncomingRouteRecordHandler: source=7447 sourceEui=0xa4c138247a1a948b lastHopLqi=136 lastHopRssi=-66 relayCount=0 relayList=
[2026-02-02 22:08:20] debug: 	zh:ember:uart:ash: <--- [FRAME type=DATA]
[2026-02-02 22:08:20] debug: 	zh:ember:uart:ash: <--- [FRAME type=DATA ackNum=3](ackRx=3 frmTx=3)
[2026-02-02 22:08:20] debug: 	zh:ember:uart:ash: <--- [FRAME type=DATA ackNum=3 frmNum=3](frmRx=3) Added to rxQueue
[2026-02-02 22:08:20] debug: 	zh:ember:uart:ash: ---> [FRAME type=ACK frmRx=4](ackRx=3)
[2026-02-02 22:08:20] debug: 	zh:ember:ezsp: <=== [CBFRAME: ID=63:"MESSAGE_SENT_HANDLER" Seq=106 Len=22]
[2026-02-02 22:08:20] debug: 	zh:ember:ezsp: ezspMessageSentHandler: status=OK type=DIRECT indexOrDestination=7447 apsFrame={"profileId":260,"clusterId":2820,"sourceEndpoint":1,"destinationEndpoint":1,"options":4416,"groupId":0,"sequence":103} messageTag=73
[2026-02-02 22:08:20] debug: 	zh:ember:uart:ash: <--- [FRAME type=DATA]
[2026-02-02 22:08:20] debug: 	zh:ember:uart:ash: <--- [FRAME type=DATA ackNum=3](ackRx=3 frmTx=3)
[2026-02-02 22:08:20] debug: 	zh:ember:uart:ash: <--- [FRAME type=DATA ackNum=3 frmNum=4](frmRx=4) Added to rxQueue
[2026-02-02 22:08:20] debug: 	zh:ember:uart:ash: ---> [FRAME type=ACK frmRx=5](ackRx=3)
[2026-02-02 22:08:20] debug: 	zh:ember:ezsp: <=== [CBFRAME: ID=69:"INCOMING_MESSAGE_HANDLER" Seq=106 Len=46]
[2026-02-02 22:08:20] debug: 	zh:ember:ezsp: ezspIncomingMessageHandler: type=UNICAST apsFrame={"profileId":260,"clusterId":2820,"sourceEndpoint":1,"destinationEndpoint":1,"options":320,"groupId":0,"sequence":51} packetInfo:{"senderShortId":7447,"senderLongId":"0xffffffffffffffff","bindingIndex":255,"addressIndex":255,"lastHopLqi":136,"lastHopRssi":-66,"lastHopTimestamp":0} messageContents=18270105050021ea0008050021dd000b0500212d00
[2026-02-02 22:08:20] debug: 	zh:controller: Received payload: clusterID=2820, address=7447, groupID=0, endpoint=1, destinationEndpoint=1, wasBroadcast=false, linkQuality=136, frame={"header":{"frameControl":{"frameType":0,"manufacturerSpecific":false,"direction":1,"disableDefaultResponse":true,"reservedBits":0},"transactionSequenceNumber":39,"commandIdentifier":1},"payload":[{"attrId":1285,"status":0,"dataType":33,"attrData":234},{"attrId":1288,"status":0,"dataType":33,"attrData":221},{"attrId":1291,"status":0,"dataType":33,"attrData":45}],"command":{"ID":1,"name":"readRsp","parameters":[{"name":"attrId","type":9},{"name":"status","type":8},{"name":"dataType","type":8,"conditions":[{"type":"fieldEquals","field":"status","value":0}]},{"name":"attrData","type":1000,"conditions":[{"type":"fieldEquals","field":"status","value":0}]}]}}
[2026-02-02 22:08:20] debug: 	z2m: Received Zigbee message from 'Tuya Connected Outlet', type 'readResponse', cluster 'haElectricalMeasurement', data '{"activePower":45,"rmsCurrent":221,"rmsVoltage":234}' from endpoint 1 with groupID 0
[2026-02-02 22:08:20] info: 	z2m:mqtt: MQTT publish: topic 'zigbee2mqtt/Tuya Connected Outlet', payload '{"child_lock":"UNLOCK","countdown":0,"current":0.22,"energy":28.22,"indicator_mode":"off/on","linkquality":136,"power":45,"power_outage_memory":"off","state":"ON","update":{"installed_version":268514823,"latest_version":268514823,"state":"idle"},"voltage":234}'
[2026-02-02 22:08:20] debug: 	zh:controller:endpoint: ZCL command 0xa4c138247a1a948b/1 seMetering.read(["currentSummDelivered"], {"timeout":10000,"disableResponse":false,"disableRecovery":false,"disableDefaultResponse":true,"direction":0,"reservedBits":0,"writeUndiv":false})
[2026-02-02 22:08:20] debug: 	zh:ember: ~~~> [ZCL to=0xa4c138247a1a948b:7447 apsFrame={"profileId":260,"clusterId":1794,"sourceEndpoint":1,"destinationEndpoint":1,"options":4416,"groupId":0,"sequence":0} header={"frameControl":{"reservedBits":0,"frameType":0,"direction":0,"disableDefaultResponse":true,"manufacturerSpecific":false},"transactionSequenceNumber":40,"commandIdentifier":0}]
[2026-02-02 22:08:20] debug: 	zh:ember:ezsp: ===> [FRAME: ID=52:"SEND_UNICAST" Seq=107 Len=26]
[2026-02-02 22:08:20] debug: 	zh:ember:uart:ash: ---> [FRAME type=DATA frmTx=3 frmRx=5](ackRx=3)
[2026-02-02 22:08:21] debug: 	zh:ember:uart:ash: <--- [FRAME type=DATA]
[2026-02-02 22:08:21] debug: 	zh:ember:uart:ash: <--- [FRAME type=DATA ackNum=4](ackRx=3 frmTx=4)
[2026-02-02 22:08:21] debug: 	zh:ember:uart:ash: <--- [FRAME type=DATA ackNum=4 frmNum=5](frmRx=5) Added to rxQueue
[2026-02-02 22:08:21] debug: 	zh:ember:uart:ash: ---> [FRAME type=ACK frmRx=6](ackRx=4)
[2026-02-02 22:08:21] debug: 	zh:ember:ezsp: <=== [FRAME: ID=52:"SEND_UNICAST" Seq=107 Len=7]
[2026-02-02 22:08:21] debug: 	zh:ember:ezsp: ~~~> [SENT type=DIRECT apsSequence=104 messageTag=74 status=OK]
[2026-02-02 22:08:21] debug: 	zh:ember:uart:ash: <--- [FRAME type=DATA]
[2026-02-02 22:08:21] debug: 	zh:ember:uart:ash: <--- [FRAME type=DATA ackNum=4](ackRx=4 frmTx=4)
[2026-02-02 22:08:21] debug: 	zh:ember:uart:ash: <--- [FRAME type=DATA ackNum=4 frmNum=6](frmRx=6) Added to rxQueue
[2026-02-02 22:08:21] debug: 	zh:ember:uart:ash: ---> [FRAME type=ACK frmRx=7](ackRx=4)
[2026-02-02 22:08:21] debug: 	zh:ember:ezsp: <=== [CBFRAME: ID=63:"MESSAGE_SENT_HANDLER" Seq=107 Len=22]
[2026-02-02 22:08:21] debug: 	zh:ember:ezsp: ezspMessageSentHandler: status=OK type=DIRECT indexOrDestination=7447 apsFrame={"profileId":260,"clusterId":1794,"sourceEndpoint":1,"destinationEndpoint":1,"options":4416,"groupId":0,"sequence":104} messageTag=74
[2026-02-02 22:08:21] debug: 	zh:ember:uart:ash: <--- [FRAME type=DATA]
[2026-02-02 22:08:21] debug: 	zh:ember:uart:ash: <--- [FRAME type=DATA ackNum=4](ackRx=4 frmTx=4)
[2026-02-02 22:08:21] debug: 	zh:ember:uart:ash: <--- [FRAME type=DATA ackNum=4 frmNum=7](frmRx=7) Added to rxQueue
[2026-02-02 22:08:21] debug: 	zh:ember:uart:ash: ---> [FRAME type=ACK frmRx=0](ackRx=4)
[2026-02-02 22:08:21] debug: 	zh:ember:ezsp: <=== [CBFRAME: ID=69:"INCOMING_MESSAGE_HANDLER" Seq=107 Len=38]
[2026-02-02 22:08:21] debug: 	zh:ember:ezsp: ezspIncomingMessageHandler: type=UNICAST apsFrame={"profileId":260,"clusterId":1794,"sourceEndpoint":1,"destinationEndpoint":1,"options":320,"groupId":0,"sequence":52} packetInfo:{"senderShortId":7447,"senderLongId":"0xffffffffffffffff","bindingIndex":255,"addressIndex":255,"lastHopLqi":140,"lastHopRssi":-65,"lastHopTimestamp":0} messageContents=18280100000025060b00000000
[2026-02-02 22:08:21] debug: 	zh:controller: Received payload: clusterID=1794, address=7447, groupID=0, endpoint=1, destinationEndpoint=1, wasBroadcast=false, linkQuality=140, frame={"header":{"frameControl":{"frameType":0,"manufacturerSpecific":false,"direction":1,"disableDefaultResponse":true,"reservedBits":0},"transactionSequenceNumber":40,"commandIdentifier":1},"payload":[{"attrId":0,"status":0,"dataType":37,"attrData":2822}],"command":{"ID":1,"name":"readRsp","parameters":[{"name":"attrId","type":9},{"name":"status","type":8},{"name":"dataType","type":8,"conditions":[{"type":"fieldEquals","field":"status","value":0}]},{"name":"attrData","type":1000,"conditions":[{"type":"fieldEquals","field":"status","value":0}]}]}}
[2026-02-02 22:08:21] debug: 	z2m: Received Zigbee message from 'Tuya Connected Outlet', type 'readResponse', cluster 'seMetering', data '{"currentSummDelivered":2822}' from endpoint 1 with groupID 0
[2026-02-02 22:08:21] info: 	z2m:mqtt: MQTT publish: topic 'zigbee2mqtt/Tuya Connected Outlet', payload '{"child_lock":"UNLOCK","countdown":0,"current":0.22,"energy":28.22,"indicator_mode":"off/on","linkquality":140,"power":45,"power_outage_memory":"off","state":"ON","update":{"installed_version":268514823,"latest_version":268514823,"state":"idle"},"voltage":234}'
[2026-02-02 22:09:06] debug: 	zh:ember:uart:ash: <--- [FRAME type=DATA]
[2026-02-02 22:09:06] debug: 	zh:ember:uart:ash: <--- [FRAME type=DATA ackNum=4](ackRx=4 frmTx=4)
[2026-02-02 22:09:06] debug: 	zh:ember:uart:ash: <--- [FRAME type=DATA ackNum=4 frmNum=0](frmRx=0) Added to rxQueue
[2026-02-02 22:09:06] debug: 	zh:ember:uart:ash: ---> [FRAME type=ACK frmRx=1](ackRx=4)
[2026-02-02 22:09:06] debug: 	zh:ember:ezsp: <=== [CBFRAME: ID=125:"INCOMING_MANY_TO_ONE_ROUTE_REQUEST_HANDLER" Seq=107 Len=16]
[2026-02-02 22:09:06] debug: 	zh:ember:ezsp: ezspIncomingManyToOneRouteRequestHandler: source=40200 longId=0x842712fffedb8ddb cost=1
[2026-02-02 22:09:14] debug: 	z2m: Saving state to file /config/zigbee2mqtt/state.json
[2026-02-02 22:09:17] debug: 	zh:controller:database: Writing database to '/config/zigbee2mqtt/database.db'
[2026-02-02 22:09:20] info: 	z2m:mqtt: MQTT publish: topic 'zigbee2mqtt/bridge/health', payload '{"response_time":1770066560315,"os":{"load_average":[2.07,1.53,0.86],"memory_used_mb":1298.21,"memory_percent":33.0894},"process":{"uptime_sec":617,"memory_used_mb":115.72,"memory_percent":2.9495},"mqtt":{"connected":true,"queued":0,"published":240,"received":111},"devices":{"0x30fb10fffe4c12d6":{"messages":30,"messages_per_sec":0.0529,"leave_count":0,"network_address_changes":0},"0xa4c138247a1a948b":{"messages":59,"messages_per_sec":0.107,"leave_count":0,"network_address_changes":0},"0x842712fffedb8ddb":{"messages":14,"messages_per_sec":0.0274,"leave_count":0,"network_address_changes":0},"0x6cfd22fffe610d7c":{"messages":1,"messages_per_sec":0.0048,"leave_count":0,"network_address_changes":0}}}'
[2026-02-02 22:09:21] debug: 	zh:controller:endpoint: ZCL command 0xa4c138247a1a948b/1 haElectricalMeasurement.read(["rmsVoltage","rmsCurrent","activePower"], {"timeout":10000,"disableResponse":false,"disableRecovery":false,"disableDefaultResponse":true,"direction":0,"reservedBits":0,"writeUndiv":false})
[2026-02-02 22:09:21] debug: 	zh:ember: ~~~> [ZCL to=0xa4c138247a1a948b:7447 apsFrame={"profileId":260,"clusterId":2820,"sourceEndpoint":1,"destinationEndpoint":1,"options":4416,"groupId":0,"sequence":0} header={"frameControl":{"reservedBits":0,"frameType":0,"direction":0,"disableDefaultResponse":true,"manufacturerSpecific":false},"transactionSequenceNumber":41,"commandIdentifier":0}]
[2026-02-02 22:09:21] debug: 	zh:ember:ezsp: ===> [FRAME: ID=52:"SEND_UNICAST" Seq=108 Len=30]
[2026-02-02 22:09:21] debug: 	zh:ember:uart:ash: ---> [FRAME type=DATA frmTx=4 frmRx=1](ackRx=4)
[2026-02-02 22:09:21] debug: 	zh:ember:uart:ash: <--- [FRAME type=DATA]
[2026-02-02 22:09:21] debug: 	zh:ember:uart:ash: <--- [FRAME type=DATA ackNum=5](ackRx=4 frmTx=5)
[2026-02-02 22:09:21] debug: 	zh:ember:uart:ash: <--- [FRAME type=DATA ackNum=5 frmNum=1](frmRx=1) Added to rxQueue
[2026-02-02 22:09:21] debug: 	zh:ember:uart:ash: ---> [FRAME type=ACK frmRx=2](ackRx=5)
[2026-02-02 22:09:21] debug: 	zh:ember:ezsp: <=== [FRAME: ID=52:"SEND_UNICAST" Seq=108 Len=7]
[2026-02-02 22:09:21] debug: 	zh:ember:ezsp: ~~~> [SENT type=DIRECT apsSequence=105 messageTag=75 status=OK]
[2026-02-02 22:09:21] debug: 	zh:ember:uart:ash: <--- [FRAME type=DATA]
[2026-02-02 22:09:21] debug: 	zh:ember:uart:ash: <--- [FRAME type=DATA ackNum=5](ackRx=5 frmTx=5)
[2026-02-02 22:09:21] debug: 	zh:ember:uart:ash: <--- [FRAME type=DATA ackNum=5 frmNum=2](frmRx=2) Added to rxQueue
[2026-02-02 22:09:21] debug: 	zh:ember:uart:ash: ---> [FRAME type=ACK frmRx=3](ackRx=5)
[2026-02-02 22:09:21] debug: 	zh:ember:ezsp: <=== [CBFRAME: ID=89:"INCOMING_ROUTE_RECORD_HANDLER" Seq=108 Len=18]
[2026-02-02 22:09:21] debug: 	zh:ember:ezsp: ezspIncomingRouteRecordHandler: source=7447 sourceEui=0xa4c138247a1a948b lastHopLqi=132 lastHopRssi=-67 relayCount=0 relayList=
[2026-02-02 22:09:21] debug: 	zh:ember:uart:ash: <--- [FRAME type=DATA]
[2026-02-02 22:09:21] debug: 	zh:ember:uart:ash: <--- [FRAME type=DATA ackNum=5](ackRx=5 frmTx=5)
[2026-02-02 22:09:21] debug: 	zh:ember:uart:ash: <--- [FRAME type=DATA ackNum=5 frmNum=3](frmRx=3) Added to rxQueue
[2026-02-02 22:09:21] debug: 	zh:ember:uart:ash: ---> [FRAME type=ACK frmRx=4](ackRx=5)
[2026-02-02 22:09:21] debug: 	zh:ember:ezsp: <=== [CBFRAME: ID=63:"MESSAGE_SENT_HANDLER" Seq=108 Len=22]
[2026-02-02 22:09:21] debug: 	zh:ember:ezsp: ezspMessageSentHandler: status=OK type=DIRECT indexOrDestination=7447 apsFrame={"profileId":260,"clusterId":2820,"sourceEndpoint":1,"destinationEndpoint":1,"options":4416,"groupId":0,"sequence":105} messageTag=75
[2026-02-02 22:09:21] debug: 	zh:ember:uart:ash: <--- [FRAME type=DATA]
[2026-02-02 22:09:21] debug: 	zh:ember:uart:ash: <--- [FRAME type=DATA ackNum=5](ackRx=5 frmTx=5)
[2026-02-02 22:09:21] debug: 	zh:ember:uart:ash: <--- [FRAME type=DATA ackNum=5 frmNum=4](frmRx=4) Added to rxQueue
[2026-02-02 22:09:21] debug: 	zh:ember:uart:ash: ---> [FRAME type=ACK frmRx=5](ackRx=5)
[2026-02-02 22:09:21] debug: 	zh:ember:ezsp: <=== [CBFRAME: ID=69:"INCOMING_MESSAGE_HANDLER" Seq=108 Len=46]
[2026-02-02 22:09:21] debug: 	zh:ember:ezsp: ezspIncomingMessageHandler: type=UNICAST apsFrame={"profileId":260,"clusterId":2820,"sourceEndpoint":1,"destinationEndpoint":1,"options":320,"groupId":0,"sequence":53} packetInfo:{"senderShortId":7447,"senderLongId":"0xffffffffffffffff","bindingIndex":255,"addressIndex":255,"lastHopLqi":100,"lastHopRssi":-75,"lastHopTimestamp":0} messageContents=18290105050021e80008050021dd000b0500212b00
[2026-02-02 22:09:21] debug: 	zh:controller: Received payload: clusterID=2820, address=7447, groupID=0, endpoint=1, destinationEndpoint=1, wasBroadcast=false, linkQuality=100, frame={"header":{"frameControl":{"frameType":0,"manufacturerSpecific":false,"direction":1,"disableDefaultResponse":true,"reservedBits":0},"transactionSequenceNumber":41,"commandIdentifier":1},"payload":[{"attrId":1285,"status":0,"dataType":33,"attrData":232},{"attrId":1288,"status":0,"dataType":33,"attrData":221},{"attrId":1291,"status":0,"dataType":33,"attrData":43}],"command":{"ID":1,"name":"readRsp","parameters":[{"name":"attrId","type":9},{"name":"status","type":8},{"name":"dataType","type":8,"conditions":[{"type":"fieldEquals","field":"status","value":0}]},{"name":"attrData","type":1000,"conditions":[{"type":"fieldEquals","field":"status","value":0}]}]}}
[2026-02-02 22:09:21] debug: 	z2m: Received Zigbee message from 'Tuya Connected Outlet', type 'readResponse', cluster 'haElectricalMeasurement', data '{"activePower":43,"rmsCurrent":221,"rmsVoltage":232}' from endpoint 1 with groupID 0
[2026-02-02 22:09:21] info: 	z2m:mqtt: MQTT publish: topic 'zigbee2mqtt/Tuya Connected Outlet', payload '{"child_lock":"UNLOCK","countdown":0,"current":0.22,"energy":28.22,"indicator_mode":"off/on","linkquality":100,"power":43,"power_outage_memory":"off","state":"ON","update":{"installed_version":268514823,"latest_version":268514823,"state":"idle"},"voltage":232}'
[2026-02-02 22:09:21] debug: 	zh:controller:endpoint: ZCL command 0xa4c138247a1a948b/1 seMetering.read(["currentSummDelivered"], {"timeout":10000,"disableResponse":false,"disableRecovery":false,"disableDefaultResponse":true,"direction":0,"reservedBits":0,"writeUndiv":false})
[2026-02-02 22:09:21] debug: 	zh:ember: ~~~> [ZCL to=0xa4c138247a1a948b:7447 apsFrame={"profileId":260,"clusterId":1794,"sourceEndpoint":1,"destinationEndpoint":1,"options":4416,"groupId":0,"sequence":0} header={"frameControl":{"reservedBits":0,"frameType":0,"direction":0,"disableDefaultResponse":true,"manufacturerSpecific":false},"transactionSequenceNumber":42,"commandIdentifier":0}]
[2026-02-02 22:09:21] debug: 	zh:ember:ezsp: ===> [FRAME: ID=52:"SEND_UNICAST" Seq=109 Len=26]
[2026-02-02 22:09:21] debug: 	zh:ember:uart:ash: ---> [FRAME type=DATA frmTx=5 frmRx=5](ackRx=5)
[2026-02-02 22:09:21] debug: 	zh:ember:uart:ash: <--- [FRAME type=DATA]
[2026-02-02 22:09:21] debug: 	zh:ember:uart:ash: <--- [FRAME type=DATA ackNum=6](ackRx=5 frmTx=6)
[2026-02-02 22:09:21] debug: 	zh:ember:uart:ash: <--- [FRAME type=DATA ackNum=6 frmNum=5](frmRx=5) Added to rxQueue
[2026-02-02 22:09:21] debug: 	zh:ember:uart:ash: ---> [FRAME type=ACK frmRx=6](ackRx=6)
[2026-02-02 22:09:21] debug: 	zh:ember:ezsp: <=== [FRAME: ID=52:"SEND_UNICAST" Seq=109 Len=7]
[2026-02-02 22:09:21] debug: 	zh:ember:ezsp: ~~~> [SENT type=DIRECT apsSequence=106 messageTag=76 status=OK]
[2026-02-02 22:09:21] debug: 	zh:ember:uart:ash: <--- [FRAME type=DATA]
[2026-02-02 22:09:21] debug: 	zh:ember:uart:ash: <--- [FRAME type=DATA ackNum=6](ackRx=6 frmTx=6)
[2026-02-02 22:09:21] debug: 	zh:ember:uart:ash: <--- [FRAME type=DATA ackNum=6 frmNum=6](frmRx=6) Added to rxQueue
[2026-02-02 22:09:21] debug: 	zh:ember:uart:ash: ---> [FRAME type=ACK frmRx=7](ackRx=6)
[2026-02-02 22:09:21] debug: 	zh:ember:ezsp: <=== [CBFRAME: ID=63:"MESSAGE_SENT_HANDLER" Seq=109 Len=22]
[2026-02-02 22:09:21] debug: 	zh:ember:ezsp: ezspMessageSentHandler: status=OK type=DIRECT indexOrDestination=7447 apsFrame={"profileId":260,"clusterId":1794,"sourceEndpoint":1,"destinationEndpoint":1,"options":4416,"groupId":0,"sequence":106} messageTag=76
[2026-02-02 22:09:21] debug: 	zh:ember:uart:ash: <--- [FRAME type=DATA]
[2026-02-02 22:09:21] debug: 	zh:ember:uart:ash: <--- [FRAME type=DATA ackNum=6](ackRx=6 frmTx=6)
[2026-02-02 22:09:21] debug: 	zh:ember:uart:ash: <--- [FRAME type=DATA ackNum=6 frmNum=7](frmRx=7) Added to rxQueue
[2026-02-02 22:09:21] debug: 	zh:ember:uart:ash: ---> [FRAME type=ACK frmRx=0](ackRx=6)
[2026-02-02 22:09:21] debug: 	zh:ember:ezsp: <=== [CBFRAME: ID=69:"INCOMING_MESSAGE_HANDLER" Seq=109 Len=38]
[2026-02-02 22:09:21] debug: 	zh:ember:ezsp: ezspIncomingMessageHandler: type=UNICAST apsFrame={"profileId":260,"clusterId":1794,"sourceEndpoint":1,"destinationEndpoint":1,"options":320,"groupId":0,"sequence":54} packetInfo:{"senderShortId":7447,"senderLongId":"0xffffffffffffffff","bindingIndex":255,"addressIndex":255,"lastHopLqi":108,"lastHopRssi":-73,"lastHopTimestamp":0} messageContents=182a0100000025060b00000000
[2026-02-02 22:09:21] debug: 	zh:controller: Received payload: clusterID=1794, address=7447, groupID=0, endpoint=1, destinationEndpoint=1, wasBroadcast=false, linkQuality=108, frame={"header":{"frameControl":{"frameType":0,"manufacturerSpecific":false,"direction":1,"disableDefaultResponse":true,"reservedBits":0},"transactionSequenceNumber":42,"commandIdentifier":1},"payload":[{"attrId":0,"status":0,"dataType":37,"attrData":2822}],"command":{"ID":1,"name":"readRsp","parameters":[{"name":"attrId","type":9},{"name":"status","type":8},{"name":"dataType","type":8,"conditions":[{"type":"fieldEquals","field":"status","value":0}]},{"name":"attrData","type":1000,"conditions":[{"type":"fieldEquals","field":"status","value":0}]}]}}
[2026-02-02 22:09:21] debug: 	z2m: Received Zigbee message from 'Tuya Connected Outlet', type 'readResponse', cluster 'seMetering', data '{"currentSummDelivered":2822}' from endpoint 1 with groupID 0
[2026-02-02 22:09:21] info: 	z2m:mqtt: MQTT publish: topic 'zigbee2mqtt/Tuya Connected Outlet', payload '{"child_lock":"UNLOCK","countdown":0,"current":0.22,"energy":28.22,"indicator_mode":"off/on","linkquality":108,"power":43,"power_outage_memory":"off","state":"ON","update":{"installed_version":268514823,"latest_version":268514823,"state":"idle"},"voltage":232}'
[2026-02-02 22:09:26] debug: 	z2m:mqtt: Received MQTT message on 'homeassistant/status' with data 'offline'
[2026-02-02 22:10:07] debug: 	zh:ember:uart:ash: <--- [FRAME type=DATA]
[2026-02-02 22:10:07] debug: 	zh:ember:uart:ash: <--- [FRAME type=DATA ackNum=6](ackRx=6 frmTx=6)
[2026-02-02 22:10:07] debug: 	zh:ember:uart:ash: <--- [FRAME type=DATA ackNum=6 frmNum=0](frmRx=0) Added to rxQueue
[2026-02-02 22:10:07] debug: 	zh:ember:uart:ash: ---> [FRAME type=ACK frmRx=1](ackRx=6)
[2026-02-02 22:10:07] debug: 	zh:ember:ezsp: <=== [CBFRAME: ID=125:"INCOMING_MANY_TO_ONE_ROUTE_REQUEST_HANDLER" Seq=109 Len=16]
[2026-02-02 22:10:07] debug: 	zh:ember:ezsp: ezspIncomingManyToOneRouteRequestHandler: source=40200 longId=0x842712fffedb8ddb cost=1
[2026-02-02 22:10:21] debug: 	zh:controller:endpoint: ZCL command 0xa4c138247a1a948b/1 haElectricalMeasurement.read(["rmsVoltage","rmsCurrent","activePower"], {"timeout":10000,"disableResponse":false,"disableRecovery":false,"disableDefaultResponse":true,"direction":0,"reservedBits":0,"writeUndiv":false})
[2026-02-02 22:10:21] debug: 	zh:ember: ~~~> [ZCL to=0xa4c138247a1a948b:7447 apsFrame={"profileId":260,"clusterId":2820,"sourceEndpoint":1,"destinationEndpoint":1,"options":4416,"groupId":0,"sequence":0} header={"frameControl":{"reservedBits":0,"frameType":0,"direction":0,"disableDefaultResponse":true,"manufacturerSpecific":false},"transactionSequenceNumber":43,"commandIdentifier":0}]
[2026-02-02 22:10:21] debug: 	zh:ember:ezsp: ===> [FRAME: ID=52:"SEND_UNICAST" Seq=110 Len=30]
[2026-02-02 22:10:21] debug: 	zh:ember:uart:ash: ---> [FRAME type=DATA frmTx=6 frmRx=1](ackRx=6)
[2026-02-02 22:10:21] debug: 	zh:ember:uart:ash: <--- [FRAME type=DATA]
[2026-02-02 22:10:21] debug: 	zh:ember:uart:ash: <--- [FRAME type=DATA ackNum=7](ackRx=6 frmTx=7)
[2026-02-02 22:10:21] debug: 	zh:ember:uart:ash: <--- [FRAME type=DATA ackNum=7 frmNum=1](frmRx=1) Added to rxQueue
[2026-02-02 22:10:21] debug: 	zh:ember:uart:ash: ---> [FRAME type=ACK frmRx=2](ackRx=7)
[2026-02-02 22:10:21] debug: 	zh:ember:ezsp: <=== [FRAME: ID=52:"SEND_UNICAST" Seq=110 Len=7]
[2026-02-02 22:10:21] debug: 	zh:ember:ezsp: ~~~> [SENT type=DIRECT apsSequence=107 messageTag=77 status=OK]
[2026-02-02 22:10:21] debug: 	zh:ember:uart:ash: <--- [FRAME type=DATA]
[2026-02-02 22:10:21] debug: 	zh:ember:uart:ash: <--- [FRAME type=DATA ackNum=7](ackRx=7 frmTx=7)
[2026-02-02 22:10:21] debug: 	zh:ember:uart:ash: <--- [FRAME type=DATA ackNum=7 frmNum=2](frmRx=2) Added to rxQueue
[2026-02-02 22:10:21] debug: 	zh:ember:uart:ash: ---> [FRAME type=ACK frmRx=3](ackRx=7)
[2026-02-02 22:10:21] debug: 	zh:ember:ezsp: <=== [CBFRAME: ID=89:"INCOMING_ROUTE_RECORD_HANDLER" Seq=110 Len=18]
[2026-02-02 22:10:21] debug: 	zh:ember:ezsp: ezspIncomingRouteRecordHandler: source=7447 sourceEui=0xa4c138247a1a948b lastHopLqi=116 lastHopRssi=-71 relayCount=0 relayList=
[2026-02-02 22:10:21] debug: 	zh:ember:uart:ash: <--- [FRAME type=DATA]
[2026-02-02 22:10:21] debug: 	zh:ember:uart:ash: <--- [FRAME type=DATA ackNum=7](ackRx=7 frmTx=7)
[2026-02-02 22:10:21] debug: 	zh:ember:uart:ash: <--- [FRAME type=DATA ackNum=7 frmNum=3](frmRx=3) Added to rxQueue
[2026-02-02 22:10:21] debug: 	zh:ember:uart:ash: ---> [FRAME type=ACK frmRx=4](ackRx=7)
[2026-02-02 22:10:21] debug: 	zh:ember:ezsp: <=== [CBFRAME: ID=63:"MESSAGE_SENT_HANDLER" Seq=110 Len=22]
[2026-02-02 22:10:21] debug: 	zh:ember:ezsp: ezspMessageSentHandler: status=OK type=DIRECT indexOrDestination=7447 apsFrame={"profileId":260,"clusterId":2820,"sourceEndpoint":1,"destinationEndpoint":1,"options":4416,"groupId":0,"sequence":107} messageTag=77
[2026-02-02 22:10:21] debug: 	zh:ember:uart:ash: <--- [FRAME type=DATA]
[2026-02-02 22:10:21] debug: 	zh:ember:uart:ash: <--- [FRAME type=DATA ackNum=7](ackRx=7 frmTx=7)
[2026-02-02 22:10:21] debug: 	zh:ember:uart:ash: <--- [FRAME type=DATA ackNum=7 frmNum=4](frmRx=4) Added to rxQueue
[2026-02-02 22:10:21] debug: 	zh:ember:uart:ash: ---> [FRAME type=ACK frmRx=5](ackRx=7)
[2026-02-02 22:10:21] debug: 	zh:ember:ezsp: <=== [CBFRAME: ID=69:"INCOMING_MESSAGE_HANDLER" Seq=110 Len=46]
[2026-02-02 22:10:21] debug: 	zh:ember:ezsp: ezspIncomingMessageHandler: type=UNICAST apsFrame={"profileId":260,"clusterId":2820,"sourceEndpoint":1,"destinationEndpoint":1,"options":320,"groupId":0,"sequence":55} packetInfo:{"senderShortId":7447,"senderLongId":"0xffffffffffffffff","bindingIndex":255,"addressIndex":255,"lastHopLqi":112,"lastHopRssi":-72,"lastHopTimestamp":0} messageContents=182b0105050021eb0008050021e8000b0500212d00
[2026-02-02 22:10:21] debug: 	zh:controller: Received payload: clusterID=2820, address=7447, groupID=0, endpoint=1, destinationEndpoint=1, wasBroadcast=false, linkQuality=112, frame={"header":{"frameControl":{"frameType":0,"manufacturerSpecific":false,"direction":1,"disableDefaultResponse":true,"reservedBits":0},"transactionSequenceNumber":43,"commandIdentifier":1},"payload":[{"attrId":1285,"status":0,"dataType":33,"attrData":235},{"attrId":1288,"status":0,"dataType":33,"attrData":232},{"attrId":1291,"status":0,"dataType":33,"attrData":45}],"command":{"ID":1,"name":"readRsp","parameters":[{"name":"attrId","type":9},{"name":"status","type":8},{"name":"dataType","type":8,"conditions":[{"type":"fieldEquals","field":"status","value":0}]},{"name":"attrData","type":1000,"conditions":[{"type":"fieldEquals","field":"status","value":0}]}]}}
[2026-02-02 22:10:21] debug: 	z2m: Received Zigbee message from 'Tuya Connected Outlet', type 'readResponse', cluster 'haElectricalMeasurement', data '{"activePower":45,"rmsCurrent":232,"rmsVoltage":235}' from endpoint 1 with groupID 0
[2026-02-02 22:10:21] info: 	z2m:mqtt: MQTT publish: topic 'zigbee2mqtt/Tuya Connected Outlet', payload '{"child_lock":"UNLOCK","countdown":0,"current":0.23,"energy":28.22,"indicator_mode":"off/on","linkquality":112,"power":45,"power_outage_memory":"off","state":"ON","update":{"installed_version":268514823,"latest_version":268514823,"state":"idle"},"voltage":235}'
[2026-02-02 22:10:21] debug: 	zh:controller:endpoint: ZCL command 0xa4c138247a1a948b/1 seMetering.read(["currentSummDelivered"], {"timeout":10000,"disableResponse":false,"disableRecovery":false,"disableDefaultResponse":true,"direction":0,"reservedBits":0,"writeUndiv":false})
[2026-02-02 22:10:21] debug: 	zh:ember: ~~~> [ZCL to=0xa4c138247a1a948b:7447 apsFrame={"profileId":260,"clusterId":1794,"sourceEndpoint":1,"destinationEndpoint":1,"options":4416,"groupId":0,"sequence":0} header={"frameControl":{"reservedBits":0,"frameType":0,"direction":0,"disableDefaultResponse":true,"manufacturerSpecific":false},"transactionSequenceNumber":44,"commandIdentifier":0}]
[2026-02-02 22:10:21] debug: 	zh:ember:ezsp: ===> [FRAME: ID=52:"SEND_UNICAST" Seq=111 Len=26]
[2026-02-02 22:10:21] debug: 	zh:ember:uart:ash: ---> [FRAME type=DATA frmTx=7 frmRx=5](ackRx=7)
[2026-02-02 22:10:21] debug: 	zh:ember:uart:ash: <--- [FRAME type=DATA]
[2026-02-02 22:10:21] debug: 	zh:ember:uart:ash: <--- [FRAME type=DATA ackNum=0](ackRx=7 frmTx=0)
[2026-02-02 22:10:21] debug: 	zh:ember:uart:ash: <--- [FRAME type=DATA ackNum=0 frmNum=5](frmRx=5) Added to rxQueue
[2026-02-02 22:10:21] debug: 	zh:ember:uart:ash: ---> [FRAME type=ACK frmRx=6](ackRx=0)
[2026-02-02 22:10:21] debug: 	zh:ember:ezsp: <=== [FRAME: ID=52:"SEND_UNICAST" Seq=111 Len=7]
[2026-02-02 22:10:21] debug: 	zh:ember:ezsp: ~~~> [SENT type=DIRECT apsSequence=108 messageTag=78 status=OK]
[2026-02-02 22:10:21] debug: 	zh:ember:uart:ash: <--- [FRAME type=DATA]
[2026-02-02 22:10:21] debug: 	zh:ember:uart:ash: <--- [FRAME type=DATA ackNum=0](ackRx=0 frmTx=0)
[2026-02-02 22:10:21] debug: 	zh:ember:uart:ash: <--- [FRAME type=DATA ackNum=0 frmNum=6](frmRx=6) Added to rxQueue
[2026-02-02 22:10:21] debug: 	zh:ember:uart:ash: ---> [FRAME type=ACK frmRx=7](ackRx=0)
[2026-02-02 22:10:21] debug: 	zh:ember:ezsp: <=== [CBFRAME: ID=63:"MESSAGE_SENT_HANDLER" Seq=111 Len=22]
[2026-02-02 22:10:21] debug: 	zh:ember:ezsp: ezspMessageSentHandler: status=OK type=DIRECT indexOrDestination=7447 apsFrame={"profileId":260,"clusterId":1794,"sourceEndpoint":1,"destinationEndpoint":1,"options":4416,"groupId":0,"sequence":108} messageTag=78
[2026-02-02 22:10:21] debug: 	zh:ember:uart:ash: <--- [FRAME type=DATA]
[2026-02-02 22:10:21] debug: 	zh:ember:uart:ash: <--- [FRAME type=DATA ackNum=0](ackRx=0 frmTx=0)
[2026-02-02 22:10:21] debug: 	zh:ember:uart:ash: <--- [FRAME type=DATA ackNum=0 frmNum=7](frmRx=7) Added to rxQueue
[2026-02-02 22:10:21] debug: 	zh:ember:uart:ash: ---> [FRAME type=ACK frmRx=0](ackRx=0)
[2026-02-02 22:10:21] debug: 	zh:ember:ezsp: <=== [CBFRAME: ID=69:"INCOMING_MESSAGE_HANDLER" Seq=111 Len=38]
[2026-02-02 22:10:21] debug: 	zh:ember:ezsp: ezspIncomingMessageHandler: type=UNICAST apsFrame={"profileId":260,"clusterId":1794,"sourceEndpoint":1,"destinationEndpoint":1,"options":320,"groupId":0,"sequence":56} packetInfo:{"senderShortId":7447,"senderLongId":"0xffffffffffffffff","bindingIndex":255,"addressIndex":255,"lastHopLqi":120,"lastHopRssi":-70,"lastHopTimestamp":0} messageContents=182c0100000025060b00000000
[2026-02-02 22:10:21] debug: 	zh:controller: Received payload: clusterID=1794, address=7447, groupID=0, endpoint=1, destinationEndpoint=1, wasBroadcast=false, linkQuality=120, frame={"header":{"frameControl":{"frameType":0,"manufacturerSpecific":false,"direction":1,"disableDefaultResponse":true,"reservedBits":0},"transactionSequenceNumber":44,"commandIdentifier":1},"payload":[{"attrId":0,"status":0,"dataType":37,"attrData":2822}],"command":{"ID":1,"name":"readRsp","parameters":[{"name":"attrId","type":9},{"name":"status","type":8},{"name":"dataType","type":8,"conditions":[{"type":"fieldEquals","field":"status","value":0}]},{"name":"attrData","type":1000,"conditions":[{"type":"fieldEquals","field":"status","value":0}]}]}}
[2026-02-02 22:10:21] debug: 	z2m: Received Zigbee message from 'Tuya Connected Outlet', type 'readResponse', cluster 'seMetering', data '{"currentSummDelivered":2822}' from endpoint 1 with groupID 0
[2026-02-02 22:10:21] info: 	z2m:mqtt: MQTT publish: topic 'zigbee2mqtt/Tuya Connected Outlet', payload '{"child_lock":"UNLOCK","countdown":0,"current":0.23,"energy":28.22,"indicator_mode":"off/on","linkquality":120,"power":45,"power_outage_memory":"off","state":"ON","update":{"installed_version":268514823,"latest_version":268514823,"state":"idle"},"voltage":235}'
[2026-02-02 22:10:26] debug: 	zh:ember:uart:ash: <--- [FRAME type=DATA]
[2026-02-02 22:10:26] debug: 	zh:ember:uart:ash: <--- [FRAME type=DATA ackNum=0](ackRx=0 frmTx=0)
[2026-02-02 22:10:26] debug: 	zh:ember:uart:ash: <--- [FRAME type=DATA ackNum=0 frmNum=0](frmRx=0) Added to rxQueue
[2026-02-02 22:10:26] debug: 	zh:ember:uart:ash: ---> [FRAME type=ACK frmRx=1](ackRx=0)
[2026-02-02 22:10:26] debug: 	zh:ember:ezsp: <=== [CBFRAME: ID=69:"INCOMING_MESSAGE_HANDLER" Seq=111 Len=32]
[2026-02-02 22:10:26] debug: 	zh:ember:ezsp: ezspIncomingMessageHandler: type=UNICAST apsFrame={"profileId":260,"clusterId":6,"sourceEndpoint":1,"destinationEndpoint":1,"options":256,"groupId":0,"sequence":57} packetInfo:{"senderShortId":7447,"senderLongId":"0xffffffffffffffff","bindingIndex":255,"addressIndex":255,"lastHopLqi":112,"lastHopRssi":-72,"lastHopTimestamp":0} messageContents=18a10a00001001
[2026-02-02 22:10:26] debug: 	zh:controller: Received payload: clusterID=6, address=7447, groupID=0, endpoint=1, destinationEndpoint=1, wasBroadcast=false, linkQuality=112, frame={"header":{"frameControl":{"frameType":0,"manufacturerSpecific":false,"direction":1,"disableDefaultResponse":true,"reservedBits":0},"transactionSequenceNumber":161,"commandIdentifier":10},"payload":[{"attrId":0,"dataType":16,"attrData":1}],"command":{"ID":10,"name":"report","parameters":[{"name":"attrId","type":9},{"name":"dataType","type":8},{"name":"attrData","type":1000}]}}
[2026-02-02 22:10:26] debug: 	z2m: Received Zigbee message from 'Tuya Connected Outlet', type 'attributeReport', cluster 'genOnOff', data '{"onOff":1}' from endpoint 1 with groupID 0
[2026-02-02 22:10:26] info: 	z2m:mqtt: MQTT publish: topic 'zigbee2mqtt/Tuya Connected Outlet', payload '{"child_lock":"UNLOCK","countdown":0,"current":0.23,"energy":28.22,"indicator_mode":"off/on","linkquality":112,"power":45,"power_outage_memory":"off","state":"ON","update":{"installed_version":268514823,"latest_version":268514823,"state":"idle"},"voltage":235}'
[2026-02-02 22:10:32] debug: 	zh:ember:uart:ash: <--- [FRAME type=DATA]
[2026-02-02 22:10:32] debug: 	zh:ember:uart:ash: <--- [FRAME type=DATA ackNum=0](ackRx=0 frmTx=0)
[2026-02-02 22:10:32] debug: 	zh:ember:uart:ash: <--- [FRAME type=DATA ackNum=0 frmNum=1](frmRx=1) Added to rxQueue
[2026-02-02 22:10:32] debug: 	zh:ember:uart:ash: ---> [FRAME type=ACK frmRx=2](ackRx=0)
[2026-02-02 22:10:32] debug: 	zh:ember:ezsp: <=== [CBFRAME: ID=69:"INCOMING_MESSAGE_HANDLER" Seq=111 Len=30]
[2026-02-02 22:10:32] debug: 	zh:ember:ezsp: ezspIncomingMessageHandler: type=UNICAST apsFrame={"profileId":260,"clusterId":10,"sourceEndpoint":1,"destinationEndpoint":1,"options":256,"groupId":0,"sequence":58} packetInfo:{"senderShortId":7447,"senderLongId":"0xffffffffffffffff","bindingIndex":255,"addressIndex":255,"lastHopLqi":108,"lastHopRssi":-73,"lastHopTimestamp":0} messageContents=10a2000700
[2026-02-02 22:10:32] debug: 	zh:controller: Received payload: clusterID=10, address=7447, groupID=0, endpoint=1, destinationEndpoint=1, wasBroadcast=false, linkQuality=108, frame={"header":{"frameControl":{"frameType":0,"manufacturerSpecific":false,"direction":0,"disableDefaultResponse":true,"reservedBits":0},"transactionSequenceNumber":162,"commandIdentifier":0},"payload":[{"attrId":7}],"command":{"ID":0,"name":"read","parameters":[{"name":"attrId","type":9}],"response":1}}
[2026-02-02 22:10:32] debug: 	zh:controller:endpoint: ZCL command 0xa4c138247a1a948b/1 genTime.readRsp({"localTime":823385432}, {"timeout":10000,"disableResponse":false,"disableRecovery":false,"disableDefaultResponse":true,"direction":1,"srcEndpoint":1,"reservedBits":0,"transactionSequenceNumber":162,"writeUndiv":false})
[2026-02-02 22:10:32] debug: 	zh:ember: ~~~> [ZCL to=0xa4c138247a1a948b:7447 apsFrame={"profileId":260,"clusterId":10,"sourceEndpoint":1,"destinationEndpoint":1,"options":4352,"groupId":0,"sequence":0} header={"frameControl":{"reservedBits":0,"frameType":0,"direction":1,"disableDefaultResponse":true,"manufacturerSpecific":false},"transactionSequenceNumber":162,"commandIdentifier":1}]
[2026-02-02 22:10:32] debug: 	zh:ember:ezsp: ===> [FRAME: ID=52:"SEND_UNICAST" Seq=112 Len=32]
[2026-02-02 22:10:32] debug: 	zh:ember:uart:ash: ---> [FRAME type=DATA frmTx=0 frmRx=2](ackRx=0)
[2026-02-02 22:10:32] debug: 	z2m: Received Zigbee message from 'Tuya Connected Outlet', type 'read', cluster 'genTime', data '["localTime"]' from endpoint 1 with groupID 0
[2026-02-02 22:10:32] debug: 	zh:ember:uart:ash: <--- [FRAME type=DATA]
[2026-02-02 22:10:32] debug: 	zh:ember:uart:ash: <--- [FRAME type=DATA ackNum=1](ackRx=0 frmTx=1)
[2026-02-02 22:10:32] debug: 	zh:ember:uart:ash: <--- [FRAME type=DATA ackNum=1 frmNum=2](frmRx=2) Added to rxQueue
[2026-02-02 22:10:32] debug: 	zh:ember:uart:ash: ---> [FRAME type=ACK frmRx=3](ackRx=1)
[2026-02-02 22:10:32] debug: 	zh:ember:ezsp: <=== [FRAME: ID=52:"SEND_UNICAST" Seq=112 Len=7]
[2026-02-02 22:10:32] debug: 	zh:ember:ezsp: ~~~> [SENT type=DIRECT apsSequence=109 messageTag=79 status=OK]
[2026-02-02 22:10:32] debug: 	zh:ember:uart:ash: <--- [FRAME type=DATA]
[2026-02-02 22:10:32] debug: 	zh:ember:uart:ash: <--- [FRAME type=DATA ackNum=1](ackRx=1 frmTx=1)
[2026-02-02 22:10:32] debug: 	zh:ember:uart:ash: <--- [FRAME type=DATA ackNum=1 frmNum=3](frmRx=3) Added to rxQueue
[2026-02-02 22:10:32] debug: 	zh:ember:uart:ash: ---> [FRAME type=ACK frmRx=4](ackRx=1)
[2026-02-02 22:10:32] debug: 	zh:ember:ezsp: <=== [CBFRAME: ID=63:"MESSAGE_SENT_HANDLER" Seq=112 Len=22]
[2026-02-02 22:10:32] debug: 	zh:ember:ezsp: ezspMessageSentHandler: status=OK type=DIRECT indexOrDestination=7447 apsFrame={"profileId":260,"clusterId":10,"sourceEndpoint":1,"destinationEndpoint":1,"options":4352,"groupId":0,"sequence":109} messageTag=79
[2026-02-02 22:11:04] debug: 	zh:ember:uart:ash: <--- [FRAME type=DATA]
[2026-02-02 22:11:04] debug: 	zh:ember:uart:ash: <--- [FRAME type=DATA ackNum=1](ackRx=1 frmTx=1)
[2026-02-02 22:11:04] debug: 	zh:ember:uart:ash: <--- [FRAME type=DATA ackNum=1 frmNum=4](frmRx=4) Added to rxQueue
[2026-02-02 22:11:04] debug: 	zh:ember:uart:ash: ---> [FRAME type=ACK frmRx=5](ackRx=1)
[2026-02-02 22:11:04] debug: 	zh:ember:ezsp: <=== [CBFRAME: ID=69:"INCOMING_MESSAGE_HANDLER" Seq=112 Len=37]
[2026-02-02 22:11:04] debug: 	zh:ember:ezsp: ezspIncomingMessageHandler: type=UNICAST apsFrame={"profileId":260,"clusterId":1794,"sourceEndpoint":1,"destinationEndpoint":1,"options":256,"groupId":0,"sequence":59} packetInfo:{"senderShortId":7447,"senderLongId":"0xffffffffffffffff","bindingIndex":255,"addressIndex":255,"lastHopLqi":108,"lastHopRssi":-73,"lastHopTimestamp":0} messageContents=18a30a000025060b00000000
[2026-02-02 22:11:04] debug: 	zh:controller: Received payload: clusterID=1794, address=7447, groupID=0, endpoint=1, destinationEndpoint=1, wasBroadcast=false, linkQuality=108, frame={"header":{"frameControl":{"frameType":0,"manufacturerSpecific":false,"direction":1,"disableDefaultResponse":true,"reservedBits":0},"transactionSequenceNumber":163,"commandIdentifier":10},"payload":[{"attrId":0,"dataType":37,"attrData":2822}],"command":{"ID":10,"name":"report","parameters":[{"name":"attrId","type":9},{"name":"dataType","type":8},{"name":"attrData","type":1000}]}}
[2026-02-02 22:11:04] debug: 	z2m: Received Zigbee message from 'Tuya Connected Outlet', type 'attributeReport', cluster 'seMetering', data '{"currentSummDelivered":2822}' from endpoint 1 with groupID 0
[2026-02-02 22:11:04] info: 	z2m:mqtt: MQTT publish: topic 'zigbee2mqtt/Tuya Connected Outlet', payload '{"child_lock":"UNLOCK","countdown":0,"current":0.23,"energy":28.22,"indicator_mode":"off/on","linkquality":108,"power":45,"power_outage_memory":"off","state":"ON","update":{"installed_version":268514823,"latest_version":268514823,"state":"idle"},"voltage":235}'
[2026-02-02 22:11:08] debug: 	zh:ember:uart:ash: <--- [FRAME type=DATA]
[2026-02-02 22:11:08] debug: 	zh:ember:uart:ash: <--- [FRAME type=DATA ackNum=1](ackRx=1 frmTx=1)
[2026-02-02 22:11:09] debug: 	zh:ember:uart:ash: <--- [FRAME type=DATA ackNum=1 frmNum=5](frmRx=5) Added to rxQueue
[2026-02-02 22:11:09] debug: 	zh:ember:uart:ash: ---> [FRAME type=ACK frmRx=6](ackRx=1)
[2026-02-02 22:11:09] debug: 	zh:ember:ezsp: <=== [CBFRAME: ID=125:"INCOMING_MANY_TO_ONE_ROUTE_REQUEST_HANDLER" Seq=112 Len=16]
[2026-02-02 22:11:09] debug: 	zh:ember:ezsp: ezspIncomingManyToOneRouteRequestHandler: source=40200 longId=0x842712fffedb8ddb cost=1
[2026-02-02 22:11:20] debug: 	z2m:mqtt: Received MQTT message on 'homeassistant/status' with data 'online'
[2026-02-02 22:11:21] debug: 	zh:controller:endpoint: ZCL command 0xa4c138247a1a948b/1 haElectricalMeasurement.read(["rmsVoltage","rmsCurrent","activePower"], {"timeout":10000,"disableResponse":false,"disableRecovery":false,"disableDefaultResponse":true,"direction":0,"reservedBits":0,"writeUndiv":false})
[2026-02-02 22:11:21] debug: 	zh:ember: ~~~> [ZCL to=0xa4c138247a1a948b:7447 apsFrame={"profileId":260,"clusterId":2820,"sourceEndpoint":1,"destinationEndpoint":1,"options":4416,"groupId":0,"sequence":0} header={"frameControl":{"reservedBits":0,"frameType":0,"direction":0,"disableDefaultResponse":true,"manufacturerSpecific":false},"transactionSequenceNumber":45,"commandIdentifier":0}]
[2026-02-02 22:11:21] debug: 	zh:ember:ezsp: ===> [FRAME: ID=52:"SEND_UNICAST" Seq=113 Len=30]
[2026-02-02 22:11:21] debug: 	zh:ember:uart:ash: ---> [FRAME type=DATA frmTx=1 frmRx=6](ackRx=1)
[2026-02-02 22:11:21] debug: 	zh:ember:uart:ash: <--- [FRAME type=DATA]
[2026-02-02 22:11:21] debug: 	zh:ember:uart:ash: <--- [FRAME type=DATA ackNum=2](ackRx=1 frmTx=2)
[2026-02-02 22:11:21] debug: 	zh:ember:uart:ash: <--- [FRAME type=DATA ackNum=2 frmNum=6](frmRx=6) Added to rxQueue
[2026-02-02 22:11:21] debug: 	zh:ember:uart:ash: ---> [FRAME type=ACK frmRx=7](ackRx=2)
[2026-02-02 22:11:21] debug: 	zh:ember:ezsp: <=== [FRAME: ID=52:"SEND_UNICAST" Seq=113 Len=7]
[2026-02-02 22:11:21] debug: 	zh:ember:ezsp: ~~~> [SENT type=DIRECT apsSequence=110 messageTag=80 status=OK]
[2026-02-02 22:11:21] debug: 	zh:ember:uart:ash: <--- [FRAME type=DATA]
[2026-02-02 22:11:21] debug: 	zh:ember:uart:ash: <--- [FRAME type=DATA ackNum=2](ackRx=2 frmTx=2)
[2026-02-02 22:11:21] debug: 	zh:ember:uart:ash: <--- [FRAME type=DATA ackNum=2 frmNum=7](frmRx=7) Added to rxQueue
[2026-02-02 22:11:21] debug: 	zh:ember:uart:ash: ---> [FRAME type=ACK frmRx=0](ackRx=2)
[2026-02-02 22:11:21] debug: 	zh:ember:ezsp: <=== [CBFRAME: ID=89:"INCOMING_ROUTE_RECORD_HANDLER" Seq=113 Len=18]
[2026-02-02 22:11:21] debug: 	zh:ember:ezsp: ezspIncomingRouteRecordHandler: source=7447 sourceEui=0xa4c138247a1a948b lastHopLqi=120 lastHopRssi=-70 relayCount=0 relayList=
[2026-02-02 22:11:21] debug: 	zh:ember:uart:ash: <--- [FRAME type=DATA]
[2026-02-02 22:11:21] debug: 	zh:ember:uart:ash: <--- [FRAME type=DATA ackNum=2](ackRx=2 frmTx=2)
[2026-02-02 22:11:21] debug: 	zh:ember:uart:ash: <--- [FRAME type=DATA ackNum=2 frmNum=0](frmRx=0) Added to rxQueue
[2026-02-02 22:11:21] debug: 	zh:ember:uart:ash: ---> [FRAME type=ACK frmRx=1](ackRx=2)
[2026-02-02 22:11:21] debug: 	zh:ember:ezsp: <=== [CBFRAME: ID=63:"MESSAGE_SENT_HANDLER" Seq=113 Len=22]
[2026-02-02 22:11:21] debug: 	zh:ember:ezsp: ezspMessageSentHandler: status=OK type=DIRECT indexOrDestination=7447 apsFrame={"profileId":260,"clusterId":2820,"sourceEndpoint":1,"destinationEndpoint":1,"options":4416,"groupId":0,"sequence":110} messageTag=80
[2026-02-02 22:11:21] debug: 	zh:ember:uart:ash: <--- [FRAME type=DATA]
[2026-02-02 22:11:21] debug: 	zh:ember:uart:ash: <--- [FRAME type=DATA ackNum=2](ackRx=2 frmTx=2)
[2026-02-02 22:11:21] debug: 	zh:ember:uart:ash: <--- [FRAME type=DATA ackNum=2 frmNum=1](frmRx=1) Added to rxQueue
[2026-02-02 22:11:21] debug: 	zh:ember:uart:ash: ---> [FRAME type=ACK frmRx=2](ackRx=2)
[2026-02-02 22:11:21] debug: 	zh:ember:ezsp: <=== [CBFRAME: ID=69:"INCOMING_MESSAGE_HANDLER" Seq=113 Len=46]
[2026-02-02 22:11:21] debug: 	zh:ember:ezsp: ezspIncomingMessageHandler: type=UNICAST apsFrame={"profileId":260,"clusterId":2820,"sourceEndpoint":1,"destinationEndpoint":1,"options":320,"groupId":0,"sequence":60} packetInfo:{"senderShortId":7447,"senderLongId":"0xffffffffffffffff","bindingIndex":255,"addressIndex":255,"lastHopLqi":116,"lastHopRssi":-71,"lastHopTimestamp":0} messageContents=182d0105050021ea0008050021dd000b0500212b00
[2026-02-02 22:11:21] debug: 	zh:controller: Received payload: clusterID=2820, address=7447, groupID=0, endpoint=1, destinationEndpoint=1, wasBroadcast=false, linkQuality=116, frame={"header":{"frameControl":{"frameType":0,"manufacturerSpecific":false,"direction":1,"disableDefaultResponse":true,"reservedBits":0},"transactionSequenceNumber":45,"commandIdentifier":1},"payload":[{"attrId":1285,"status":0,"dataType":33,"attrData":234},{"attrId":1288,"status":0,"dataType":33,"attrData":221},{"attrId":1291,"status":0,"dataType":33,"attrData":43}],"command":{"ID":1,"name":"readRsp","parameters":[{"name":"attrId","type":9},{"name":"status","type":8},{"name":"dataType","type":8,"conditions":[{"type":"fieldEquals","field":"status","value":0}]},{"name":"attrData","type":1000,"conditions":[{"type":"fieldEquals","field":"status","value":0}]}]}}
[2026-02-02 22:11:21] debug: 	z2m: Received Zigbee message from 'Tuya Connected Outlet', type 'readResponse', cluster 'haElectricalMeasurement', data '{"activePower":43,"rmsCurrent":221,"rmsVoltage":234}' from endpoint 1 with groupID 0
[2026-02-02 22:11:21] info: 	z2m:mqtt: MQTT publish: topic 'zigbee2mqtt/Tuya Connected Outlet', payload '{"child_lock":"UNLOCK","countdown":0,"current":0.22,"energy":28.22,"indicator_mode":"off/on","linkquality":116,"power":43,"power_outage_memory":"off","state":"ON","update":{"installed_version":268514823,"latest_version":268514823,"state":"idle"},"voltage":234}'
[2026-02-02 22:11:21] debug: 	zh:controller:endpoint: ZCL command 0xa4c138247a1a948b/1 seMetering.read(["currentSummDelivered"], {"timeout":10000,"disableResponse":false,"disableRecovery":false,"disableDefaultResponse":true,"direction":0,"reservedBits":0,"writeUndiv":false})
[2026-02-02 22:11:21] debug: 	zh:ember: ~~~> [ZCL to=0xa4c138247a1a948b:7447 apsFrame={"profileId":260,"clusterId":1794,"sourceEndpoint":1,"destinationEndpoint":1,"options":4416,"groupId":0,"sequence":0} header={"frameControl":{"reservedBits":0,"frameType":0,"direction":0,"disableDefaultResponse":true,"manufacturerSpecific":false},"transactionSequenceNumber":46,"commandIdentifier":0}]
[2026-02-02 22:11:21] debug: 	zh:ember:ezsp: ===> [FRAME: ID=52:"SEND_UNICAST" Seq=114 Len=26]
[2026-02-02 22:11:21] debug: 	zh:ember:uart:ash: ---> [FRAME type=DATA frmTx=2 frmRx=2](ackRx=2)
[2026-02-02 22:11:21] debug: 	zh:ember:uart:ash: <--- [FRAME type=DATA]
[2026-02-02 22:11:21] debug: 	zh:ember:uart:ash: <--- [FRAME type=DATA ackNum=3](ackRx=2 frmTx=3)
[2026-02-02 22:11:21] debug: 	zh:ember:uart:ash: <--- [FRAME type=DATA ackNum=3 frmNum=2](frmRx=2) Added to rxQueue
[2026-02-02 22:11:21] debug: 	zh:ember:uart:ash: ---> [FRAME type=ACK frmRx=3](ackRx=3)
[2026-02-02 22:11:21] debug: 	zh:ember:ezsp: <=== [FRAME: ID=52:"SEND_UNICAST" Seq=114 Len=7]
[2026-02-02 22:11:21] debug: 	zh:ember:ezsp: ~~~> [SENT type=DIRECT apsSequence=111 messageTag=81 status=OK]
[2026-02-02 22:11:21] debug: 	zh:ember:uart:ash: <--- [FRAME type=DATA]
[2026-02-02 22:11:21] debug: 	zh:ember:uart:ash: <--- [FRAME type=DATA ackNum=3](ackRx=3 frmTx=3)
[2026-02-02 22:11:21] debug: 	zh:ember:uart:ash: <--- [FRAME type=DATA ackNum=3 frmNum=3](frmRx=3) Added to rxQueue
[2026-02-02 22:11:21] debug: 	zh:ember:uart:ash: ---> [FRAME type=ACK frmRx=4](ackRx=3)
[2026-02-02 22:11:21] debug: 	zh:ember:ezsp: <=== [CBFRAME: ID=63:"MESSAGE_SENT_HANDLER" Seq=114 Len=22]
[2026-02-02 22:11:21] debug: 	zh:ember:ezsp: ezspMessageSentHandler: status=OK type=DIRECT indexOrDestination=7447 apsFrame={"profileId":260,"clusterId":1794,"sourceEndpoint":1,"destinationEndpoint":1,"options":4416,"groupId":0,"sequence":111} messageTag=81
[2026-02-02 22:11:21] debug: 	zh:ember:uart:ash: <--- [FRAME type=DATA]
[2026-02-02 22:11:21] debug: 	zh:ember:uart:ash: <--- [FRAME type=DATA ackNum=3](ackRx=3 frmTx=3)
[2026-02-02 22:11:21] debug: 	zh:ember:uart:ash: <--- [FRAME type=DATA ackNum=3 frmNum=4](frmRx=4) Added to rxQueue
[2026-02-02 22:11:21] debug: 	zh:ember:uart:ash: ---> [FRAME type=ACK frmRx=5](ackRx=3)
[2026-02-02 22:11:21] debug: 	zh:ember:ezsp: <=== [CBFRAME: ID=69:"INCOMING_MESSAGE_HANDLER" Seq=114 Len=38]
[2026-02-02 22:11:21] debug: 	zh:ember:ezsp: ezspIncomingMessageHandler: type=UNICAST apsFrame={"profileId":260,"clusterId":1794,"sourceEndpoint":1,"destinationEndpoint":1,"options":320,"groupId":0,"sequence":61} packetInfo:{"senderShortId":7447,"senderLongId":"0xffffffffffffffff","bindingIndex":255,"addressIndex":255,"lastHopLqi":116,"lastHopRssi":-71,"lastHopTimestamp":0} messageContents=182e0100000025060b00000000
[2026-02-02 22:11:21] debug: 	zh:controller: Received payload: clusterID=1794, address=7447, groupID=0, endpoint=1, destinationEndpoint=1, wasBroadcast=false, linkQuality=116, frame={"header":{"frameControl":{"frameType":0,"manufacturerSpecific":false,"direction":1,"disableDefaultResponse":true,"reservedBits":0},"transactionSequenceNumber":46,"commandIdentifier":1},"payload":[{"attrId":0,"status":0,"dataType":37,"attrData":2822}],"command":{"ID":1,"name":"readRsp","parameters":[{"name":"attrId","type":9},{"name":"status","type":8},{"name":"dataType","type":8,"conditions":[{"type":"fieldEquals","field":"status","value":0}]},{"name":"attrData","type":1000,"conditions":[{"type":"fieldEquals","field":"status","value":0}]}]}}
[2026-02-02 22:11:21] debug: 	z2m: Received Zigbee message from 'Tuya Connected Outlet', type 'readResponse', cluster 'seMetering', data '{"currentSummDelivered":2822}' from endpoint 1 with groupID 0
[2026-02-02 22:11:21] info: 	z2m:mqtt: MQTT publish: topic 'zigbee2mqtt/Tuya Connected Outlet', payload '{"child_lock":"UNLOCK","countdown":0,"current":0.22,"energy":28.22,"indicator_mode":"off/on","linkquality":116,"power":43,"power_outage_memory":"off","state":"ON","update":{"installed_version":268514823,"latest_version":268514823,"state":"idle"},"voltage":234}'
[2026-02-02 22:11:42] debug: 	z2m: Saving state to file /config/zigbee2mqtt/state.json
[2026-02-02 22:11:42] info: 	z2m:mqtt: MQTT publish: topic 'zigbee2mqtt/bridge/state', payload '{"state":"offline"}'
[2026-02-02 22:11:42] info: 	z2m: Disconnecting from MQTT server
[2026-02-02 22:11:42] info: 	z2m: Stopping zigbee-herdsman...
[2026-02-02 22:11:42] debug: 	zh:controller: Disable joining
[2026-02-02 22:11:42] debug: 	zh:ember: ~~~> [ZCL BROADCAST apsFrame={"profileId":41440,"clusterId":33,"sourceEndpoint":242,"destinationEndpoint":242,"options":4416,"groupId":65533,"sequence":0} header={"frameControl":{"reservedBits":0,"frameType":1,"direction":1,"disableDefaultResponse":true,"manufacturerSpecific":false},"transactionSequenceNumber":47,"commandIdentifier":2}]
[2026-02-02 22:11:42] debug: 	zh:ember:ezsp: ===> [FRAME: ID=54:"SEND_BROADCAST" Seq=115 Len=27]
[2026-02-02 22:11:42] debug: 	zh:ember:uart:ash: ---> [FRAME type=DATA frmTx=3 frmRx=5](ackRx=3)
[2026-02-02 22:11:42] debug: 	zh:ember:uart:ash: <--- [FRAME type=DATA]
[2026-02-02 22:11:42] debug: 	zh:ember:uart:ash: <--- [FRAME type=DATA ackNum=4](ackRx=3 frmTx=4)
[2026-02-02 22:11:42] debug: 	zh:ember:uart:ash: <--- [FRAME type=DATA ackNum=4 frmNum=5](frmRx=5) Added to rxQueue
[2026-02-02 22:11:42] debug: 	zh:ember:uart:ash: ---> [FRAME type=ACK frmRx=6](ackRx=4)
[2026-02-02 22:11:42] debug: 	zh:ember:ezsp: <=== [FRAME: ID=54:"SEND_BROADCAST" Seq=115 Len=7]
[2026-02-02 22:11:42] debug: 	zh:ember:ezsp: ~~~> [SENT type=BROADCAST apsSequence=112 messageTag=82 status=OK]
[2026-02-02 22:11:42] debug: 	zh:ember:uart:ash: <--- [FRAME type=DATA]
[2026-02-02 22:11:42] debug: 	zh:ember:uart:ash: <--- [FRAME type=DATA ackNum=4](ackRx=4 frmTx=4)
[2026-02-02 22:11:42] debug: 	zh:ember:uart:ash: <--- [FRAME type=DATA ackNum=4 frmNum=6](frmRx=6) Added to rxQueue
[2026-02-02 22:11:42] debug: 	zh:ember:uart:ash: ---> [FRAME type=ACK frmRx=7](ackRx=4)
[2026-02-02 22:11:42] debug: 	zh:ember:ezsp: <=== [CBFRAME: ID=69:"INCOMING_MESSAGE_HANDLER" Seq=115 Len=30]
[2026-02-02 22:11:42] debug: 	zh:ember:ezsp: ezspIncomingMessageHandler: type=BROADCAST_LOOPBACK apsFrame={"profileId":41440,"clusterId":33,"sourceEndpoint":242,"destinationEndpoint":242,"options":256,"groupId":0,"sequence":112} packetInfo:{"senderShortId":0,"senderLongId":"0xffffffffffffffff","bindingIndex":255,"addressIndex":255,"lastHopLqi":255,"lastHopRssi":0,"lastHopTimestamp":0} messageContents=192f020a0000
[2026-02-02 22:11:43] debug: 	zh:ember:ezsp: ===> [FRAME: ID=107:"CLEAR_TRANSIENT_LINK_KEYS" Seq=116 Len=5]
[2026-02-02 22:11:43] debug: 	zh:ember:uart:ash: ---> [FRAME type=DATA frmTx=4 frmRx=7](ackRx=4)
[2026-02-02 22:11:43] debug: 	zh:ember:uart:ash: <--- [FRAME type=DATA]
[2026-02-02 22:11:43] debug: 	zh:ember:uart:ash: <--- [FRAME type=DATA ackNum=5](ackRx=4 frmTx=5)
[2026-02-02 22:11:43] debug: 	zh:ember:uart:ash: <--- [FRAME type=DATA ackNum=5 frmNum=7](frmRx=7) Added to rxQueue
[2026-02-02 22:11:43] debug: 	zh:ember:uart:ash: ---> [FRAME type=ACK frmRx=0](ackRx=5)
[2026-02-02 22:11:43] debug: 	zh:ember:ezsp: <=== [FRAME: ID=107:"CLEAR_TRANSIENT_LINK_KEYS" Seq=116 Len=5]
[2026-02-02 22:11:43] debug: 	zh:ember:ezsp: ===> [FRAME: ID=85:"SET_POLICY" Seq=117 Len=7]
[2026-02-02 22:11:43] debug: 	zh:ember:uart:ash: ---> [FRAME type=DATA frmTx=5 frmRx=0](ackRx=5)
[2026-02-02 22:11:43] debug: 	zh:ember:uart:ash: <--- [FRAME type=DATA]
[2026-02-02 22:11:43] debug: 	zh:ember:uart:ash: <--- [FRAME type=DATA ackNum=6](ackRx=5 frmTx=6)
[2026-02-02 22:11:43] debug: 	zh:ember:uart:ash: <--- [FRAME type=DATA ackNum=6 frmNum=0](frmRx=0) Added to rxQueue
[2026-02-02 22:11:43] debug: 	zh:ember:uart:ash: ---> [FRAME type=ACK frmRx=1](ackRx=6)
[2026-02-02 22:11:43] debug: 	zh:ember:ezsp: <=== [FRAME: ID=85:"SET_POLICY" Seq=117 Len=6]
[2026-02-02 22:11:43] debug: 	zh:ember: [EzspPolicyId] SET 'TRUST_CENTER_POLICY' TO '2' with status=OK.
[2026-02-02 22:11:43] debug: 	zh:ember:ezsp: ===> [FRAME: ID=34:"PERMIT_JOINING" Seq=118 Len=6]
[2026-02-02 22:11:43] debug: 	zh:ember:uart:ash: ---> [FRAME type=DATA frmTx=6 frmRx=1](ackRx=6)
[2026-02-02 22:11:43] debug: 	zh:ember:uart:ash: <--- [FRAME type=DATA]
[2026-02-02 22:11:43] debug: 	zh:ember:uart:ash: <--- [FRAME type=DATA ackNum=7](ackRx=6 frmTx=7)
[2026-02-02 22:11:43] debug: 	zh:ember:uart:ash: <--- [FRAME type=DATA ackNum=7 frmNum=1](frmRx=1) Added to rxQueue
[2026-02-02 22:11:43] debug: 	zh:ember:uart:ash: ---> [FRAME type=ACK frmRx=2](ackRx=7)
[2026-02-02 22:11:43] debug: 	zh:ember:ezsp: <=== [FRAME: ID=34:"PERMIT_JOINING" Seq=118 Len=6]
[2026-02-02 22:11:43] debug: 	zh:ember: Permit joining on coordinator for 0 sec.
[2026-02-02 22:11:43] debug: 	zh:ember: ~~~> [ZDO PERMIT_JOINING_REQUEST BROADCAST to=65532 messageTag=1 payload=010001]
[2026-02-02 22:11:43] debug: 	zh:ember:ezsp: ===> [FRAME: ID=54:"SEND_BROADCAST" Seq=119 Len=24]
[2026-02-02 22:11:43] debug: 	zh:ember:uart:ash: ---> [FRAME type=DATA frmTx=7 frmRx=2](ackRx=7)
[2026-02-02 22:11:43] debug: 	zh:ember:uart:ash: <--- [FRAME type=DATA]
[2026-02-02 22:11:43] debug: 	zh:ember:uart:ash: <--- [FRAME type=DATA ackNum=0](ackRx=7 frmTx=0)
[2026-02-02 22:11:43] debug: 	zh:ember:uart:ash: <--- [FRAME type=DATA ackNum=0 frmNum=2](frmRx=2) Added to rxQueue
[2026-02-02 22:11:43] debug: 	zh:ember:uart:ash: ---> [FRAME type=ACK frmRx=3](ackRx=0)
[2026-02-02 22:11:43] debug: 	zh:ember:ezsp: <=== [FRAME: ID=54:"SEND_BROADCAST" Seq=119 Len=7]
[2026-02-02 22:11:43] debug: 	zh:ember: ~~~> [SENT ZDO BROADCAST messageTag=1 apsSequence=113 status=OK]
[2026-02-02 22:11:43] debug: 	zh:controller:database: Writing database to '/config/zigbee2mqtt/database.db'
[2026-02-02 22:11:43] debug: 	zh:controller: Creating coordinator backup
[2026-02-02 22:11:43] debug: 	zh:ember:ezsp: ===> [FRAME: ID=40:"GET_NETWORK_PARAMETERS" Seq=120 Len=5]
[2026-02-02 22:11:43] debug: 	zh:ember:uart:ash: ---> [FRAME type=DATA frmTx=0 frmRx=3](ackRx=0)
[2026-02-02 22:11:43] debug: 	zh:ember:uart:ash: <--- [FRAME type=DATA]
[2026-02-02 22:11:43] debug: 	zh:ember:uart:ash: <--- [FRAME type=DATA ackNum=1](ackRx=0 frmTx=1)
[2026-02-02 22:11:43] debug: 	zh:ember:uart:ash: <--- [FRAME type=DATA ackNum=1 frmNum=3](frmRx=3) Added to rxQueue
[2026-02-02 22:11:43] debug: 	zh:ember:uart:ash: ---> [FRAME type=ACK frmRx=4](ackRx=1)
[2026-02-02 22:11:43] debug: 	zh:ember:ezsp: <=== [FRAME: ID=40:"GET_NETWORK_PARAMETERS" Seq=120 Len=27]
[2026-02-02 22:11:43] debug: 	zh:ember:ezsp: ===> [FRAME: ID=38:"GET_EUI64" Seq=121 Len=5]
[2026-02-02 22:11:43] debug: 	zh:ember:uart:ash: ---> [FRAME type=DATA frmTx=1 frmRx=4](ackRx=1)
[2026-02-02 22:11:43] debug: 	zh:ember:uart:ash: <--- [FRAME type=DATA]
[2026-02-02 22:11:43] debug: 	zh:ember:uart:ash: <--- [FRAME type=DATA ackNum=2](ackRx=1 frmTx=2)
[2026-02-02 22:11:43] debug: 	zh:ember:uart:ash: <--- [FRAME type=DATA ackNum=2 frmNum=4](frmRx=4) Added to rxQueue
[2026-02-02 22:11:43] debug: 	zh:ember:uart:ash: ---> [FRAME type=ACK frmRx=5](ackRx=2)
[2026-02-02 22:11:43] debug: 	zh:ember:ezsp: <=== [FRAME: ID=38:"GET_EUI64" Seq=121 Len=13]
[2026-02-02 22:11:43] debug: 	zh:ember:ezsp: ===> [FRAME: ID=278:"GET_NETWORK_KEY_INFO" Seq=122 Len=5]
[2026-02-02 22:11:43] debug: 	zh:ember:uart:ash: ---> [FRAME type=DATA frmTx=2 frmRx=5](ackRx=2)
[2026-02-02 22:11:43] debug: 	zh:ember:uart:ash: <--- [FRAME type=DATA]
[2026-02-02 22:11:43] debug: 	zh:ember:uart:ash: <--- [FRAME type=DATA ackNum=3](ackRx=2 frmTx=3)
[2026-02-02 22:11:43] debug: 	zh:ember:uart:ash: <--- [FRAME type=DATA ackNum=3 frmNum=5](frmRx=5) Added to rxQueue
[2026-02-02 22:11:43] debug: 	zh:ember:uart:ash: ---> [FRAME type=ACK frmRx=6](ackRx=3)
[2026-02-02 22:11:43] debug: 	zh:ember:ezsp: <=== [FRAME: ID=278:"GET_NETWORK_KEY_INFO" Seq=122 Len=17]
[2026-02-02 22:11:43] debug: 	zh:ember:ezsp: ===> [FRAME: ID=276:"EXPORT_KEY" Seq=123 Len=23]
[2026-02-02 22:11:43] debug: 	zh:ember:uart:ash: ---> [FRAME type=DATA frmTx=3 frmRx=6](ackRx=3)
[2026-02-02 22:11:43] debug: 	zh:ember:uart:ash: <--- [FRAME type=DATA]
[2026-02-02 22:11:43] debug: 	zh:ember:uart:ash: <--- [FRAME type=DATA ackNum=4](ackRx=3 frmTx=4)
[2026-02-02 22:11:43] debug: 	zh:ember:uart:ash: <--- [FRAME type=DATA ackNum=4 frmNum=6](frmRx=6) Added to rxQueue
[2026-02-02 22:11:43] debug: 	zh:ember:uart:ash: ---> [FRAME type=ACK frmRx=7](ackRx=4)
[2026-02-02 22:11:43] debug: 	zh:ember:ezsp: <=== [FRAME: ID=276:"EXPORT_KEY" Seq=123 Len=25]
[2026-02-02 22:11:43] debug: 	zh:ember:ezsp: ===> [FRAME: ID=276:"EXPORT_KEY" Seq=124 Len=23]
[2026-02-02 22:11:43] debug: 	zh:ember:uart:ash: ---> [FRAME type=DATA frmTx=4 frmRx=7](ackRx=4)
[2026-02-02 22:11:43] debug: 	zh:ember:uart:ash: <--- [FRAME type=DATA]
[2026-02-02 22:11:43] debug: 	zh:ember:uart:ash: <--- [FRAME type=DATA ackNum=5](ackRx=4 frmTx=5)
[2026-02-02 22:11:43] debug: 	zh:ember:uart:ash: <--- [FRAME type=DATA ackNum=5 frmNum=7](frmRx=7) Added to rxQueue
[2026-02-02 22:11:43] debug: 	zh:ember:uart:ash: ---> [FRAME type=ACK frmRx=0](ackRx=5)
[2026-02-02 22:11:43] debug: 	zh:ember:ezsp: <=== [FRAME: ID=276:"EXPORT_KEY" Seq=124 Len=25]
[2026-02-02 22:11:43] info: 	zh:controller: Wrote coordinator backup to '/config/zigbee2mqtt/coordinator_backup.json'
[2026-02-02 22:11:43] info: 	zh:ember:uart:ash: ASH COUNTERS since last clear:
[2026-02-02 22:11:43] info: 	zh:ember:uart:ash:   Total frames: RX=396, TX=522
[2026-02-02 22:11:43] info: 	zh:ember:uart:ash:   Cancelled   : RX=0, TX=0
[2026-02-02 22:11:43] info: 	zh:ember:uart:ash:   DATA frames : RX=392, TX=125
[2026-02-02 22:11:43] info: 	zh:ember:uart:ash:   DATA bytes  : RX=7761, TX=2603
[2026-02-02 22:11:43] info: 	zh:ember:uart:ash:   Retry frames: RX=3, TX=0
[2026-02-02 22:11:43] info: 	zh:ember:uart:ash:   ACK frames  : RX=0, TX=396
[2026-02-02 22:11:43] info: 	zh:ember:uart:ash:   NAK frames  : RX=0, TX=0
[2026-02-02 22:11:43] info: 	zh:ember:uart:ash:   nRdy frames : RX=0, TX=0
[2026-02-02 22:11:43] info: 	zh:ember:uart:ash:   CRC errors      : RX=0
[2026-02-02 22:11:43] info: 	zh:ember:uart:ash:   Comm errors     : RX=0
[2026-02-02 22:11:43] info: 	zh:ember:uart:ash:   Length < minimum: RX=0
[2026-02-02 22:11:43] info: 	zh:ember:uart:ash:   Length > maximum: RX=0
[2026-02-02 22:11:43] info: 	zh:ember:uart:ash:   Bad controls    : RX=0
[2026-02-02 22:11:43] info: 	zh:ember:uart:ash:   Bad lengths     : RX=0
[2026-02-02 22:11:43] info: 	zh:ember:uart:ash:   Bad ACK numbers : RX=0
[2026-02-02 22:11:43] info: 	zh:ember:uart:ash:   Out of buffers  : RX=0
[2026-02-02 22:11:43] info: 	zh:ember:uart:ash:   Retry dupes     : RX=3
[2026-02-02 22:11:43] info: 	zh:ember:uart:ash:   Out of sequence : RX=0
[2026-02-02 22:11:43] info: 	zh:ember:uart:ash:   ACK timeouts    : RX=0
[2026-02-02 22:11:43] info: 	zh:ember:uart:ash: Port closed, error=null
[2026-02-02 22:11:43] info: 	zh:ember:uart:ash: ======== ASH stopped ========
[2026-02-02 22:11:43] info: 	zh:ember:ezsp: ======== EZSP stopped ========
[2026-02-02 22:11:43] info: 	zh:ember: ======== Ember Adapter Stopped ========
[2026-02-02 22:11:43] info: 	z2m: Stopped zigbee-herdsman
[2026-02-02 22:11:43] info: 	z2m: Stopped Zigbee2MQTT
